seconds_elapsed,location_latitude,location_longitude,location_local_time,accelerometer_z,accelerometer_y_new,accelerometer_x_new,L2_norm
1,44.94011,-93.167196,2025-04-04T03:47:31Z,-0.125385,0.044947,-0.64429,0.6579143068318244
2,44.940112,-93.167258,2025-04-04T03:47:32Z,0.005362,-0.0377,-0.07059,0.0802059171383259
3,44.940112,-93.167328,2025-04-04T03:47:33Z,0.356712,0.040121,-0.018814,0.3594539082844975
4,44.940114,-93.167411,2025-04-04T03:47:34Z,0.419512,0.114845,0.109641,0.44855416735328635
5,44.940112,-93.167498,2025-04-04T03:47:35Z,0.368983,0.084042,0.051424,0.38191090561674196
6,44.940115,-93.167607,2025-04-04T03:47:36Z,0.272478,-0.088474,0.1183,0.30994644563214463
7,44.940118,-93.167716,2025-04-04T03:47:37Z,0.010332,0.055137,0.10321,0.11746975394968698
8,44.940121,-93.167844,2025-04-04T03:47:38Z,-0.349448,-0.063144,0.212836,0.4140051114853535
9,44.940121,-93.167974,2025-04-04T03:47:39Z,-0.471634,-0.169091,0.288325,0.57806721223574
10,44.94012,-93.168097,2025-04-04T03:47:40Z,-0.430648,-0.076742,0.294111,0.5271131897315794
11,44.940119,-93.168219,2025-04-04T03:47:41Z,-0.369158,-0.139462,0.263472,0.4744942288289711
12,44.940116,-93.168341,2025-04-04T03:47:42Z,-0.244403,-0.044406,0.183986,0.3091206357411294
13,44.940114,-93.168468,2025-04-04T03:47:43Z,-0.060378,-0.058272,0.15466,0.17595693924366837
14,44.940116,-93.168594,2025-04-04T03:47:44Z,-0.086995,0.007524,0.115159,0.14452105688099573
15,44.940116,-93.168725,2025-04-04T03:47:45Z,-0.006057,-0.081844,0.142087,0.16408486570674333
16,44.940116,-93.168858,2025-04-04T03:47:46Z,-0.15686,-0.029952,0.175667,0.2374048794633337
17,44.940117,-93.168997,2025-04-04T03:47:47Z,-0.226132,-0.099556,0.135053,0.2815783929370292
18,44.940118,-93.169132,2025-04-04T03:47:48Z,-0.21717,-0.063523,0.096411,0.2459533723086553
19,44.940118,-93.169273,2025-04-04T03:47:49Z,-0.205163,0.014814,0.111233,0.2338462987819136
20,44.940119,-93.169417,2025-04-04T03:47:50Z,-0.241031,-0.051981,0.129394,0.2784614417796475
21,44.940116,-93.169556,2025-04-04T03:47:51Z,-0.373225,-0.166702,0.147997,0.43472930593416403
22,44.940115,-93.169696,2025-04-04T03:47:52Z,-0.277863,0.072153,0.138348,0.3186754952643833
23,44.940116,-93.169835,2025-04-04T03:47:53Z,-0.131107,-0.109656,0.225178,0.28269880698191846
24,44.940117,-93.169973,2025-04-04T03:47:54Z,-0.144237,-0.030135,0.050151,0.15565202599066932
25,44.940118,-93.170109,2025-04-04T03:47:55Z,-0.09902,-0.017957,0.04863,0.11176891852836368
26,44.940118,-93.170246,2025-04-04T03:47:56Z,-0.061258,-0.016657,0.01264,0.06472841580789693
27,44.940118,-93.170384,2025-04-04T03:47:57Z,-0.04873,-0.063247,0.049183,0.09377506810448073
28,44.940118,-93.170522,2025-04-04T03:47:58Z,-0.069568,0.031146,0.072812,0.10541047046664767
29,44.940118,-93.170661,2025-04-04T03:47:59Z,0.036074,0.01251,0.130522,0.1359920073386668
30,44.940119,-93.170799,2025-04-04T03:48:00Z,-0.069102,-0.142603,-5.3e-5,0.15846357569485803
31,44.94012,-93.170938,2025-04-04T03:48:01Z,-0.046186,0.05853,0.070665,0.10272511728394375
32,44.940119,-93.171076,2025-04-04T03:48:02Z,-0.038773,-0.06338,0.134066,0.15327772925314362
33,44.940118,-93.171214,2025-04-04T03:48:03Z,-0.085894,0.016726,-0.008797,0.08794842534690431
34,44.94012,-93.171354,2025-04-04T03:48:04Z,-0.051611,-0.028509,-0.183764,0.1929913627549171
35,44.940122,-93.171494,2025-04-04T03:48:05Z,0.022299,-0.021983,0.049571,0.05863259955860732
36,44.94012,-93.171634,2025-04-04T03:48:06Z,0.04785,0.045429,-1.81e-4,0.0659806737007133
37,44.940118,-93.171773,2025-04-04T03:48:07Z,0.028572,-0.001137,0.090927,0.09531721398572243
38,44.940119,-93.171915,2025-04-04T03:48:08Z,0.07586,-0.045078,0.020076,0.09049757709463828
39,44.940118,-93.172058,2025-04-04T03:48:09Z,0.007885,0.138328,0.001891,0.13856545272902623
40,44.940118,-93.1722,2025-04-04T03:48:10Z,0.110634,-0.16102,0.126765,0.23288771453427934
41,44.940118,-93.172344,2025-04-04T03:48:11Z,0.112308,0.090448,0.009443,0.1445098537020919
42,44.940119,-93.172489,2025-04-04T03:48:12Z,0.036387,-0.031713,-0.048739,0.06859459351144227
43,44.940119,-93.172634,2025-04-04T03:48:13Z,0.087166,-0.005184,0.020235,0.08963392570338533
44,44.940119,-93.172783,2025-04-04T03:48:14Z,0.140472,0.11741,0.030428,0.1855892078435597
45,44.940119,-93.172931,2025-04-04T03:48:15Z,0.095664,-0.149819,0.048027,0.1841301886872438
46,44.940121,-93.173083,2025-04-04T03:48:16Z,0.051877,0.090055,-0.052085,0.116249616683239
47,44.940121,-93.173236,2025-04-04T03:48:17Z,0.042961,-0.028416,0.072296,0.08876839636379605
48,44.940122,-93.17339,2025-04-04T03:48:18Z,0.081639,-0.023665,0.019636,0.08723835763011589
49,44.940122,-93.173544,2025-04-04T03:48:19Z,0.155579,-0.102095,0.050663,0.19285993320282985
50,44.940123,-93.173703,2025-04-04T03:48:20Z,-0.037369,0.068402,0.029297,0.08326818104174007
51,44.940125,-93.173861,2025-04-04T03:48:21Z,-0.009845,-0.039613,-0.036147,0.05452265036661369
52,44.940127,-93.17402,2025-04-04T03:48:22Z,-0.203127,-0.082004,0.056606,0.2262509080224873
53,44.940127,-93.174178,2025-04-04T03:48:23Z,-0.215193,-0.272966,0.18839,0.395359654624748
54,44.940127,-93.174332,2025-04-04T03:48:24Z,-0.126806,-0.033368,0.010095,0.1315108135667938
55,44.940132,-93.17448,2025-04-04T03:48:25Z,-0.070082,-0.121281,0.031518,0.14357559684361407
56,44.940131,-93.174634,2025-04-04T03:48:26Z,-0.112302,-0.028475,-0.040515,0.12273561037449564
57,44.94013,-93.174784,2025-04-04T03:48:27Z,-0.01941,-0.034966,0.119922,0.12641461679726756
58,44.940129,-93.174936,2025-04-04T03:48:28Z,-0.064591,-0.082591,0.072785,0.12763591495735047
59,44.94013,-93.175089,2025-04-04T03:48:29Z,-0.06637,0.01785,0.119338,0.13771404301668005
60,44.94013,-93.175237,2025-04-04T03:48:30Z,-0.013074,0.006339,-0.022924,0.027140784310701122
61,44.94013,-93.175382,2025-04-04T03:48:31Z,-0.00824,-0.027852,0.026311,0.03919056295844703
62,44.94013,-93.175528,2025-04-04T03:48:32Z,-0.014892,-0.069926,0.059364,0.09292739981297228
63,44.94013,-93.175676,2025-04-04T03:48:33Z,-0.040287,0.013477,-0.018145,0.04619429535126605
64,44.940126,-93.175823,2025-04-04T03:48:34Z,-0.023108,-0.045743,-0.030835,0.05980968933208063
65,44.940128,-93.175971,2025-04-04T03:48:35Z,-0.231736,0.00599,0.020724,0.23273791691943965
66,44.940129,-93.176114,2025-04-04T03:48:36Z,-0.153061,-0.081618,0.109227,0.20498708538344557
67,44.940128,-93.176255,2025-04-04T03:48:37Z,-0.327239,-0.108002,0.25968,0.43148985796308126
68,44.94013,-93.176392,2025-04-04T03:48:38Z,-0.495418,-0.129548,0.36622,0.6295544197509855
69,44.94013,-93.176522,2025-04-04T03:48:39Z,-0.630647,-0.169046,0.360087,0.7456237900536704
70,44.940132,-93.176637,2025-04-04T03:48:40Z,-0.666574,-0.160058,0.287862,0.743507896315836
71,44.940136,-93.176744,2025-04-04T03:48:41Z,-1.11316,-0.215824,0.300953,1.1731487087257948
1,44.940068,-93.177003,2025-04-04T03:49:18Z,-0.454803,-0.091173,-0.57879100000000006,0.741725897093394
2,44.940064,-93.176928,2025-04-04T03:49:19Z,0.334546,0.052745,-0.153884,0.3719991217691246
3,44.940087,-93.176856,2025-04-04T03:49:20Z,0.349564,0.05691,0.083177,0.3638023522807405
4,44.940088,-93.176774,2025-04-04T03:49:21Z,0.352604,0.101747,0.165318,0.4025072346542357
5,44.940091,-93.176659,2025-04-04T03:49:22Z,0.255564,0.045299,0.188534,0.3207959268023832
6,44.940093,-93.17655,2025-04-04T03:49:23Z,0.077203,0.037764,0.160288,0.1818754129864727
7,44.940086,-93.176439,2025-04-04T03:49:24Z,-0.147112,-0.096376,0.264016,0.3172297624372593
8,44.940094,-93.176317,2025-04-04T03:49:25Z,-0.318084,-0.040522,0.223695,0.39097175929343025
9,44.940084,-93.176191,2025-04-04T03:49:26Z,-0.199144,-0.033442,0.289642,0.35308524220646775
10,44.940094,-93.176072,2025-04-04T03:49:27Z,-0.422623,-0.041909,0.304132,0.5223627454499411
11,44.940087,-93.175945,2025-04-04T03:49:28Z,-0.294425,-0.053598,0.266662,0.4008334423086477
12,44.940086,-93.175824,2025-04-04T03:49:29Z,-0.368364,-0.103451,0.238694,0.45096449032379476
13,44.940087,-93.175702,2025-04-04T03:49:30Z,-0.40338,-0.062369,0.190738,0.4505400106594308
14,44.940087,-93.175579,2025-04-04T03:49:31Z,-0.229036,-0.145446,0.234994,0.35893482451275194
15,44.940085,-93.175456,2025-04-04T03:49:32Z,-0.294114,-0.192285,0.157682,0.38514955451746274
16,44.940087,-93.175332,2025-04-04T03:49:33Z,-0.359978,0.128375,0.119864,0.4005392360368707
17,44.940086,-93.175215,2025-04-04T03:49:34Z,-0.204685,-0.118846,0.144132,0.27711794305854687
18,44.940088,-93.175096,2025-04-04T03:49:35Z,-0.096397,-0.143757,0.219248,0.2793351788837202
19,44.940087,-93.174974,2025-04-04T03:49:36Z,0.089673,0.077848,0.014009,0.11957345070708632
20,44.940087,-93.174848,2025-04-04T03:49:37Z,-0.005873,-0.017753,0.142859,0.14407760068449224
21,44.940081,-93.174751,2025-04-04T03:49:38Z,-0.024425,-0.008955,0.030707,0.04024540345182292
22,44.940082,-93.174602,2025-04-04T03:49:39Z,0.061781,-0.111026,0.158592,0.2032119265717443
23,44.940082,-93.174467,2025-04-04T03:49:40Z,-0.134484,0.066296,0.058349,0.1608903715981786
24,44.940081,-93.174337,2025-04-04T03:49:41Z,-0.048907,-0.137178,0.024026,0.14760402097842729
25,44.940084,-93.174199,2025-04-04T03:49:42Z,-0.114326,-0.043381,0.085029,0.14893715546498126
26,44.940084,-93.174067,2025-04-04T03:49:43Z,-0.014692,-0.176994,0.023991,0.17921578887196296
27,44.940085,-93.173933,2025-04-04T03:49:44Z,-0.130447,-0.057499,0.16862,0.22080593110240496
28,44.940085,-93.173798,2025-04-04T03:49:45Z,0.02263,-0.039274,0.069829,0.08325054484506393
29,44.940087,-93.173667,2025-04-04T03:49:46Z,-0.064764,0.046142,0.105464,0.13208374296634692
30,44.940087,-93.173532,2025-04-04T03:49:47Z,0.030321,-0.126256,0.27004,0.2996356824161635
31,44.940087,-93.173397,2025-04-04T03:49:48Z,-0.09672,0.030777,-0.012044,0.1022107629606589
32,44.940085,-93.173262,2025-04-04T03:49:49Z,-0.004026,-0.072829,0.072215,0.10264150301900299
33,44.940081,-93.173122,2025-04-04T03:49:50Z,0.090183,0.023007,0.033975,0.09907873718916688
34,44.940081,-93.172983,2025-04-04T03:49:51Z,0.155411,-0.024555,0.079426,0.17624986928222103
35,44.94008,-93.172841,2025-04-04T03:49:52Z,0.130844,0.121511,-0.158726,0.23891215651992262
36,44.94008,-93.172694,2025-04-04T03:49:53Z,0.111873,-0.019376,0.147749,0.18633508662085085
37,44.940078,-93.172552,2025-04-04T03:49:54Z,0.067103,-0.013446,-0.028462,0.074119450679292
38,44.940071,-93.172401,2025-04-04T03:49:55Z,0.049866,-0.098259,0.090088,0.1423281306734547
39,44.940074,-93.172249,2025-04-04T03:49:56Z,0.074217,-0.018072,-0.082746,0.11261288020914838
40,44.940079,-93.172102,2025-04-04T03:49:57Z,-0.177473,0.040722,-0.020507,0.1832361428921707
41,44.940076,-93.171949,2025-04-04T03:49:58Z,-0.169222,-0.044471,0.086806,0.19531778403668212
42,44.940078,-93.171801,2025-04-04T03:49:59Z,-0.083699,-0.168973,0.1566,0.24511417203009703
43,44.940079,-93.171656,2025-04-04T03:50:00Z,-0.143471,0.073287,0.00949,0.16138454792823256
44,44.94007,-93.171497,2025-04-04T03:50:01Z,-0.0275,-0.248465,0.076686,0.26148011171215296
45,44.940072,-93.171362,2025-04-04T03:50:02Z,-0.206869,0.296133,0.065555,0.367133483729011
46,44.940069,-93.171216,2025-04-04T03:50:03Z,-0.043605,-0.161221,-0.041679,0.17213583562698384
47,44.940074,-93.171075,2025-04-04T03:50:04Z,-0.009454,-0.022518,0.027324,0.03664750217954833
48,44.940076,-93.17093,2025-04-04T03:50:05Z,-0.016889,0.062319,0.121981,0.1380154355244369
49,44.940076,-93.170788,2025-04-04T03:50:06Z,-0.064288,-0.19556,0.084153,0.22239241882986932
50,44.940074,-93.170646,2025-04-04T03:50:07Z,-0.081689,0.051078,0.048271,0.10775965964125907
51,44.940072,-93.170509,2025-04-04T03:50:08Z,-0.033329,-0.020929,-0.018522,0.04349608908856059
52,44.940072,-93.170369,2025-04-04T03:50:09Z,0.021455,-0.062805,-0.016523,0.06839440458838719
53,44.940075,-93.170231,2025-04-04T03:50:10Z,0.02135,-0.009042,0.06272,0.06686836818705837
54,44.940077,-93.170094,2025-04-04T03:50:11Z,0.0408,0.027436,0.041392,0.06427030231763345
55,44.940075,-93.169955,2025-04-04T03:50:12Z,0.083131,0.075809,-0.01936,0.11416031377847558
56,44.940076,-93.169818,2025-04-04T03:50:13Z,0.148587,-0.023558,-0.045026,0.15703635441833205
57,44.940076,-93.169678,2025-04-04T03:50:14Z,0.131943,-0.077661,0.073728,0.1699294093263435
58,44.940076,-93.169536,2025-04-04T03:50:15Z,0.043942,0.095701,0.092938,0.14045302634332946
59,44.940076,-93.169399,2025-04-04T03:50:16Z,0.012906,0.001006,-0.055234,0.05673069387906339
60,44.940075,-93.169257,2025-04-04T03:50:17Z,0.045766,0.062733,0.009803,0.0782691181373599
61,44.940073,-93.169116,2025-04-04T03:50:18Z,0.065361,-0.015034,0.015747,0.06889157775809754
62,44.940076,-93.168975,2025-04-04T03:50:19Z,0.053541,-0.039778,0.014935,0.06835189968098912
63,44.940076,-93.168836,2025-04-04T03:50:20Z,-0.138255,-0.045323,0.084593,0.16829912359546023
64,44.940076,-93.168696,2025-04-04T03:50:21Z,-0.032241,-0.072045,0.033885,0.08589620091133252
65,44.940076,-93.16856,2025-04-04T03:50:22Z,-0.011229,-0.034933,-0.03039,0.04764406605234277
66,44.940076,-93.168424,2025-04-04T03:50:23Z,-0.070537,-0.053928,-0.030195,0.09378398358994994
67,44.940078,-93.168287,2025-04-04T03:50:24Z,0.09117,0.092497,0.007272,0.13007899866235134
68,44.94008,-93.168153,2025-04-04T03:50:25Z,0.026253,-0.057159,0.064304,0.08995207449525552
69,44.940075,-93.168019,2025-04-04T03:50:26Z,0.022385,-0.004888,0.087435,0.09038727783266846
70,44.940079,-93.167884,2025-04-04T03:50:27Z,0.107635,-0.018653,0.093719,0.14393220138315121
71,44.940078,-93.167751,2025-04-04T03:50:28Z,0.068695,-0.015966,0.131332,0.14907048804173145
72,44.940076,-93.167617,2025-04-04T03:50:29Z,0.072272,-0.00472,-0.046004,0.08580144754023676
73,44.940075,-93.167484,2025-04-04T03:50:30Z,0.096691,0.007709,-0.013489,0.0979312579465821
74,44.940075,-93.16735,2025-04-04T03:50:31Z,0.066128,-0.041038,-0.060279,0.09844078254971363
75,44.940074,-93.167217,2025-04-04T03:50:32Z,-0.00915,-0.290498,0.010342,0.2908260089262994
1,44.941174,-93.167134,2025-04-04T03:25:59Z,-0.137218,-0.05831,-0.240799,0.2832189859896402
2,44.941137,-93.167131,2025-04-04T03:26:00Z,0.848455,0.22556,-0.49313,1.0069411092635954
3,44.94109,-93.167133,2025-04-04T03:26:01Z,0.634289,0.140174,-0.404837,0.7654177175673424
4,44.941031,-93.167121,2025-04-04T03:26:02Z,0.616494,0.155275,-0.39446,0.7481803721436429
5,44.940965,-93.167123,2025-04-04T03:26:03Z,0.631559,0.116246,-0.387492,0.7500199684415075
6,44.940888,-93.167126,2025-04-04T03:26:04Z,0.40435,0.143565,-0.353822,0.5561473180812796
7,44.940802,-93.167127,2025-04-04T03:26:05Z,0.393124,0.05983,-0.343126,0.5252252470626293
8,44.940706,-93.16713,2025-04-04T03:26:06Z,-0.006796,0.13473,-0.33536,0.3614757088878864
9,44.940604,-93.167132,2025-04-04T03:26:07Z,-0.166371,-0.27923,-0.111104,0.3435008025565588
10,44.940502,-93.167134,2025-04-04T03:26:08Z,-0.341713,0.109302,-0.087454,0.3692734808905183
11,44.940397,-93.167134,2025-04-04T03:26:09Z,-0.598954,-0.218978,-0.109746,0.647102343618071
12,44.94029,-93.167134,2025-04-04T03:26:10Z,-0.584963,-0.08265,0.064107,0.5942410633051203
13,44.940186,-93.167134,2025-04-04T03:26:11Z,-0.562405,-0.237253,0.011422,0.6105070287212098
14,44.94008,-93.167135,2025-04-04T03:26:12Z,-0.349232,-0.33955,0.011101,0.4872170199459374
15,44.939976,-93.167138,2025-04-04T03:26:13Z,-0.502405,-0.054469,-0.058126,0.5086809293280022
16,44.939871,-93.16714,2025-04-04T03:26:14Z,-0.436437,0.038687,0.003564,0.43816280197433466
17,44.93977,-93.16714,2025-04-04T03:26:15Z,-0.319263,-0.055243,-0.017012,0.3244534795036108
18,44.939663,-93.16714,2025-04-04T03:26:16Z,-0.291454,-0.099233,0.002642,0.3078954409681962
19,44.939559,-93.16714,2025-04-04T03:26:17Z,-0.198111,-0.022842,-4.54e-4,0.19942399905979222
20,44.939452,-93.16714,2025-04-04T03:26:18Z,-0.196297,-0.106959,0.012888,0.22391703917745967
21,44.939345,-93.16714,2025-04-04T03:26:19Z,-0.154289,0.010985,-0.071342,0.17033921072377906
22,44.939237,-93.167139,2025-04-04T03:26:20Z,-0.121426,-0.091547,-0.044782,0.15852619407845508
23,44.939127,-93.167137,2025-04-04T03:26:21Z,-0.021579,-0.062429,0.062462,0.09090948644668496
24,44.939016,-93.167137,2025-04-04T03:26:22Z,-0.057862,-0.055535,0.040445,0.08982174176667919
25,44.938904,-93.167138,2025-04-04T03:26:23Z,-0.032739,-0.017239,0.009355,0.03816465992249898
26,44.938791,-93.16714,2025-04-04T03:26:24Z,-0.089717,0.005984,-0.035141,0.09653930922686366
27,44.938676,-93.167141,2025-04-04T03:26:25Z,-0.075004,-0.028473,-0.115115,0.140313131851584
28,44.93856,-93.167142,2025-04-04T03:26:26Z,-0.031027,-0.043055,-0.011926,0.05439335648771824
29,44.938443,-93.167141,2025-04-04T03:26:27Z,-0.033908,-0.041564,0.002804,0.05371388066412629
30,44.938325,-93.167142,2025-04-04T03:26:28Z,0.012573,0.019513,0.028184,0.03651267388181808
31,44.938205,-93.167142,2025-04-04T03:26:29Z,-0.051703,-0.004396,0.03959,0.06526785675200313
32,44.938084,-93.167143,2025-04-04T03:26:30Z,-0.107959,-0.107729,-0.058596,0.1633835191749768
33,44.937964,-93.167144,2025-04-04T03:26:31Z,0.017906,-0.261105,-0.01336,0.2620590304893155
34,44.937842,-93.167143,2025-04-04T03:26:32Z,-0.098676,-0.025429,0.034029,0.10743165203048867
35,44.937718,-93.167146,2025-04-04T03:26:33Z,-0.020456,-0.164074,0.054712,0.17416121369581689
36,44.937594,-93.167146,2025-04-04T03:26:34Z,-0.017963,0.030493,-0.033467,0.04870864920114291
37,44.937472,-93.167146,2025-04-04T03:26:35Z,-0.070452,-0.034406,0.038299,0.08725864164081401
38,44.937348,-93.167146,2025-04-04T03:26:36Z,-0.064601,0.011005,0.039863,0.07670370261597546
39,44.937224,-93.167147,2025-04-04T03:26:37Z,-0.085449,-0.027963,-0.014786,0.09111578768797425
40,44.9371,-93.167147,2025-04-04T03:26:38Z,-0.115843,-0.092285,0.045145,0.15483601938502553
41,44.936974,-93.167147,2025-04-04T03:26:39Z,0.018092,-0.049563,0.001344,0.05277895195056454
42,44.936849,-93.167148,2025-04-04T03:26:40Z,-0.077492,0.020582,0.037483,0.08850764982192218
43,44.936725,-93.167145,2025-04-04T03:26:41Z,-0.086067,-0.038768,0.041063,0.10294006159897127
44,44.936599,-93.167145,2025-04-04T03:26:42Z,-0.059259,-0.039355,0.045956,0.08469001736922717
45,44.936473,-93.167145,2025-04-04T03:26:43Z,-0.033297,-0.019946,-0.002769,0.03891272909987168
46,44.936347,-93.167146,2025-04-04T03:26:44Z,-0.043575,-0.045965,0.009711,0.06407702685830546
47,44.936223,-93.167146,2025-04-04T03:26:45Z,-0.111567,-0.068504,0.060575,0.14425437300130628
48,44.9361,-93.167144,2025-04-04T03:26:46Z,-0.015591,-0.002372,0.080255,0.08178979575717256
49,44.935977,-93.167145,2025-04-04T03:26:47Z,-0.217968,0.021313,-0.007542,0.21913734222400344
50,44.935854,-93.167146,2025-04-04T03:26:48Z,0.034659,-0.14737,0.021242,0.15287375754196664
51,44.935733,-93.167147,2025-04-04T03:26:49Z,-0.088458,-0.003922,0.061909,0.10804130751245099
52,44.935611,-93.167147,2025-04-04T03:26:50Z,-0.04462,2.3e-4,0.056877,0.07229101209002402
53,44.935489,-93.167148,2025-04-04T03:26:51Z,-0.107354,-0.024028,0.124697,0.16628760599936485
54,44.935369,-93.16715,2025-04-04T03:26:52Z,-0.088629,-0.108545,-0.013193,0.1407521648678982
55,44.93525,-93.16715,2025-04-04T03:26:53Z,-0.174603,0.019955,0.073314,0.19041888622192918
56,44.935134,-93.167148,2025-04-04T03:26:54Z,-0.298202,-0.094908,0.135339,0.34095249843489933
57,44.93502,-93.16715,2025-04-04T03:26:55Z,-0.557989,-0.200578,0.141028,0.6094851556756735
58,44.934911,-93.167152,2025-04-04T03:26:56Z,-0.911614,-0.190935,0.241268,0.9621364284990981
59,44.934813,-93.167153,2025-04-04T03:26:57Z,-0.934319,-0.338493,0.214518,1.0166353707863995
60,44.934726,-93.167153,2025-04-04T03:26:58Z,-0.390832,-0.082851,0.109203,0.41417295376931607
61,44.934644,-93.167141,2025-04-04T03:26:59Z,-0.405884,-0.116179,0.057335,0.42605948378366143
62,44.934571,-93.167141,2025-04-04T03:27:00Z,-0.514106,-0.093665,0.080823,0.5287820617135192
63,44.934506,-93.167141,2025-04-04T03:27:01Z,-0.730704,-0.161842,0.172267,0.7679824788815173
64,44.934449,-93.16714,2025-04-04T03:27:02Z,-0.804493,-0.293827,0.237765,0.8888619061490936
65,44.934404,-93.167137,2025-04-04T03:27:03Z,-0.621667,-0.13667,0.485213,0.8003625448245314
1,44.941211,-93.16707,2025-04-04T03:31:45Z,0.102568,0.033599,-0.036956,0.1140825725560219
2,44.94114,-93.167076,2025-04-04T03:31:46Z,0.029078,0.037118,-0.167782,0.17428159837458457
3,44.941065,-93.167081,2025-04-04T03:31:47Z,-0.190258,-0.037808,-0.16686,0.25587069200672435
4,44.940986,-93.167084,2025-04-04T03:31:48Z,-0.423026,-0.112067,-0.045344,0.4399614613815624
5,44.940908,-93.167088,2025-04-04T03:31:49Z,-0.754574,-0.201672,0.041878,0.7821811068697582
6,44.940834,-93.16709,2025-04-04T03:31:50Z,-0.748977,-0.166463,-0.008245,0.7672968505884799
7,44.940762,-93.167091,2025-04-04T03:31:51Z,-0.729947,-0.250859,0.058846999999999997,0.7740903242509882
8,44.940695,-93.167094,2025-04-04T03:31:52Z,-0.903191,-0.19905,0.06698,0.927287013486655
9,44.940636,-93.167094,2025-04-04T03:31:53Z,-0.954245,-0.276227,0.100277,0.9984690041673803
10,44.940582,-93.167093,2025-04-04T03:31:54Z,-0.892607,-0.285358,0.091834,0.9415996644907006
11,44.940531,-93.167091,2025-04-04T03:31:55Z,-0.958846,-0.276804,0.247616,1.0282605650262
12,44.94049,-93.167093,2025-04-04T03:31:56Z,-0.924742,-0.198803,0.081968,0.9494151633489956
13,44.940458,-93.167093,2025-04-04T03:31:57Z,-0.906484,-0.251794,0.152454,0.9530769553441106
14,44.940433,-93.167094,2025-04-04T03:31:58Z,-0.819134,-0.214921,0.159501,0.8617494503612985
15,44.940417,-93.167094,2025-04-04T03:31:59Z,-0.548715,-0.156222,0.080634,0.5761903387466679
16,44.940404,-93.167092,2025-04-04T03:32:00Z,-0.186303,-0.061309,0.003638,0.19616532908238396
17,44.940393,-93.167091,2025-04-04T03:32:01Z,-0.051073,-0.026149,-0.017297,0.059928355050009506
18,44.94039,-93.167091,2025-04-04T03:32:02Z,-0.005904,-0.011073,-0.03092,0.03336937136057555
19,44.940387,-93.167091,2025-04-04T03:32:03Z,-0.009522,-0.014368,-0.026829,0.03188891890610279
20,44.940385,-93.167091,2025-04-04T03:32:04Z,0.048704,0.001041,-0.03053,0.057491253221685815
21,44.940385,-93.167091,2025-04-04T03:32:05Z,0.286643,0.065177,-0.084587,0.3058875795892994
22,44.940385,-93.167092,2025-04-04T03:32:06Z,0.291831,0.065212,-0.088336,0.3118031212175401
23,44.940384,-93.167093,2025-04-04T03:32:07Z,0.284009,0.065319,-0.084042,0.3032997553675242
24,44.940384,-93.167094,2025-04-04T03:32:08Z,0.273471,0.061201,-0.07704,0.2906322622180821
25,44.940384,-93.167094,2025-04-04T03:32:09Z,0.264926,0.057121,-0.069891,0.27988094968754124
26,44.940384,-93.167095,2025-04-04T03:32:10Z,0.247496,0.05353,-0.066477,0.26179939351534026
27,44.940384,-93.167096,2025-04-04T03:32:11Z,0.233922,0.049175,-0.057546,0.24586424063901605
28,44.940384,-93.167096,2025-04-04T03:32:12Z,0.216848,0.045831,-0.056508,0.22872841915468223
29,44.940384,-93.167096,2025-04-04T03:32:13Z,0.408772,0.095437,-0.099686,0.4314395294233017
30,44.94038,-93.167098,2025-04-04T03:32:14Z,0.502336,0.116206,-0.113386,0.5279220362212588
31,44.940374,-93.167091,2025-04-04T03:32:16Z,0.449915,0.102693,-0.1064,0.47359298925765364
32,44.940377,-93.167091,2025-04-04T03:32:17Z,1.171556,0.290421,-0.290854,1.241565087980892
33,44.940338,-93.167089,2025-04-04T03:32:18Z,1.983969,0.476275,-0.442552,2.0877794762115083
34,44.940294,-93.16709,2025-04-04T03:32:19Z,1.168319,0.286683,-0.268286,1.2325314624974084
35,44.940242,-93.167089,2025-04-04T03:32:20Z,0.612739,0.150323,-0.154141,0.6494655759399416
36,44.940183,-93.167089,2025-04-04T03:32:21Z,0.407065,0.081727,-0.10467,0.42817873096873926
37,44.940117,-93.16709,2025-04-04T03:32:22Z,0.521147,0.108228,-0.104397,0.5424078070990499
38,44.940044,-93.167089,2025-04-04T03:32:23Z,0.467418,0.076201,-0.077048,0.47981514506005335
39,44.939963,-93.167091,2025-04-04T03:32:24Z,0.393518,0.15308,-0.070639,0.4281118674423777
40,44.939872,-93.167094,2025-04-04T03:32:25Z,0.33453,0.129204,-0.079941,0.3674160557147714
41,44.939773,-93.167097,2025-04-04T03:32:26Z,0.050514,-0.005933,-0.008152,0.05151038525384954
42,44.939672,-93.167098,2025-04-04T03:32:27Z,-0.229151,-0.005917,0.04949,0.2345089588693788
43,44.939571,-93.167099,2025-04-04T03:32:28Z,-0.15358,-0.082708,0.08607,0.1945134302921009
44,44.939466,-93.167101,2025-04-04T03:32:29Z,-0.086898,-0.041177,-0.013343,0.09708163256764896
45,44.939356,-93.167102,2025-04-04T03:32:30Z,-0.014244,0.031256,0.0047,0.03466870450420667
46,44.939242,-93.167103,2025-04-04T03:32:31Z,-0.083433,0.005085,0.066472,0.10679629908381658
47,44.939124,-93.167105,2025-04-04T03:32:32Z,-0.192016,-0.07807,0.059161,0.21555763284328394
48,44.939006,-93.167106,2025-04-04T03:32:33Z,-0.29579,-0.02836,0.052269,0.3017085714079068
49,44.938885,-93.167108,2025-04-04T03:32:34Z,-0.265363,-0.116671,0.052933,0.29467193028688704
50,44.938764,-93.167109,2025-04-04T03:32:35Z,-0.262288,-0.105637,0.047638,0.286746490400493
51,44.938642,-93.167109,2025-04-04T03:32:36Z,-0.229787,-0.043881,0.063007,0.2422756479281399
52,44.938518,-93.16711,2025-04-04T03:32:37Z,-0.160213,-0.056189,0.032844,0.1729281279202432
53,44.938393,-93.16711,2025-04-04T03:32:38Z,-0.173943,-0.058159,0.018311,0.18432018134485437
54,44.938265,-93.167109,2025-04-04T03:32:39Z,-0.146408,-0.05604,0.049791,0.16448382213761936
55,44.938138,-93.167113,2025-04-04T03:32:40Z,-0.197868,-0.043696,0.159082,0.25762020216590154
56,44.938008,-93.167111,2025-04-04T03:32:41Z,-0.171822,-0.180381,0.089698,0.2647750668945246
57,44.937879,-93.16711,2025-04-04T03:32:42Z,-0.094095,-0.144736,0.10458,0.20183992449711233
58,44.937746,-93.167111,2025-04-04T03:32:43Z,-0.089901,-0.154014,0.055785,0.18685413621860236
59,44.937613,-93.167111,2025-04-04T03:32:44Z,-0.168678,-0.071732,0.036126,0.18682300549985806
60,44.937479,-93.167113,2025-04-04T03:32:45Z,-0.143261,-0.066705,0.035394,0.16194445461947748
61,44.937345,-93.167114,2025-04-04T03:32:46Z,-0.174882,-0.060755,0.043466,0.1901688121249118
62,44.93721,-93.167115,2025-04-04T03:32:47Z,-0.227443,-0.053874,0.091674,0.25107140100178676
63,44.937075,-93.167115,2025-04-04T03:32:48Z,-0.32063,-0.073015,0.093807,0.3419569276590255
64,44.936942,-93.167116,2025-04-04T03:32:49Z,-0.238249,-0.080917,0.039627,0.2547164031211967
65,44.936808,-93.167115,2025-04-04T03:32:50Z,-0.209048,-0.046304,0.035085,0.21697023746357472
66,44.936676,-93.167115,2025-04-04T03:32:51Z,-0.037705,-0.033773,0.077396,0.09247931320030443
67,44.936541,-93.167117,2025-04-04T03:32:52Z,0.011725,0.013681,0.076054,0.07815917285898054
68,44.936405,-93.167119,2025-04-04T03:32:53Z,0.094975,-0.056431,-0.042428,0.1183420617109572
69,44.936269,-93.167115,2025-04-04T03:32:54Z,-0.096941,0.02368,-0.034561,0.10560664089914042
70,44.936132,-93.167116,2025-04-04T03:32:55Z,-0.26274,-0.070936,0.138103,0.30518299806018023
71,44.935999,-93.167119,2025-04-04T03:32:56Z,-0.283251,-0.084199,0.125737,0.3211392124468764
72,44.935865,-93.167119,2025-04-04T03:32:57Z,-0.217022,-0.061098,0.080772,0.23949035486215306
73,44.935734,-93.167119,2025-04-04T03:32:58Z,-0.236039,-0.096462,0.080895,0.2675132295607079
74,44.935605,-93.16712,2025-04-04T03:32:59Z,-0.348894,-0.09134,0.068854,0.3671660280472582
75,44.935478,-93.16712,2025-04-04T03:33:00Z,-0.313288,-0.103677,0.100801,0.3450494643873542
76,44.935355,-93.16712,2025-04-04T03:33:01Z,-0.270324,-0.107832,0.065627,0.29834494855619725
77,44.935234,-93.16712,2025-04-04T03:33:02Z,-0.308713,-0.099859,0.044923,0.32755703652799156
78,44.935115,-93.167119,2025-04-04T03:33:03Z,-0.472911,-0.099669,0.06986,0.4883227857493443
79,44.935003,-93.167114,2025-04-04T03:33:04Z,-0.613169,-0.186858,0.158434,0.660298013839963
80,44.934899,-93.167115,2025-04-04T03:33:05Z,-0.765058,-0.179797,0.24781,0.8240452054790441
81,44.934804,-93.167113,2025-04-04T03:33:06Z,-0.696188,-0.163136,-0.07769,0.7192543513528438
82,44.934718,-93.167106,2025-04-04T03:33:07Z,-0.786037,-0.204473,-0.632088,1.0291737525034341
83,44.934639,-93.167087,2025-04-04T03:33:08Z,-0.614397,-0.228176,0.183497,0.6806020199749631
84,44.93457,-93.167073,2025-04-04T03:33:09Z,-0.676129,-0.119974,0.595116,0.9086843449586881
85,44.934516,-93.167068,2025-04-04T03:33:10Z,-1.177995,-0.333908,0.670711,1.3960730704407989
86,44.934479,-93.167065,2025-04-04T03:33:11Z,-1.035285,-0.264708,0.489159,1.175228438972611
87,44.934456,-93.167063,2025-04-04T03:33:12Z,-0.614888,-0.160988,0.221919,0.6732402477934605
1,44.93441,-93.166974,2025-04-04T03:36:41Z,0.08054,0.043494,-0.053425,0.10598419816651915
2,44.934459,-93.166972,2025-04-04T03:36:42Z,0.788493,0.199603,-0.529436,0.9704973192925367
3,44.934514,-93.166971,2025-04-04T03:36:43Z,0.613844,0.128352,-0.524036,0.8172468547115981
4,44.934587,-93.166966,2025-04-04T03:36:44Z,0.424836,0.108833,-0.599091,0.7424555711057733
5,44.934663,-93.166963,2025-04-04T03:36:45Z,0.298004,0.055807,-0.510189,0.5934758807112552
6,44.934748,-93.166963,2025-04-04T03:36:46Z,0.145499,0.041165,-0.533544,0.5545572253266565
7,44.93484,-93.166961,2025-04-04T03:36:47Z,0.051336,-0.00634,-0.493537,0.49624021488085784
8,44.934935,-93.166962,2025-04-04T03:36:48Z,0.05322,-0.002193,-0.362083,0.3659798854281475
9,44.935027,-93.166964,2025-04-04T03:36:49Z,-0.051901,0.0128,-0.387289,0.3909607695434415
10,44.935139,-93.166962,2025-04-04T03:36:50Z,-0.116181,-0.157098,-0.220097,0.294313601068656
11,44.935246,-93.166962,2025-04-04T03:36:51Z,-0.298209,0.09139,-0.183153,0.36169843957363157
12,44.935351,-93.166963,2025-04-04T03:36:52Z,-0.365616,-0.111133,-0.12765,0.4028897189616533
13,44.935468,-93.16696,2025-04-04T03:36:53Z,-0.320361,-0.07498,-0.169687,0.3701983909878594
14,44.935586,-93.166961,2025-04-04T03:36:54Z,-0.559303,-0.133119,-0.087123,0.5814902674155432
15,44.935705,-93.16696,2025-04-04T03:36:55Z,-0.724685,-0.195457,-0.035057,0.751399215678989
16,44.93582,-93.166962,2025-04-04T03:36:56Z,-0.566849,-0.152258,0.063474,0.59036364728953294
17,44.935931,-93.166961,2025-04-04T03:36:57Z,-0.415401,-0.128347,-0.035814,0.43624945364550316
18,44.936044,-93.166962,2025-04-04T03:36:58Z,-0.191252,-0.032054,-0.093583,0.215319679335169
19,44.936165,-93.166948,2025-04-04T03:36:59Z,-0.059337,-0.191685,0.021062,0.20176131105343265
20,44.936295,-93.16696,2025-04-04T03:37:00Z,-0.185522,0.100465,-0.065154,0.22080913120838094
21,44.936387,-93.166961,2025-04-04T03:37:01Z,-0.167754,-0.025793,-0.029391,0.17225131130415233
22,44.936504,-93.166961,2025-04-04T03:37:02Z,-0.276243,-0.142442,0.071525,0.3189290580019325
23,44.936621,-93.166958,2025-04-04T03:37:03Z,-0.325012,-0.055884,0.073816,0.3379417456544841
24,44.936735,-93.166957,2025-04-04T03:37:04Z,-0.2016,-0.022508,0.012813,0.2032568400644859
25,44.936847,-93.166955,2025-04-04T03:37:05Z,-0.083551,0.008995,-0.053149,0.09943085953063063
26,44.936962,-93.166954,2025-04-04T03:37:06Z,-0.027112,-0.035992,-0.042989,0.06227791525894232
27,44.937081,-93.166951,2025-04-04T03:37:07Z,0.046694,-0.094455,-0.066722,0.124715283526118
28,44.937198,-93.166958,2025-04-04T03:37:08Z,-0.006305,0.056465,-0.013013,0.05828711194595251
29,44.937314,-93.166953,2025-04-04T03:37:09Z,0.023148,-0.028759,0.002174,0.03698156650278622
30,44.937433,-93.166952,2025-04-04T03:37:10Z,-0.077992,0.03836,-0.020303,0.08925499130580877
31,44.937554,-93.166956,2025-04-04T03:37:11Z,-0.145564,-0.064432,-0.024815,0.16110910882069954
32,44.937674,-93.166951,2025-04-04T03:37:12Z,-0.145032,-0.051751,-0.032378,0.15735559065060256
33,44.937796,-93.166953,2025-04-04T03:37:13Z,-0.073824,-0.094485,-0.099030000000000007,0.15551314767890206
34,44.937915,-93.166955,2025-04-04T03:37:14Z,-0.093157,-0.184618,0.111355,0.2348658523455464
35,44.938035,-93.166957,2025-04-04T03:37:15Z,0.066658,-0.185135,0.068849,0.20846688463638535
36,44.938156,-93.166958,2025-04-04T03:37:16Z,-0.148914,-0.047429,0.095557,0.18318304966890359
37,44.938277,-93.166958,2025-04-04T03:37:17Z,-0.188132,-0.027415,0.12105,0.22538485785207488
38,44.938394,-93.166957,2025-04-04T03:37:18Z,-0.208998,-0.073483,0.115552,0.24986432317759974
39,44.938511,-93.166955,2025-04-04T03:37:19Z,-0.194892,-0.0704,0.06943,0.21853964529119196
40,44.938626,-93.166956,2025-04-04T03:37:20Z,-0.224386,-0.03912,0.020451,0.2286868924905842
41,44.93873,-93.166956,2025-04-04T03:37:21Z,-0.130928,-0.082697,0.057166,0.1650723676119053
42,44.938851,-93.166955,2025-04-04T03:37:22Z,-0.140387,0.018351,0.073024,0.1593040286559006
43,44.93896,-93.166955,2025-04-04T03:37:23Z,-0.250385,-0.143636,0.202328,0.352506125202102
44,44.939068,-93.166955,2025-04-04T03:37:24Z,-0.316382,-0.128055,0.064367,0.3473309137378935
45,44.939174,-93.166952,2025-04-04T03:37:25Z,-0.440273,-0.111388,0.10698,0.4665750973562563
46,44.939273,-93.166952,2025-04-04T03:37:26Z,-0.604721,-0.137635,0.155147,0.6392976401293845
47,44.939367,-93.166951,2025-04-04T03:37:27Z,-0.721309,-0.191886,0.215452,0.7768696639597918
48,44.939452,-93.166952,2025-04-04T03:37:28Z,-0.806596,-0.199976,0.240039,0.8649891498238576
49,44.939528,-93.166951,2025-04-04T03:37:29Z,-0.77261,-0.203054,0.209725,0.8259187094629834
50,44.939595,-93.166951,2025-04-04T03:37:30Z,-0.581413,-0.158697,0.135024,0.6176222914969957
51,44.93965,-93.166953,2025-04-04T03:37:31Z,-0.466458,-0.090002,0.175052,0.5062871008350894
52,44.939701,-93.166953,2025-04-04T03:37:32Z,-0.315781,-0.095248,0.153255,0.36369893660828867
53,44.93974,-93.166953,2025-04-04T03:37:33Z,-0.294084,-0.023662,0.088155,0.3079230314948851
54,44.939775,-93.166953,2025-04-04T03:37:34Z,-0.282515,-0.063125,0.112105,0.3104303816880687
55,44.9398,-93.166952,2025-04-04T03:37:35Z,-0.137206,-0.025257,0.071932,0.1569637381977124
56,44.939826,-93.166951,2025-04-04T03:37:36Z,0.163888,0.061329,-0.011029,0.1753344279541243
57,44.939856,-93.166965,2025-04-04T03:37:37Z,0.346593,0.108642,-0.06042,0.36821239551785867
58,44.939851,-93.166956,2025-04-04T03:37:38Z,0.390962,0.115264,-0.07774,0.41494648177807214
59,44.939864,-93.166956,2025-04-04T03:37:39Z,0.607174,0.167619,-0.138977,0.6450356594530259
60,44.939878,-93.166956,2025-04-04T03:37:40Z,0.788318,0.206357,-0.171337,0.8326973328539007
61,44.939896,-93.166958,2025-04-04T03:37:41Z,1.384928,0.341548,-0.338935,1.4661369430285154
62,44.939923,-93.166957,2025-04-04T03:37:42Z,1.684036,0.380584,-0.405553,1.7734978618991906
63,44.939957,-93.16696,2025-04-04T03:37:43Z,1.334196,0.336302,-0.31408,1.4113200374188697
64,44.940011,-93.16696,2025-04-04T03:37:44Z,1.071999,0.33803,-0.265288,1.1549129230574051
65,44.940073,-93.166958,2025-04-04T03:37:45Z,0.834576,0.155117,-0.25233,0.8855782361626781
66,44.940143,-93.166957,2025-04-04T03:37:46Z,0.84329,-0.03471,-0.209157,0.8695340469751601
67,44.940216,-93.166948,2025-04-04T03:37:47Z,0.815637,0.20623,-0.226905,0.8713669764766162
68,44.940299,-93.166956,2025-04-04T03:37:48Z,0.534668,0.246268,-0.042093,0.5901606719334997
69,44.940388,-93.166954,2025-04-04T03:37:49Z,0.492043,0.158138,-0.037796,0.5182108436814112
70,44.940484,-93.166955,2025-04-04T03:37:50Z,0.374744,0.052088,-0.035523,0.3800106693357438
71,44.940589,-93.16695,2025-04-04T03:37:51Z,0.170293,-0.036641,-0.031092,0.17694344066395903
72,44.940691,-93.166951,2025-04-04T03:37:52Z,-0.135209,-0.045446,0.050535,0.15132943805486096
73,44.940796,-93.166949,2025-04-04T03:37:53Z,-0.119321,-0.016744,-0.058775,0.13406104282005268
74,44.940906,-93.16695,2025-04-04T03:37:54Z,-0.20811,-0.057603,0.0219,0.21704259422749259
75,44.941015,-93.166946,2025-04-04T03:37:55Z,-0.241046,-0.080434,0.008927,0.2542685466214805
76,44.941126,-93.166956,2025-04-04T03:37:56Z,-0.343216,-0.020365,0.145163,0.3732080551783415
77,44.941235,-93.166959,2025-04-04T03:37:57Z,-0.51191,-0.006306,0.177174,0.5417400114556797
78,44.941344,-93.166958,2025-04-04T03:37:58Z,-0.363384,-0.10341500000000001,0.219434,0.43691403506525167
79,44.941451,-93.166959,2025-04-04T03:37:59Z,-0.169409,-0.218838,0.277035,0.3915837978645184
80,44.941556,-93.166959,2025-04-04T03:38:00Z,-0.208252,-0.297451,0.136893,0.3880537158100667
1,44.934498,-93.167018,2025-04-04T03:15:06Z,0.458947,0.124302,-0.041755,0.4773120740542816
2,44.934558,-93.167022,2025-04-04T03:15:07Z,0.370789,0.135983,-0.058217,0.39920555845203354
3,44.934614,-93.16701,2025-04-04T03:15:08Z,0.30055,0.082927,0.061748,0.317836444312165
4,44.934702,-93.16702,2025-04-04T03:15:09Z,0.069589,0.0024,0.136626,0.15334618611820772
5,44.934794,-93.167018,2025-04-04T03:15:10Z,0.107595,0.042635,0.129479,0.17366415488234757
6,44.934889,-93.167011,2025-04-04T03:15:11Z,0.093544,0.05342,0.112182,0.1555280600406242
7,44.934984,-93.167009,2025-04-04T03:15:12Z,0.009892,0.006249,0.126931,0.12746913518966071
8,44.935084,-93.167003,2025-04-04T03:15:13Z,-0.031807,-0.004819,0.134361,0.13815855504093838
9,44.935191,-93.167005,2025-04-04T03:15:14Z,-0.007666,3.81e-4,0.123162,0.12340093581897991
10,44.935303,-93.167007,2025-04-04T03:15:15Z,-0.107985,0.012196,0.048404,0.11896406960507025
11,44.935422,-93.167001,2025-04-04T03:15:16Z,-0.113885,-0.071898,0.136215,0.19155584526189745
12,44.935541,-93.166969,2025-04-04T03:15:17Z,-0.138492,-0.0134,0.149919,0.2045367952838804
13,44.935656,-93.166947,2025-04-04T03:15:18Z,-0.231746,-0.088938,0.171005,0.3014280782956359
14,44.935789,-93.166961,2025-04-04T03:15:19Z,-0.308528,-0.057952,0.169188,0.3566125915219484
15,44.935915,-93.166985,2025-04-04T03:15:20Z,-0.301311,-0.120628,0.188415,0.3752860846474327
16,44.936041,-93.167022,2025-04-04T03:15:21Z,-0.308902,-0.067515,0.098654,0.3312270105909239
17,44.936161,-93.167017,2025-04-04T03:15:22Z,-0.271507,-0.089694,0.186953,0.34163209581946485
18,44.936301,-93.167004,2025-04-04T03:15:23Z,-0.398578,-0.088951,0.186301,0.4488705437940877
19,44.936422,-93.167004,2025-04-04T03:15:24Z,-0.349832,-0.11769,0.198752,0.4192084467517323
20,44.936549,-93.167004,2025-04-04T03:15:25Z,-0.29914,-0.065729,0.17498,0.3527365042648691
21,44.936674,-93.167001,2025-04-04T03:15:26Z,-0.23756,-0.075032,0.1274,0.27981299938351684
22,44.9368,-93.167,2025-04-04T03:15:27Z,-0.199721,-0.031631,0.11107,0.23070661651110053
23,44.936926,-93.166999,2025-04-04T03:15:28Z,-0.277593,-0.096152,0.124422,0.3190359146506863
24,44.937055,-93.167002,2025-04-04T03:15:29Z,-0.18335,-0.078801,0.138089,0.2426837283832602
25,44.937185,-93.167002,2025-04-04T03:15:30Z,-0.13167,-0.028244,0.056439,0.14601394850150448
26,44.937313,-93.166996,2025-04-04T03:15:31Z,-0.190537,-0.033749,0.057075,0.2017446380824036
27,44.937444,-93.166994,2025-04-04T03:15:32Z,-0.177377,-0.068211,0.017706,0.19086341473944135
28,44.937573,-93.166994,2025-04-04T03:15:33Z,-0.17276,-0.046505,0.100423,0.20516703330213654
29,44.937702,-93.166974,2025-04-04T03:15:34Z,-0.14816,-0.057801,0.088172,0.18184235696063775
30,44.937835,-93.166966,2025-04-04T03:15:35Z,-0.228342,-0.159914,0.075857,0.288906283782475
31,44.937961,-93.166994,2025-04-04T03:15:36Z,-0.161485,-0.308607,0.077775,0.3568818239964036
32,44.938087,-93.166992,2025-04-04T03:15:37Z,-0.027385,-0.058899,0.140291,0.15459817303901105
33,44.938193,-93.167007,2025-04-04T03:15:38Z,-0.171321,-0.057189,0.116626,0.2149955595774015
34,44.938323,-93.167008,2025-04-04T03:15:39Z,-0.40019,-0.128488,0.25304,0.49060212376629597
35,44.938452,-93.167009,2025-04-04T03:15:40Z,-0.38424,-0.121322,0.124607,0.4217657047852516
36,44.938576,-93.167009,2025-04-04T03:15:41Z,-0.406055,-0.112291,0.169213,0.45400767733046105
37,44.938699,-93.167008,2025-04-04T03:15:42Z,-0.368318,-0.116971,0.142336,0.411825085274076
38,44.938815,-93.166997,2025-04-04T03:15:43Z,-0.360242,-0.098028,0.084792,0.3828491486369011
39,44.938923,-93.167002,2025-04-04T03:15:44Z,-0.379732,-0.066265,0.113208,0.4017505361701463
40,44.93904,-93.167006,2025-04-04T03:15:45Z,-0.254363,-0.158114,0.147172,0.33370671307152333
41,44.939143,-93.167004,2025-04-04T03:15:46Z,-0.250437,-0.141096,0.042275,0.2905407851059813
42,44.939249,-93.167004,2025-04-04T03:15:47Z,-0.258722,-0.045559,0.206986,0.33444865070889435
43,44.939352,-93.166986,2025-04-04T03:15:48Z,-0.716129,-0.206518,0.263586,0.7905491814941055
44,44.939453,-93.167003,2025-04-04T03:15:49Z,-0.848462,-0.235292,0.245441,0.9140521731219723
45,44.939543,-93.167009,2025-04-04T03:15:50Z,-1.027321,-0.268207,0.290208,1.1007016467481094
46,44.939623,-93.166988,2025-04-04T03:15:51Z,-1.042414,-0.253859,0.273862,1.1072812354235033
47,44.93968,-93.167007,2025-04-04T03:15:52Z,-0.859302,-0.256648,0.230687,0.9260046517577544
48,44.939734,-93.167008,2025-04-04T03:15:53Z,-0.607193,-0.173869,0.197132,0.6616455197717279
49,44.939771,-93.167003,2025-04-04T03:15:54Z,-0.499846,-0.111379,0.173611,0.5407329143653085
50,44.939805,-93.167006,2025-04-04T03:15:55Z,-0.522268,-0.158964,0.159862,0.5688490803051368
51,44.939832,-93.167006,2025-04-04T03:15:56Z,-0.37346,-0.080854,0.155828,0.4126646416886235
52,44.939847,-93.167004,2025-04-04T03:15:57Z,0.037052,0.01884,0.018684,0.0455728884316103
53,44.939857,-93.167004,2025-04-04T03:15:58Z,0.23578,0.078671,-0.023083,0.24962804235502067
54,44.939864,-93.167005,2025-04-04T03:15:59Z,0.921823,0.250021,-0.195414,0.9749127013050963
55,44.939875,-93.167007,2025-04-04T03:16:00Z,1.19929,0.322139,-0.260579,1.268846505556129
56,44.939891,-93.167007,2025-04-04T03:16:01Z,1.780178,0.466035,-0.405091,1.8842295643551505
57,44.93992,-93.167007,2025-04-04T03:16:02Z,1.616541,0.409994,-0.378511,1.7101375564082557
58,44.939963,-93.167007,2025-04-04T03:16:03Z,1.46578,0.388084,-0.327704,1.5512930448732116
59,44.940017,-93.167004,2025-04-04T03:16:04Z,1.238572,0.333604,-0.281332,1.3132021635011115
60,44.940079,-93.167002,2025-04-04T03:16:05Z,1.281238,0.30313,-0.309988,1.3526090232169827
61,44.94015,-93.167,2025-04-04T03:16:06Z,1.257397,0.185966,-0.320194,1.3107840273672091
62,44.940232,-93.166998,2025-04-04T03:16:07Z,1.100792,0.292732,-0.286174,1.1744490663132223
63,44.940322,-93.166998,2025-04-04T03:16:08Z,0.874704,0.252799,-0.241675,0.9420303751164291
64,44.940421,-93.166999,2025-04-04T03:16:09Z,0.574708,0.137115,-0.14493,0.6083539375963634
65,44.940524,-93.166998,2025-04-04T03:16:10Z,0.44678,0.107245,-0.131277,0.47785720581989766
66,44.940633,-93.166996,2025-04-04T03:16:11Z,0.032225,-0.02848,-0.050029,0.06597319050947892
67,44.940743,-93.166997,2025-04-04T03:16:12Z,-0.449532,-0.147855,-0.247635,0.5341003775265469
68,44.940854,-93.167002,2025-04-04T03:16:13Z,-1.313357,-0.297399,-0.149519,1.3548832813238934
69,44.940958,-93.167012,2025-04-04T03:16:14Z,-1.04837,-0.342198,0.117951,1.109094931241235
70,44.941046,-93.166993,2025-04-04T03:16:15Z,-0.716901,-0.244317,0.431079,0.8714740068016945
71,44.941129,-93.166993,2025-04-04T03:16:16Z,-0.471452,-0.12414,0.53895,0.7267357362920858
72,44.941208,-93.166993,2025-04-04T03:16:17Z,-0.905515,-0.329353,0.451163,1.0639449545925765
1,44.934432,-93.177208,2025-04-04T03:28:28Z,0.554808,0.136433,-0.378233,0.6851905447698472
2,44.934483,-93.177209,2025-04-04T03:28:29Z,0.507399,0.122966,-0.512239,0.7314117687582009
3,44.934538,-93.177206,2025-04-04T03:28:30Z,0.357463,0.147223,-0.492615,0.6261980088781822
4,44.9346,-93.177206,2025-04-04T03:28:31Z,0.330876,0.028855,-0.461269,0.5684018198088391
5,44.934672,-93.177202,2025-04-04T03:28:32Z,0.184034,0.076332,-0.38459,0.43313341533527516
6,44.934749,-93.177199,2025-04-04T03:28:33Z,0.012765,-0.041014,-0.321935,0.32478798876497883
7,44.934834,-93.177199,2025-04-04T03:28:34Z,-0.059129,0.01206,-0.245143,0.2524614281231887
8,44.934923,-93.177195,2025-04-04T03:28:35Z,-0.289026,-0.105737,-0.198656,0.36630663136367053
9,44.935015,-93.177196,2025-04-04T03:28:36Z,-0.348307,-0.048522,-0.146772,0.3810697714553071
10,44.935107,-93.177196,2025-04-04T03:28:37Z,-0.453407,0.011959,-0.119483,0.4690384980137558
11,44.935204,-93.177191,2025-04-04T03:28:38Z,-0.191419,-0.272928,-0.068558,0.34033972161503573
12,44.935307,-93.177192,2025-04-04T03:28:39Z,-0.193531,-0.059073,-0.124597,0.23763055295773733
13,44.935409,-93.177194,2025-04-04T03:28:40Z,-0.24395,-0.040761,-0.047133,0.2517828058267681
14,44.935511,-93.177193,2025-04-04T03:28:41Z,-0.31665,-0.068697,-0.055247,0.32869245704457534
15,44.935617,-93.17719,2025-04-04T03:28:42Z,-0.229152,-0.089154,-0.029824,0.2476863859722613
16,44.935723,-93.17719,2025-04-04T03:28:43Z,-0.418852,-0.1283,0.013914,0.43828242869181966
17,44.935832,-93.177191,2025-04-04T03:28:44Z,-0.464664,-0.198832,0.013597,0.5056003120341205
18,44.935937,-93.17719,2025-04-04T03:28:45Z,-0.571014,0.10759,0.062935,0.5844599306376785
19,44.93604,-93.177188,2025-04-04T03:28:46Z,-0.228011,-0.315283,0.029225,0.3901877584381653
20,44.936145,-93.177186,2025-04-04T03:28:47Z,-0.211852,0.024077,-0.06995,0.224396912485444
21,44.936253,-93.177189,2025-04-04T03:28:48Z,-0.145659,-0.082777,0.041394,0.17257473524823963
22,44.936355,-93.17719,2025-04-04T03:28:49Z,-0.162543,-0.096181,-0.002834,0.18888897047207387
23,44.936459,-93.177189,2025-04-04T03:28:50Z,-0.173504,0.020446,0.057483,0.18391838467374597
24,44.936558,-93.177193,2025-04-04T03:28:51Z,-0.130897,-0.095809,-0.008088,0.1624155313817001
25,44.936664,-93.177193,2025-04-04T03:28:52Z,-0.158084,-0.007968,-0.002458,0.15830376446566266
26,44.936774,-93.177191,2025-04-04T03:28:53Z,-0.197815,-0.031836,-0.005189,0.20042761995792896
27,44.936874,-93.177185,2025-04-04T03:28:54Z,-0.224755,0.015739,0.030866,0.2274098416999581
28,44.936978,-93.177184,2025-04-04T03:28:55Z,-0.276657,-0.138735,0.023409,0.3103779585521497
29,44.937084,-93.177184,2025-04-04T03:28:56Z,-0.219692,-0.141085,0.054809,0.26678376744097454
30,44.93719,-93.177185,2025-04-04T03:28:57Z,-0.15299,-0.069582,0.049174,0.17511618171945162
31,44.937292,-93.177186,2025-04-04T03:28:58Z,0.058482,-0.035949,-0.060696,0.09163230511669998
32,44.937391,-93.177188,2025-04-04T03:28:59Z,0.091903,-0.010954,-0.011203,0.0932290659290331
33,44.937493,-93.177189,2025-04-04T03:29:00Z,0.069775,0.075295,0.011155,0.10325851865584748
34,44.937596,-93.177188,2025-04-04T03:29:01Z,0.149173,0.046922,0.052932,0.16509407814031368
35,44.937702,-93.177186,2025-04-04T03:29:02Z,0.081586,0.032458,-0.015693,0.08919679035144706
36,44.937806,-93.177186,2025-04-04T03:29:03Z,0.169963,-0.083537,-0.007768,0.18954206277763255
37,44.937909,-93.177183,2025-04-04T03:29:04Z,0.195128,-0.006063,-0.074652,0.20900865402418148
38,44.938017,-93.177181,2025-04-04T03:29:05Z,-0.117145,0.01718,0.026837,0.12140151561656881
39,44.938129000000004,-93.17718,2025-04-04T03:29:06Z,0.105305,0.045972,-6.36e-4,0.11490418749984702
40,44.938238,-93.177179,2025-04-04T03:29:07Z,0.07958,-0.077992,-0.00586,0.11157987302376715
41,44.938348,-93.177176,2025-04-04T03:29:08Z,0.056934,0.077896,0.001685,0.09649925594013667
42,44.938461,-93.177174,2025-04-04T03:29:09Z,0.064631,0.007895,-0.007275,0.06551658424399123
43,44.938578,-93.177177,2025-04-04T03:29:10Z,0.089258,-0.009795,0.033387,0.09579991836113433
44,44.938691,-93.177178,2025-04-04T03:29:11Z,0.063263,0.00392,-0.01836,0.06598987171528672
45,44.938809,-93.17717,2025-04-04T03:29:12Z,-0.245028,0.01185,0.088354,0.26074043146393694
46,44.938926,-93.177169,2025-04-04T03:29:13Z,-0.240724,-0.139434,0.033687,0.28022258742114275
47,44.939038,-93.17717,2025-04-04T03:29:14Z,-0.195665,-0.142621,0.128026,0.27389085151205766
48,44.939151,-93.177171,2025-04-04T03:29:15Z,-0.22827,-0.032545,0.101243,0.25182635877524817
49,44.939259,-93.177171,2025-04-04T03:29:16Z,-0.222295,-0.062028,0.055053,0.2372622444005788
50,44.939359,-93.17717,2025-04-04T03:29:17Z,-0.628736,-0.219609,0.146818,0.6819769759317391
51,44.939458,-93.177168,2025-04-04T03:29:18Z,-0.845529,-0.226697,0.284438,0.9204432603338458
52,44.939555,-93.177169,2025-04-04T03:29:19Z,-0.809798,-0.225696,0.216446,0.8680785426077527
53,44.939644,-93.177169,2025-04-04T03:29:20Z,-0.835347,-0.196597,0.245438,0.8925776171639079
54,44.939724,-93.177171,2025-04-04T03:29:21Z,-0.883498,-0.222087,0.203522,0.933441244030389
55,44.939788,-93.177176,2025-04-04T03:29:22Z,-0.938916,-0.275687,0.257415,1.0118443848981917
56,44.939841,-93.177176,2025-04-04T03:29:23Z,-0.852388,-0.22031,0.229835,0.9099043498461803
57,44.939888,-93.177176,2025-04-04T03:29:24Z,-0.678468,-0.209708,0.188526,0.7347369086713964
58,44.939916,-93.177176,2025-04-04T03:29:25Z,-0.626956,-0.139998,0.204385,0.6741264674858864
59,44.939941,-93.177179,2025-04-04T03:29:26Z,-0.342877,-0.073271,0.113729,0.36860217309587306
60,44.93996,-93.17719,2025-04-04T03:29:27Z,-0.085304,-0.020191,0.076567,0.11639138450074388
61,44.939968,-93.177186,2025-04-04T03:29:28Z,0.212124,0.066102,-0.018148,0.22292468612515753
62,44.939972,-93.177184,2025-04-04T03:29:29Z,0.313496,0.091812,-0.038356,0.3289078413416135
63,44.93997,-93.177184,2025-04-04T03:29:29Z,0.49948,0.139188,-0.098448,0.527774173722057
64,44.939974,-93.177184,2025-04-04T03:29:30Z,0.503447,0.140131,-0.09048,0.530360452305788
65,44.939979,-93.177188,2025-04-04T03:29:31Z,0.499475,0.140274,-0.092695,0.5270146428003685
66,44.939978,-93.177185,2025-04-04T03:29:32Z,0.481912,0.134392,-0.084914,0.5074551929027823
67,44.939974,-93.177185,2025-04-04T03:29:33Z,0.441108,0.120948,-0.078043,0.4639993493713111
68,44.939974,-93.177185,2025-04-04T03:29:34Z,0.398427,0.109073,-0.072339,0.41937325210246773
69,44.939976,-93.177186,2025-04-04T03:29:35Z,0.370021,0.09744,-0.058846,0.3871342735498886
70,44.939975,-93.177186,2025-04-04T03:29:36Z,0.34488,0.088838,-0.05318,0.36008681875903203
71,44.939975,-93.177186,2025-04-04T03:29:37Z,0.322748,0.083657,-0.051847,0.3374209189750985
72,44.939975,-93.177186,2025-04-04T03:29:38Z,0.306419,0.07942,-0.042676,0.3194078598547631
73,44.939975,-93.177186,2025-04-04T03:29:39Z,0.282905,0.071334,-0.042501,0.2948391317006615
74,44.939975,-93.177186,2025-04-04T03:29:40Z,0.271815,0.065416,-0.034987,0.28175652157492287
75,44.939975,-93.177186,2025-04-04T03:29:41Z,0.249066,0.061205,-0.032792,0.2585638018845639
76,44.939975,-93.177186,2025-04-04T03:29:42Z,0.238463,0.055917,-0.024,0.24610427314047192
77,44.939975,-93.177186,2025-04-04T03:29:43Z,0.216087,0.051449,-0.026677,0.22372360961463142
78,44.939975,-93.177186,2025-04-04T03:29:44Z,0.686761,0.166937,-0.142542,0.720990190539372
79,44.939983,-93.177183,2025-04-04T03:29:45Z,1.112873,0.286709,-0.238082,1.1736146742155196
80,44.939992,-93.177183,2025-04-04T03:29:46Z,1.640136,0.454168,-0.413255,1.751312183976632
81,44.940014,-93.177186,2025-04-04T03:29:47Z,0.914808,0.274566,-0.211534,0.9782672428206926
82,44.940049,-93.177187,2025-04-04T03:29:48Z,0.697576,0.160433,-0.073152,0.7195152801497686
83,44.94009,-93.177188,2025-04-04T03:29:49Z,0.909096,-0.020962,-0.135336,0.9193534551824994
84,44.940138,-93.177187,2025-04-04T03:29:50Z,0.970714,0.269547,-0.178951,1.0232129374700067
85,44.940198,-93.177186,2025-04-04T03:29:51Z,0.765236,0.254245,-0.200905,0.8310171326428837
86,44.940269,-93.177184,2025-04-04T03:29:52Z,0.506003,0.076367,-0.117645,0.5250821847320665
87,44.940349,-93.177181,2025-04-04T03:29:53Z,0.234824,0.004007,-0.092822,0.2525357216494332
88,44.940437,-93.177181,2025-04-04T03:29:54Z,-0.08187,0.025317,0.071423,0.11155667760380819
89,44.940531,-93.177181,2025-04-04T03:29:55Z,-0.476222,-0.106998,0.160466,0.5137950004077502
90,44.940629,-93.177182,2025-04-04T03:29:56Z,-0.671023,-0.179515,0.173922,0.7160631004583325
91,44.940724,-93.177181,2025-04-04T03:29:57Z,-0.617993,-0.225502,0.167826,0.6789197790085365
92,44.940817,-93.177178,2025-04-04T03:29:58Z,-0.669781,-0.147708,0.18796,0.711163274378676
93,44.940904,-93.177179,2025-04-04T03:29:59Z,-0.582137,-0.197671,0.163438,0.6361362203600736
94,44.940992,-93.177178,2025-04-04T03:30:00Z,-1.002679,-0.273524,0.309261,1.0843536884882166
95,44.941079,-93.177178,2025-04-04T03:30:01Z,-1.549468,-0.354554,0.406158,1.6405864630990956
96,44.941152,-93.177176,2025-04-04T03:30:02Z,-1.434548,-0.44892,0.479759,1.5778548186652026
1,44.941646,-93.177045,2025-04-04T03:11:32Z,-1.546578,-0.435895,0.604474,1.7167692849608536
2,44.941615,-93.177078,2025-04-04T03:11:33Z,-1.317595,-0.380617,0.658219,1.52124230044888
3,44.94159,-93.177106,2025-04-04T03:11:34Z,-0.746874,-0.209947,0.497216,0.9214783043246325
4,44.941572,-93.177128,2025-04-04T03:11:35Z,-0.306534,-0.098438,0.365742,0.4872579846077435
5,44.941558,-93.177148,2025-04-04T03:11:36Z,-0.047109,-0.020133,0.293153,0.29759582822848846
6,44.941548,-93.177167,2025-04-04T03:11:37Z,-0.024489,-0.019224,0.276832,0.27857715182871695
7,44.941539,-93.177183,2025-04-04T03:11:38Z,-0.007463,-0.016301,0.263163,0.2637729772721232
8,44.941533,-93.177197,2025-04-04T03:11:39Z,0.009542,-0.01013,0.250472,0.25085830551927113
9,44.941527,-93.177209,2025-04-04T03:11:40Z,0.022234,-0.006759,0.237594,0.23872776058305412
10,44.941522,-93.17722,2025-04-04T03:11:41Z,0.033161,-0.005235,0.225422,0.22790817280211784
11,44.941522,-93.17722,2025-04-04T03:11:42Z,0.043314,-0.001748,0.211247,0.21564891168053688
12,44.941522,-93.17722,2025-04-04T03:11:43Z,0.052557,2.7e-4,0.200761,0.2075266013551034
13,44.941522,-93.17722,2025-04-04T03:11:44Z,0.057896,5.3e-5,0.189666,0.19830567611896538
14,44.941522,-93.17722,2025-04-04T03:11:45Z,0.063393,0.001188,0.179475,0.19034536878526884
15,44.941522,-93.17722,2025-04-04T03:11:46Z,0.062166,0.003092,0.162623,0.17412757434995757
16,44.941522,-93.17722,2025-04-04T03:11:47Z,0.068911,0.003587,0.15718,0.17165996880461093
17,44.941522,-93.17722,2025-04-04T03:11:48Z,0.071607,0.00304,0.146802,0.16336349424825608
18,44.941522,-93.17722,2025-04-04T03:11:49Z,0.069228,0.003669,0.135363,0.15208260687534259
19,44.941522,-93.17722,2025-04-04T03:11:50Z,0.118054,0.016462,0.113318,0.16446493086369507
20,44.941522,-93.17722,2025-04-04T03:11:51Z,0.469959,0.108913,0.00953,0.4825083669222742
21,44.941495,-93.177273,2025-04-04T03:11:52Z,1.413637,0.365437,-0.275053,1.485788653055003
22,44.941492,-93.177273,2025-04-04T03:11:53Z,1.76157,0.437351,-0.427416,1.864695470889818
23,44.941474,-93.177272,2025-04-04T03:11:54Z,1.320444,0.307749,-0.15946,1.365177386179906
24,44.941403,-93.177267,2025-04-04T03:11:55Z,1.005856,0.15285,-0.032007,1.0179066083315307
25,44.94134,-93.177258,2025-04-04T03:11:56Z,0.813633,0.241779,-0.004225,0.8488071595804315
26,44.941286,-93.177256,2025-04-04T03:11:57Z,0.687586,0.268777,0.023938,0.7386397030819559
27,44.941212,-93.177256,2025-04-04T03:11:58Z,0.529176,0.052076,-0.109446,0.5428789696313534
28,44.941135,-93.177251,2025-04-04T03:11:59Z,0.251438,0.088677,0.029233,0.26821492587475443
29,44.941037,-93.177255,2025-04-04T03:12:00Z,0.252873,0.058129,-0.015176,0.25991161141049474
30,44.940953,-93.177267,2025-04-04T03:12:01Z,-0.12667,-0.057905,0.058,0.15087172672505608
31,44.940861,-93.177266,2025-04-04T03:12:02Z,-0.199343,-0.055575,0.109296,0.23403381783408994
32,44.940759,-93.177269,2025-04-04T03:12:03Z,-0.473024,-0.090926,0.093591,0.4906918761636471
33,44.940656,-93.17726,2025-04-04T03:12:04Z,-0.381048,-0.143345,0.06645,0.4125057209651764
34,44.940549,-93.17726,2025-04-04T03:12:05Z,-0.351939,-0.092178,0.099322,0.3771242541775854
35,44.940438,-93.17726,2025-04-04T03:12:06Z,-0.348754,-0.047029,0.137955,0.37798500153048403
36,44.940333,-93.177254,2025-04-04T03:12:07Z,-0.32473,-0.077257,0.193677,0.385913199149757
37,44.940225,-93.177259,2025-04-04T03:12:08Z,-0.372729,-0.065903,0.11038,0.39427637166079327
38,44.940112,-93.177264,2025-04-04T03:12:09Z,-0.133503,-0.423688,0.082342,0.4517906343838925
39,44.939998,-93.177264,2025-04-04T03:12:10Z,-0.17455,0.152642,0.060748,0.23970315427211217
40,44.939894,-93.177265,2025-04-04T03:12:11Z,-0.445704,-0.100235,0.192321,0.49566770913788605
41,44.939789,-93.177264,2025-04-04T03:12:12Z,-0.308575,-0.063622,0.118056,0.33645729096721916
42,44.939677,-93.177267,2025-04-04T03:12:13Z,-0.304847,-0.056411,0.07683,0.3194005999211648
43,44.939568,-93.177261,2025-04-04T03:12:14Z,-0.306599,-0.076964,0.119415,0.3379147027313254
44,44.939464,-93.177264,2025-04-04T03:12:15Z,-0.297439,-0.11288,0.12722,0.3426321373149343
45,44.939356,-93.177263,2025-04-04T03:12:16Z,-0.354128,-0.120159,0.159081,0.4063884720633695
46,44.939251,-93.177263,2025-04-04T03:12:17Z,-0.273367,-0.096015,0.042686,0.2928659958240287
47,44.939144,-93.177268,2025-04-04T03:12:18Z,-0.26396,-0.071849,0.096265,0.29000708719960616
48,44.939051,-93.177235,2025-04-04T03:12:19Z,-0.024533,-0.189477,0.08076,0.2074260813350144
49,44.938936,-93.177267,2025-04-04T03:12:20Z,-0.128434,0.11382,-0.013434,0.17213586817395146
50,44.938827,-93.177268,2025-04-04T03:12:21Z,-0.015786,-0.02081,0.011911,0.028707591626606365
51,44.938721,-93.177268,2025-04-04T03:12:22Z,0.005861,-0.019337,-0.00112,0.020236731208374537
52,44.93861,-93.177264,2025-04-04T03:12:23Z,0.023989,-0.015896,0.021871,0.03614547797442994
53,44.938496,-93.17727,2025-04-04T03:12:24Z,-0.09916,-0.066556,0.051513,0.13006150816056225
54,44.938383,-93.177259,2025-04-04T03:12:25Z,-0.09776,-0.042353,0.089661,0.13924758213340727
55,44.93827,-93.177258,2025-04-04T03:12:26Z,-0.096824,-0.024308,0.049382,0.11137480758232536
56,44.938153,-93.177265,2025-04-04T03:12:27Z,-0.06207,-0.017316,0.083011,0.10508736782791736
57,44.938037,-93.177261,2025-04-04T03:12:28Z,-0.142348,0.06968,0.066331,0.17180819848016565
58,44.937913,-93.17725,2025-04-04T03:12:29Z,-0.013578,-0.221959,0.114843,0.2502779942663757
59,44.93781,-93.177276,2025-04-04T03:12:30Z,-0.027365,0.01153,-0.072421,0.07827250708901562
60,44.937691,-93.177267,2025-04-04T03:12:31Z,-0.057329,-0.002061,0.050248,0.07626089080256013
61,44.937575,-93.177273,2025-04-04T03:12:32Z,-0.018873,-0.050193,0.049011,0.07264713001213469
62,44.937458,-93.177269,2025-04-04T03:12:33Z,-0.043062,-0.053516,-0.049826,0.08485828407409615
63,44.937341,-93.177267,2025-04-04T03:12:34Z,0.010828,-0.006575,0.007813,0.014883520349702218
64,44.937224,-93.177269,2025-04-04T03:12:35Z,0.007907,-0.015077,0.023551,0.029060044373675688
65,44.937109,-93.177262,2025-04-04T03:12:36Z,0.042422,-0.05348,-0.073932,0.10062642350794349
66,44.936988,-93.17727,2025-04-04T03:12:37Z,0.166514,-0.016775,0.052337,0.1753495776727164
67,44.936872,-93.177275,2025-04-04T03:12:38Z,-0.012511,0.066453,0.114075,0.13261082895073084
68,44.936745,-93.177279,2025-04-04T03:12:39Z,0.027906,-0.063362,0.066603,0.09607001347454885
69,44.936629,-93.177269,2025-04-04T03:12:40Z,0.035752,0.017753,-0.068559,0.0793329124260543
70,44.936503,-93.177276,2025-04-04T03:12:41Z,-0.043029,0.029052,0.012325,0.05336121409788199
71,44.936381,-93.177275,2025-04-04T03:12:42Z,0.028131,-0.108602,0.003517,0.11224133309080038
72,44.93626,-93.177274,2025-04-04T03:12:43Z,-0.132753,0.05053,0.051733,0.151171899498551
73,44.936162,-93.177267,2025-04-04T03:12:44Z,0.076753,-0.348874,0.149924,0.38740327394202545
74,44.936017,-93.177272,2025-04-04T03:12:45Z,-0.176584,0.234201,-0.031792,0.29503008104428946
75,44.935897,-93.177269,2025-04-04T03:12:46Z,-0.20417,-0.05899,0.098124,0.23408017510246354
76,44.935778,-93.177276,2025-04-04T03:12:47Z,0.025413,-0.040954,0.041168,0.06338655148373351
77,44.935658,-93.177266,2025-04-04T03:12:48Z,0.106078,-0.047291,0.00835,0.11644184499139473
78,44.935539,-93.177261,2025-04-04T03:12:49Z,-0.048466,0.008264,-0.061869,0.0790254390244053
79,44.935417,-93.177273,2025-04-04T03:12:50Z,-0.038235,-0.002,-0.080702,0.08932372601386486
80,44.935297,-93.177271,2025-04-04T03:12:51Z,-0.135863,-0.049521,-0.182136,0.23256097416806631
81,44.935182,-93.177264,2025-04-04T03:12:52Z,-0.04651,-0.150484,-0.118702,0.1972277342566202
82,44.935067,-93.177275,2025-04-04T03:12:53Z,-0.162091,-0.008827,-0.100405,0.1908731836455818
83,44.934945,-93.177257,2025-04-04T03:12:54Z,-0.312408,-0.070363,0.112066,0.33927643388393486
84,44.934825,-93.177246,2025-04-04T03:12:55Z,-0.585104,-0.218636,0.523306,0.8148604548927381
85,44.934719,-93.177248,2025-04-04T03:12:56Z,-0.991415,-0.270836,0.427071,1.112944509021901
86,44.934618,-93.177259,2025-04-04T03:12:57Z,-1.290625,-0.346816,0.352958,1.3822349938577738
87,44.934531,-93.177245,2025-04-04T03:12:58Z,-1.372821,-0.354378,0.414217,1.477090717597941
1,44.934274,-93.167342,2025-04-04T03:27:09Z,1.017277,0.305274,-0.835053,1.3510581862429167
2,44.934277,-93.16742,2025-04-04T03:27:10Z,0.824017,0.233313,-0.777446,1.1566595243086877
3,44.934279,-93.167521,2025-04-04T03:27:11Z,0.64937,0.167722,-0.796091,1.0409480997941252
4,44.934281,-93.167638,2025-04-04T03:27:12Z,0.487284,0.137668,-0.768315,0.9201663513218683
5,44.934285,-93.167768,2025-04-04T03:27:13Z,0.202453,0.035162,-0.719869,0.7486220412290838
6,44.934288,-93.16791,2025-04-04T03:27:14Z,-0.0203,0.090253,-0.611344,0.6183034694589704
7,44.93429,-93.168058,2025-04-04T03:27:15Z,-0.092724,-0.021498,-0.605577,0.6130117511997629
8,44.934292,-93.168214,2025-04-04T03:27:16Z,-0.13185,-0.041328,-0.463887,0.48402848558013606
9,44.934292,-93.168372,2025-04-04T03:27:17Z,-0.250839,-0.07195,-0.45523,0.5247202676865074
10,44.934291,-93.16854,2025-04-04T03:27:18Z,-0.446878,-0.143011,-0.361295,0.5921876138775616
11,44.93429,-93.168712,2025-04-04T03:27:19Z,-0.522041,-0.078703,-0.195564,0.5629975541563214
12,44.934291,-93.168888,2025-04-04T03:27:20Z,-0.52719,-0.126246,-0.113568,0.5538637370689654
13,44.934292,-93.169061,2025-04-04T03:27:21Z,-0.689582,-0.193703,-0.086994,0.721534575033657
14,44.934296,-93.169231,2025-04-04T03:27:22Z,-0.68478000000000006,-0.171057,-0.013433,0.7059494253400878
15,44.934294,-93.169406,2025-04-04T03:27:23Z,-0.624408,-0.113029,0.067664,0.6381530554663198
16,44.934294,-93.169579,2025-04-04T03:27:24Z,-0.518812,-0.216703,0.047409,0.5642461296579712
17,44.934294,-93.169747,2025-04-04T03:27:25Z,-0.378813,-0.240645,-0.007522,0.44884951317562993
18,44.934296,-93.169909,2025-04-04T03:27:26Z,-0.391404,-0.046865,-0.079262,0.4020893981255909
19,44.934297,-93.170073,2025-04-04T03:27:27Z,-0.370925,-0.124304,-0.07074,0.3975436927445838
20,44.934299,-93.170236,2025-04-04T03:27:28Z,-0.247619,-0.129704,-0.078262,0.2902813073916404
21,44.9343,-93.170399,2025-04-04T03:27:29Z,-0.315144,-0.03522,-0.052274,0.32138568762780956
22,44.9343,-93.170562,2025-04-04T03:27:30Z,-0.308003,-0.104199,-0.041243,0.32775641055363053
23,44.934301,-93.170725,2025-04-04T03:27:31Z,-0.248864,-0.161043,-0.046862,0.3001069565821492
24,44.9343,-93.17089,2025-04-04T03:27:32Z,-0.341628,-0.006626,-0.070088,0.3488064248318829
25,44.9343,-93.171052,2025-04-04T03:27:33Z,-0.264441,-0.132527,-0.035508,0.29791486413739077
26,44.9343,-93.17121,2025-04-04T03:27:34Z,-0.186759,-0.037765,-0.011068,0.19086021044209295
27,44.934299,-93.171371,2025-04-04T03:27:35Z,-0.11102,-0.09378,0.12089,0.18903576619253828
28,44.934298,-93.171527,2025-04-04T03:27:36Z,-0.165182,-0.090526,0.038177,0.19219139712536562
29,44.9343,-93.171684,2025-04-04T03:27:37Z,-0.14959,-0.020437,-0.00939,0.1512713164119358
30,44.934301,-93.171843,2025-04-04T03:27:38Z,-0.197443,0.036293,-0.021884,0.20194016330091447
31,44.934301,-93.172,2025-04-04T03:27:39Z,-0.114216,-0.167171,-0.117438,0.23405794526356075
32,44.934303,-93.172154,2025-04-04T03:27:40Z,-0.143315,0.040926,0.078301,0.1683602485802394
33,44.934303,-93.17231,2025-04-04T03:27:41Z,-0.0606,-0.066727,0.114188,0.1454776679528511
34,44.934304,-93.172462,2025-04-04T03:27:42Z,-0.093731,0.016984,0.016544,0.09668330027983116
35,44.934305,-93.172613,2025-04-04T03:27:43Z,-0.092339,-0.061245,0.012164,0.11146929551226205
36,44.934304,-93.172767,2025-04-04T03:27:44Z,-0.018514,-0.068509,-0.033002,0.07826482786667328
37,44.934306,-93.172914,2025-04-04T03:27:45Z,-0.007254,0.008278,-0.023886,0.026299939087381933
38,44.934307,-93.173066,2025-04-04T03:27:46Z,-0.012775,0.005993,-0.033782,0.03661065689112939
39,44.934308,-93.173212,2025-04-04T03:27:47Z,-0.084107,0.112039,-0.047757,0.14801167527935086
40,44.93431,-93.173362,2025-04-04T03:27:48Z,-0.058887,-0.133121,0.040574,0.15111296729930226
41,44.934309,-93.173507,2025-04-04T03:27:49Z,-0.005155,0.045386,0.006712,0.046168322094267196
42,44.934309,-93.173652,2025-04-04T03:27:50Z,0.077946,0.002916,-0.018284,0.08011483400719245
43,44.934311,-93.173801,2025-04-04T03:27:51Z,0.108878,-0.03464,-0.013331,0.11503070913890777
44,44.934311,-93.173946,2025-04-04T03:27:52Z,0.12083,0.044639,0.024122,0.13105113545864455
45,44.934311,-93.174094,2025-04-04T03:27:53Z,0.076379,0.043512,0.028051,0.09227082088070963
46,44.934313,-93.174243,2025-04-04T03:27:54Z,0.001155,-0.001372,0.061237,0.06126325634505564
47,44.934315,-93.174387,2025-04-04T03:27:55Z,0.056792,0.028603,-0.036516,0.0733272195640882
48,44.934316,-93.174536,2025-04-04T03:27:56Z,0.023363,0.017124,0.0263,0.03912481495163907
49,44.934318,-93.174684,2025-04-04T03:27:57Z,-0.156369,-0.045853,0.031587,0.16598644625089123
50,44.934315,-93.17483,2025-04-04T03:27:58Z,-0.141217,-0.049494,0.023987,0.15154957371764527
51,44.934315,-93.174974,2025-04-04T03:27:59Z,-0.074391,-0.080446,0.021182,0.1115986421109146
52,44.934314,-93.175116,2025-04-04T03:28:00Z,-0.138314,-0.019912,0.031045,0.14314692579653954
53,44.934312,-93.175257,2025-04-04T03:28:01Z,-0.028548,-0.048192,0.092858,0.10844383491927975
54,44.934311,-93.175392,2025-04-04T03:28:02Z,-0.025515,-0.009732,0.091355,0.09534916399213997
55,44.934311,-93.175529,2025-04-04T03:28:03Z,0.025082,-0.001178,0.059292,0.0643897171293678
56,44.934311,-93.175664,2025-04-04T03:28:04Z,0.080457,0.020686,-0.004987,0.08322325164279512
57,44.934304,-93.175803,2025-04-04T03:28:05Z,0.109974,-0.04143,-0.022196,0.11959677249825766
58,44.934308,-93.175937,2025-04-04T03:28:06Z,0.118688,0.080944,-0.042849,0.14991600742082214
59,44.934311,-93.176068,2025-04-04T03:28:07Z,0.096931,-0.009585,-0.08365,0.12839319875289346
60,44.934315,-93.176201,2025-04-04T03:28:08Z,-0.007129,0.015534,-0.003751,0.017498508450722306
61,44.934315,-93.176337,2025-04-04T03:28:09Z,-0.113677,-0.064376,0.057861,0.14287975722963697
62,44.934316,-93.176469,2025-04-04T03:28:10Z,-0.235581,-0.094077,0.390627,0.4657664034889163
63,44.934318,-93.176595,2025-04-04T03:28:11Z,-0.47416,-0.101822,0.297701,0.5690529946191303
64,44.934323,-93.176712,2025-04-04T03:28:12Z,-0.68044,-0.209931,0.173055,0.7328148820718641
65,44.934326,-93.176825,2025-04-04T03:28:13Z,-1.149636,-0.322015,0.272899,1.2246756537638854
66,44.93433,-93.176919,2025-04-04T03:28:14Z,-1.534544,-0.408818,0.410454,1.6402530082813442
67,44.934332,-93.176987,2025-04-04T03:28:15Z,-1.683291,-0.450482,0.464495,1.803374123145278
68,44.934334,-93.177029,2025-04-04T03:28:16Z,-1.280176,-0.35332,0.327436,1.367808446922302
1,44.934289,-93.177011,2025-04-04T03:13:05Z,0.482308,0.22486,0.358149,0.6414465937745714
2,44.934282,-93.176941,2025-04-04T03:13:06Z,0.544529,0.142682,0.417165,0.7006401517112761
3,44.934291,-93.176865,2025-04-04T03:13:07Z,0.92116,0.232914,0.389106,1.0267366537881075
4,44.934292,-93.176774,2025-04-04T03:13:08Z,0.799725,0.211267,0.472509,0.9526062019507326
5,44.934292,-93.176671,2025-04-04T03:13:09Z,0.560959,0.171229,0.477733,0.7564543538185236
6,44.934291,-93.176557,2025-04-04T03:13:10Z,0.261333,0.039162,0.533768,0.5955979155076014
7,44.934275,-93.176438,2025-04-04T03:13:11Z,0.234081,0.118094,0.56388,0.6218526849640517
8,44.934286,-93.176316,2025-04-04T03:13:12Z,0.232547,0.023906,0.603047,0.6467729804606869
9,44.934286,-93.176189,2025-04-04T03:13:13Z,0.140017,0.022423,0.567742,0.5851824756279018
10,44.934283,-93.176051,2025-04-04T03:13:14Z,0.090502,0.034883,0.482312,0.49196778455199686
11,44.934282,-93.175912,2025-04-04T03:13:15Z,0.003942,-8.71e-4,0.393451,0.3934717110619263
12,44.934282,-93.175769,2025-04-04T03:13:16Z,-0.020541,-0.021606,0.368741,0.36994415389082713
13,44.934282,-93.17562,2025-04-04T03:13:17Z,-0.087399,-0.04951,0.370428,0.38380558683401156
14,44.934281,-93.175467,2025-04-04T03:13:18Z,-0.263318,-0.042708,0.407468,0.4870220871911252
15,44.934279,-93.175312,2025-04-04T03:13:19Z,-0.296371,-0.144119,0.468524,0.5728182908898772
16,44.934281,-93.175159,2025-04-04T03:13:20Z,-0.360258,-0.071332,0.491055,0.6131958038122897
17,44.934277,-93.17501,2025-04-04T03:13:21Z,-0.434381,-0.126056,0.38902,0.5965848880897001
18,44.934274,-93.174855,2025-04-04T03:13:22Z,-0.345611,-0.193098,0.374068,0.5446656493198373
19,44.934277,-93.174696,2025-04-04T03:13:23Z,-0.319746,-0.091823,0.295137,0.4447188062292846
20,44.934269,-93.174555,2025-04-04T03:13:24Z,-0.347041,0.017166,0.211029,0.40652843206595035
21,44.93427,-93.174402,2025-04-04T03:13:25Z,-0.274307,-0.071862,0.20999,0.3528516365173896
22,44.934275,-93.174258,2025-04-04T03:13:26Z,-0.284576,-0.076315,0.208206,0.36077308302726796
23,44.934271,-93.174106,2025-04-04T03:13:27Z,-0.198871,-0.058813,0.293067,0.35902215822843025
24,44.934276,-93.173963,2025-04-04T03:13:28Z,-0.1566,-0.049418,0.349229,0.3859100843007345
25,44.934274,-93.173808,2025-04-04T03:13:29Z,-0.127012,-0.074248,0.316041,0.34860683775422424
26,44.934272,-93.173666,2025-04-04T03:13:30Z,-0.165211,-0.063288,0.232909,0.2924835854300203
27,44.934271,-93.17352,2025-04-04T03:13:31Z,-0.228857,0.089439,0.242414,0.3451657696904489
28,44.934276,-93.173373,2025-04-04T03:13:32Z,0.026754,-0.161682,0.078336,0.18164078434096237
29,44.934272,-93.173225,2025-04-04T03:13:33Z,-0.177409,-0.036617,0.218413,0.28375869420865324
30,44.93427,-93.173081,2025-04-04T03:13:34Z,-0.141299,-0.017711,0.172558,0.22373053051830008
31,44.934271,-93.172934,2025-04-04T03:13:35Z,-0.052374,-0.016075,0.157616,0.16686594906391178
32,44.934273,-93.172788,2025-04-04T03:13:36Z,0.135673,-0.008475,0.064133,0.15030645442894325
33,44.934271,-93.172641,2025-04-04T03:13:37Z,0.134452,0.009665,0.038918,0.14030453753531993
34,44.93427,-93.17249,2025-04-04T03:13:38Z,0.118867,0.074339,0.052847,0.14982808821779714
35,44.934269,-93.172337,2025-04-04T03:13:39Z,0.083101,-0.012782,-0.005678,0.08426977755399619
36,44.934267,-93.172181,2025-04-04T03:13:40Z,0.076281,-0.014684,0.115787,0.1394311306201022
37,44.934269,-93.172026,2025-04-04T03:13:41Z,0.079657,-0.023942,0.038236,0.09154479072563332
38,44.934266,-93.171868,2025-04-04T03:13:42Z,0.016949,0.060152,0.039468,0.07391383313697106
39,44.934254,-93.171705,2025-04-04T03:13:43Z,0.020073,0.003779,0.136467,0.1379871307731268
40,44.934235,-93.171541,2025-04-04T03:13:44Z,0.031986,-0.015872,0.02967,0.04642556924799092
41,44.934263,-93.171387,2025-04-04T03:13:45Z,0.069636,-0.04195,0.065318,0.10428526319667608
42,44.934263,-93.171227,2025-04-04T03:13:46Z,0.035613,-0.058817,0.056857,0.08922131868001056
43,44.934261,-93.171063,2025-04-04T03:13:47Z,0.017562,0.006976,0.098905,0.10069402884481285
44,44.934262,-93.170901,2025-04-04T03:13:48Z,-0.004687,1e-6,0.063688,0.0638602326491221
45,44.934261,-93.170733,2025-04-04T03:13:49Z,-0.077408,-0.079509,0.041784,0.11857310909729912
46,44.93426,-93.170574,2025-04-04T03:13:50Z,-0.141527,-0.039182,0.034741,0.15090413491352714
47,44.934259,-93.170412,2025-04-04T03:13:51Z,-0.095155,-0.015944,0.030238,0.10110896006289452
48,44.934259,-93.170252,2025-04-04T03:13:52Z,-0.124048,-0.070563,0.044769,0.1495704069460266
49,44.93426,-93.170093,2025-04-04T03:13:53Z,-0.063977,-0.049434,0.043848,0.09197512701268752
50,44.934256,-93.169936,2025-04-04T03:13:54Z,-0.018184,0.008706,0.087922,0.09020382683678116
51,44.93426,-93.169779,2025-04-04T03:13:55Z,0.07198,-0.091397,0.088984,0.14646734880170392
52,44.934259,-93.169621,2025-04-04T03:13:56Z,0.180551,-0.07886,0.097892,0.2200009246912385
53,44.934262,-93.16946,2025-04-04T03:13:57Z,0.086323,0.052542,0.015793,0.10228265220456496
54,44.934257,-93.1693,2025-04-04T03:13:58Z,0.079489,0.013417,-0.002384,0.08064862346004426
55,44.934256,-93.169138,2025-04-04T03:13:59Z,0.120929,0.002652,-0.049583,0.1307261643053907
56,44.934255,-93.168975,2025-04-04T03:14:00Z,0.105733,0.041827,-0.077346,0.13751861304565285
57,44.934256,-93.168808,2025-04-04T03:14:01Z,0.082581,-0.011512,-0.08527,0.11926072532481094
58,44.934257,-93.168642,2025-04-04T03:14:02Z,0.056745,0.060477,-0.007251,0.08324685912993955
59,44.934258,-93.168475,2025-04-04T03:14:03Z,-0.060641,-0.096251,0.105217,0.15495871376273102
60,44.934261,-93.168308,2025-04-04T03:14:04Z,-0.217314,-0.050785,0.191797,0.2942627737754132
61,44.934256,-93.168144,2025-04-04T03:14:05Z,-0.213107,-0.103093,0.215592,0.32019161538366364
62,44.934257,-93.167987,2025-04-04T03:14:06Z,-0.452333,-0.12405,0.261406,0.5369605592825231
63,44.934254,-93.167828,2025-04-04T03:14:07Z,-1.13566,-0.328023,0.324932,1.2259296589743638
64,44.934257,-93.167691,2025-04-04T03:14:08Z,-1.543236,-0.460887,0.373514,1.6533320557773628
65,44.934253,-93.167572,2025-04-04T03:14:09Z,-1.549292,-0.430588,0.394099,1.6556043454910958
66,44.934253,-93.167479,2025-04-04T03:14:10Z,-1.502459,-0.399268,0.409854,1.6077245671510403
67,44.934253,-93.167406,2025-04-04T03:14:11Z,-1.248923,-0.34339,0.321155,1.3344908714764594
68,44.934256,-93.167359,2025-04-04T03:14:12Z,-0.761754,-0.263719,0.227582,0.8376218921452567
69,44.934254,-93.167322,2025-04-04T03:14:13Z,-0.282825,-0.041233,0.099925,0.30277903913415144
70,44.934257,-93.167298,2025-04-04T03:14:14Z,-0.031722,0.036379,0.011589,0.04963891463358159
71,44.934255,-93.167309,2025-04-04T03:14:15Z,0.066261,-0.063073,0.045089,0.10198892768825447
1,44.941541,-93.1671,2025-04-04T03:10:09Z,0.947225,0.18634,-0.177643,0.981587913369964
2,44.941536,-93.167289,2025-04-04T03:10:11Z,0.712836,0.095525,-0.064601,0.7221035090082307
3,44.941536,-93.167411,2025-04-04T03:10:12Z,0.587382,0.252912,-0.235152,0.6813798916698378
4,44.941533,-93.167537,2025-04-04T03:10:13Z,0.578736,0.08364,-0.183707,0.6129268056995061
5,44.941527,-93.167701,2025-04-04T03:10:14Z,0.38881,0.130773,0.044454,0.4126147740265731
6,44.941526,-93.167845,2025-04-04T03:10:15Z,0.226165,-0.032155,0.181372,0.29168536753495194
7,44.941523,-93.167999,2025-04-04T03:10:16Z,0.163682,0.070052,0.144663,0.22940458451609028
8,44.941524,-93.168151,2025-04-04T03:10:17Z,0.059276,-0.022704,0.127609,0.14252428801085099
9,44.941525,-93.168304,2025-04-04T03:10:18Z,-0.038424,-0.049694,0.109932,0.1266133564676334
10,44.941534,-93.168453,2025-04-04T03:10:19Z,-0.103964,-0.034564,0.057072,0.12353297768612233
11,44.941522,-93.168598,2025-04-04T03:10:20Z,-0.001748,-3.19e-4,0.056722,0.056749824219992084
12,44.941524,-93.16876,2025-04-04T03:10:21Z,0.047561,-0.047821,0.033441,0.07528078933565986
13,44.941522,-93.168908,2025-04-04T03:10:22Z,-0.025306,0.093142,0.070585,0.11957452916486855
14,44.941518,-93.169077,2025-04-04T03:10:23Z,-0.152243,0.0501,0.042678,0.1658594366715382
15,44.941526,-93.169241,2025-04-04T03:10:24Z,-0.131411,-0.009247,0.144492,0.19553080574170406
16,44.941523,-93.1694,2025-04-04T03:10:25Z,-0.139287,-0.0427,0.084596,0.16846555014304854
17,44.941517,-93.16956,2025-04-04T03:10:26Z,-0.177301,-0.035878,0.068545,0.1934458386991046
18,44.941527,-93.169719,2025-04-04T03:10:27Z,-0.056568,-0.082941,0.091265,0.13567773704628183
19,44.94153,-93.169886,2025-04-04T03:10:28Z,-0.04842,0.012845,0.030876,0.05884571183187438
20,44.941521,-93.170055,2025-04-04T03:10:29Z,-0.091531,0.016809,-0.016426,0.09450015829616372
21,44.941533,-93.170217,2025-04-04T03:10:30Z,-0.091234,-0.094448,0.006164,0.13146125800402186
22,44.941524,-93.170378,2025-04-04T03:10:31Z,-0.123468,-0.011649,0.080578,0.14789476092478732
23,44.94152,-93.170542,2025-04-04T03:10:32Z,-0.104114,-0.072585,0.043956,0.13431469449393837
24,44.941529,-93.170698,2025-04-04T03:10:33Z,-0.06104,-0.043192,0.071264,0.10329563475771858
25,44.941532,-93.170863,2025-04-04T03:10:34Z,-0.002648,-0.014874,0.024586,0.028856873981774257
26,44.941531,-93.171033,2025-04-04T03:10:35Z,0.031831,-0.042783,0.014964,0.05538518706296838
27,44.941533,-93.171199,2025-04-04T03:10:36Z,-0.017348,0.035338,0.036661,0.05379364524737099
28,44.941531,-93.171374,2025-04-04T03:10:37Z,-0.092841,-0.041832,0.059208,0.11779199789883861
29,44.941534,-93.171542,2025-04-04T03:10:38Z,-0.0505,-0.04804,0.0565,0.08972369586681102
30,44.941533,-93.17171,2025-04-04T03:10:39Z,-0.075123,0.004006,0.069429,0.10237137884193999
31,44.941534,-93.171881,2025-04-04T03:10:40Z,-0.038347,-0.076385,0.021868,0.08822340992049672
32,44.941537,-93.172051,2025-04-04T03:10:41Z,0.039964,-0.020748,0.055836,0.07173046560562672
33,44.941526,-93.172239,2025-04-04T03:10:42Z,0.014073,0.04004,0.010664999999999999,0.043760634753166
34,44.941527,-93.172414,2025-04-04T03:10:43Z,-0.001745,-0.055866,0.003534,0.0560048581553422
35,44.941528,-93.172588,2025-04-04T03:10:44Z,0.035136,-0.023556,0.041639,0.059356802078616065
36,44.941526,-93.172769,2025-04-04T03:10:45Z,0.005372,0.025101,-0.023454,0.034770802420996845
37,44.941528,-93.172949,2025-04-04T03:10:46Z,-0.104273,-0.076332,-0.016323,0.13025311160198821
38,44.941529,-93.173127,2025-04-04T03:10:47Z,-0.109837,-0.031626,0.036605,0.12001790062319871
39,44.941529,-93.173304,2025-04-04T03:10:48Z,-0.280481,-0.013239,0.06062,0.2872623311226169
40,44.94153,-93.173481,2025-04-04T03:10:49Z,-0.142983,-0.292058,0.179677,0.3715182875471946
41,44.94153,-93.173651,2025-04-04T03:10:50Z,-0.120596,0.024338,0.245008,0.2741617287733647
42,44.941532,-93.173822,2025-04-04T03:10:51Z,-0.00766,-0.03457,0.565465,0.5665725255649094
43,44.941541,-93.173998,2025-04-04T03:10:52Z,0.11871,-0.03808,1.114039,1.1209928831268288
44,44.941519,-93.174149,2025-04-04T03:10:53Z,0.04367,0.056325,0.94822,0.9508947065395832
45,44.941586,-93.174316,2025-04-04T03:10:54Z,0.10687,-0.189039,0.099037,0.23867397803279689
46,44.941611,-93.174482,2025-04-04T03:10:55Z,-0.109608,0.071986,-0.268224,0.2985632462913009
47,44.941636,-93.17465,2025-04-04T03:10:56Z,-0.240137,-0.001076,-0.596935,0.6434270205470081
48,44.941654,-93.174815,2025-04-04T03:10:57Z,-0.275401,-0.088816,-0.793341,0.8444666570907344
49,44.941659,-93.17498,2025-04-04T03:10:58Z,-0.196714,0.029499,-0.768657,0.7939774382474606
50,44.941658,-93.175144,2025-04-04T03:10:58Z,0.017506,0.009073,-0.219042,0.21992766340094644
51,44.941657,-93.175311,2025-04-04T03:10:59Z,-0.04991,0.021886,-0.119626,0.13145487808369835
52,44.941656,-93.175481,2025-04-04T03:11:00Z,0.034046,-0.055215,-0.100281,0.11943242985889552
53,44.941657,-93.175647,2025-04-04T03:11:01Z,0.061602,-0.011908,0.042541,0.07580464068248065
54,44.941654,-93.175815,2025-04-04T03:11:02Z,0.01342,-0.018048,0.104291,0.10668851571279825
55,44.941652,-93.17598,2025-04-04T03:11:03Z,-0.087288,-0.061893,0.093777,0.14228163662960866
56,44.941656,-93.176147,2025-04-04T03:11:04Z,-0.571463,-0.234327,0.148629,0.635271345913697
57,44.941652,-93.176299,2025-04-04T03:11:05Z,-0.868014,-0.231133,0.208708,0.9221875065023382
58,44.941653,-93.176441,2025-04-04T03:11:06Z,-0.964443,-0.157081,0.343575,1.0357936674043726
59,44.941655,-93.176567,2025-04-04T03:11:07Z,-0.859215,-0.362528,0.288269,0.9761024451203879
60,44.941657,-93.176673,2025-04-04T03:11:08Z,-0.971378,-0.244777,0.36704,1.0668689517522758
61,44.941656,-93.176771,2025-04-04T03:11:09Z,-0.714382,-0.188553,0.307201,0.8001664390200329
62,44.94166,-93.176867,2025-04-04T03:11:10Z,-0.975603,-0.322129,0.259101,1.0595761579287257
63,44.941661,-93.176914,2025-04-04T03:11:11Z,-1.042838,-0.267474,0.319202,1.122917339666638
64,44.941661,-93.176962,2025-04-04T03:11:12Z,-1.033262,-0.26433,0.308131,1.1101555849091604
65,44.941661,-93.176997,2025-04-04T03:11:13Z,-0.574008,-0.213747,0.222595,0.6517066043074905
66,44.941661,-93.17701,2025-04-04T03:11:14Z,-0.2432,-0.073895,0.110621,0.27720699245509667
1,44.941374,-93.177073,2025-04-04T03:30:08Z,0.857879,0.116825,0.473503,0.9868178911405082
2,44.941382,-93.176993,2025-04-04T03:30:09Z,0.601974,0.156215,-0.334641,0.706229723094405
3,44.941364,-93.176907,2025-04-04T03:30:10Z,0.455315,0.154388,-0.219273,0.5284203367566392
4,44.941362,-93.176815,2025-04-04T03:30:11Z,0.298168,0.104633,-0.369045,0.48584610005432793
5,44.941361,-93.176711,2025-04-04T03:30:12Z,0.256392,0.144426,-0.426935,0.5185260083785577
6,44.941361,-93.176609,2025-04-04T03:30:13Z,0.115093,0.070604,-0.394371,0.4168450660689173
7,44.94136,-93.176488,2025-04-04T03:30:14Z,0.010547,-0.021126,-0.342172,0.34298574995034414
8,44.941358,-93.176363,2025-04-04T03:30:15Z,0.044668,0.053321,-0.392705,0.3988177231392808
9,44.941355,-93.17623,2025-04-04T03:30:16Z,-0.067075,0.029274,-0.380714,0.3876843722630563
10,44.941354,-93.176097,2025-04-04T03:30:17Z,-0.093704,-0.037322,-0.334227,0.3491146786215097
11,44.941354,-93.175951,2025-04-04T03:30:18Z,-0.300832,-0.092223,-0.265523,0.41171280947038796
12,44.941353,-93.175799,2025-04-04T03:30:19Z,-0.378998,-0.050298,-0.197705,0.4304144977030862
13,44.941353,-93.175644,2025-04-04T03:30:20Z,-0.475924,-0.115611,-0.132443,0.5073565859885925
14,44.941352,-93.175494,2025-04-04T03:30:21Z,-0.514352,-0.158171,-0.041789,0.5397428699538328
15,44.941353,-93.175347,2025-04-04T03:30:22Z,-0.495528,-0.116646,-0.039798,0.5106252724885442
16,44.941351,-93.175197,2025-04-04T03:30:23Z,-0.483636,-0.097286,-0.186588,0.5274309699249751
17,44.941351,-93.175049,2025-04-04T03:30:24Z,-0.414958,-0.109869,-0.368967,0.5660370889031919
18,44.941355,-93.174899,2025-04-04T03:30:25Z,-0.483862,-0.116209,-0.762586,0.9105846331456511
19,44.941363,-93.17475,2025-04-04T03:30:26Z,-0.424334,-0.14252,-0.795895,0.9131375279666256
20,44.94138,-93.174605,2025-04-04T03:30:27Z,-0.431131,0.024256,-0.710497,0.8314254504800775
21,44.941404,-93.174458,2025-04-04T03:30:28Z,-0.256793,0.048921,0.128256,0.29117951615111937
22,44.94143,-93.174314,2025-04-04T03:30:29Z,-0.051952,-0.235052,0.618841,0.6640125272078833
23,44.94145,-93.174172,2025-04-04T03:30:30Z,0.072081,0.07806,0.779205,0.7864155810931012
24,44.941466,-93.174027,2025-04-04T03:30:31Z,0.331126,0.074108,0.801916,0.8707500758518486
25,44.941475,-93.173878,2025-04-04T03:30:32Z,0.256397,0.067162,0.494161,0.5607541794529934
26,44.941478,-93.173726,2025-04-04T03:30:33Z,0.033699,-0.036972,0.161726,0.1692862973220219
27,44.941479,-93.173569,2025-04-04T03:30:34Z,0.057156,-0.013088,-0.017563,0.061209174549245474
28,44.941478,-93.173413,2025-04-04T03:30:35Z,-0.031604,-0.078491,-0.063791,0.10596670032609301
29,44.941477,-93.173252,2025-04-04T03:30:36Z,-0.036952,0.003048,-0.028072,0.0465056748365186
30,44.941477,-93.17309,2025-04-04T03:30:37Z,-0.02092,-0.055336,-0.069733,0.09144621689824024
31,44.941476,-93.172927,2025-04-04T03:30:38Z,-0.191398,-0.059577,-0.016993,0.2011749869690564
32,44.941475,-93.172763,2025-04-04T03:30:39Z,-0.198687,-0.048605,0.007274,0.20467506215951176
33,44.941476,-93.172601,2025-04-04T03:30:40Z,-0.217815,-0.024419,0.007351,0.2193027564509849
34,44.941475,-93.17244,2025-04-04T03:30:41Z,-0.168366,-0.132304,-0.037306,0.21735499996089347
35,44.941476,-93.172283,2025-04-04T03:30:42Z,-0.172542,-0.021684,-0.020831,0.17514242256232498
36,44.941477,-93.172124,2025-04-04T03:30:43Z,-0.16685,-0.050051,-0.025732,0.1760856635987155
37,44.941476,-93.171965,2025-04-04T03:30:44Z,-0.121986,-0.027798,0.018785,0.12651556910119796
38,44.941478,-93.171808,2025-04-04T03:30:45Z,-0.050089,-0.072964,0.044287,0.09896459763976206
39,44.941478,-93.171652,2025-04-04T03:30:46Z,-0.001318,0.009862,-0.028248,0.029949051270449282
40,44.941476,-93.171494,2025-04-04T03:30:47Z,-0.017891,-0.044716,-0.055959,0.07383101122157273
41,44.941476,-93.171338,2025-04-04T03:30:48Z,0.007782,0.009225,-0.033687,0.03578371302701831
42,44.941476,-93.171181,2025-04-04T03:30:49Z,0.010542,0.002221,-0.004437,0.011651333571741905
43,44.941476,-93.171024,2025-04-04T03:30:50Z,0.021114,5.74e-4,-0.033011,0.03919000628986936
44,44.941475,-93.170866,2025-04-04T03:30:51Z,0.096091,-0.03302,-0.050101,0.11328685220271592
45,44.941475,-93.170706,2025-04-04T03:30:52Z,-0.015147,0.04006,-0.035652,0.05572522151593478
46,44.941475,-93.170545,2025-04-04T03:30:53Z,0.161423,-0.161768,0.030921,0.23061305035491814
47,44.941475,-93.170384,2025-04-04T03:30:54Z,0.056529,0.163996,-0.06204,0.18422588704359658
48,44.941474,-93.17022,2025-04-04T03:30:55Z,0.058208,-0.054203,-0.001525,0.07955163164888575
49,44.941474,-93.170058,2025-04-04T03:30:56Z,0.065665,0.039553,-0.028398,0.08174826259927485
50,44.941473,-93.169895,2025-04-04T03:30:57Z,0.020017,0.032454,-0.003698,0.038309497634398705
51,44.941473,-93.169733,2025-04-04T03:30:58Z,-0.009659,0.050273,-0.035177,0.06211354231566575
52,44.941474,-93.169567,2025-04-04T03:30:59Z,0.084991,-0.140849,0.090746,0.18787428615433246
53,44.941475,-93.169401,2025-04-04T03:31:00Z,0.009237,0.057282,0.057497,0.08168509473582068
54,44.941474,-93.169235,2025-04-04T03:31:01Z,0.021624,-8.81e-4,0.035351,0.04144956861054166
55,44.941475,-93.169073,2025-04-04T03:31:02Z,-0.100417,0.062919,-0.010255,0.11894342972606768
56,44.941476,-93.168908,2025-04-04T03:31:03Z,-0.108262,0.072059,0.079052,0.1521919144665708
57,44.941477,-93.168745,2025-04-04T03:31:04Z,-0.161029,-0.028492,-0.005898,0.16363654637335756
58,44.941476,-93.168581,2025-04-04T03:31:05Z,-0.11555,-0.043286,0.046296,0.1317907428919042
59,44.941475,-93.168421,2025-04-04T03:31:06Z,-0.104047,-0.033424,0.045784,0.11848677833834458
60,44.941475,-93.168263,2025-04-04T03:31:07Z,-0.286271,-0.108592,0.171776,0.3510702238598426
61,44.941473,-93.16811,2025-04-04T03:31:08Z,-0.330674,-0.111695,0.119598,0.36895087600519394
62,44.941472,-93.167964,2025-04-04T03:31:09Z,-0.306857,-0.071045,0.104397,0.331824266868775
63,44.941472,-93.167824,2025-04-04T03:31:10Z,-0.337461,-0.152643,0.127378,0.3916694612220871
64,44.94147,-93.167687,2025-04-04T03:31:11Z,-0.731023,-0.170769,0.227973,0.7845561589962824
65,44.941468,-93.167556,2025-04-04T03:31:12Z,-1.6375,-0.436049,0.401617,1.7415054392938312
66,44.941465,-93.167455,2025-04-04T03:31:13Z,-1.637871,-0.446006,0.39955,1.743898783524147
67,44.941465,-93.167377,2025-04-04T03:31:14Z,-1.27651,-0.350529,0.325099,1.3630985730100373
1,44.941696,-93.167268000000007,2025-04-04T03:38:55Z,0.401794,0.081663,-0.500095,0.6466856060173289
2,44.941702,-93.167344,2025-04-04T03:38:56Z,0.738697,0.17248,-0.381824,0.8492421181176779
3,44.941704,-93.167436,2025-04-04T03:38:57Z,0.343328,0.105411,-0.320076,0.48107612732394034
4,44.941705,-93.167533,2025-04-04T03:38:58Z,-4.53e-4,0.06526,-0.4107,0.4158528138764964
5,44.941703,-93.167636,2025-04-04T03:38:59Z,0.014188,-0.047944,-0.566958,0.5691584140149383
6,44.941706,-93.167746,2025-04-04T03:39:00Z,-0.118357,-0.141756,-0.535442,0.5663932188409392
7,44.941705,-93.167862,2025-04-04T03:39:01Z,-0.389174,-0.130779,-0.307031,0.5126671279475601
8,44.941703,-93.167981,2025-04-04T03:39:02Z,-0.496091,-0.056635,-0.165439,0.5260074773489442
9,44.941701,-93.168097,2025-04-04T03:39:03Z,-0.551809,-0.0139,-0.098052,0.5606251663857055
10,44.941701,-93.168214,2025-04-04T03:39:04Z,-0.500506,-0.366779,-0.226669,0.660614809429822
11,44.941702,-93.16833,2025-04-04T03:39:05Z,-0.970386,-0.216434,0.005253,0.9942435613877516
12,44.941703,-93.168437,2025-04-04T03:39:06Z,-0.892779,-0.264641,-0.101698,0.9367132351611137
13,44.941701,-93.168535,2025-04-04T03:39:07Z,-0.874973,-0.141194,0.138036,0.8969768300580567
14,44.941701,-93.168629,2025-04-04T03:39:08Z,-0.543671,-0.267099,0.085524,0.6117469955937667
15,44.941703,-93.168713,2025-04-04T03:39:09Z,-0.61907,-0.02476,0.224317,0.6589224832929895
16,44.941703,-93.168798,2025-04-04T03:39:10Z,-0.702266,-0.29215,0.13519,0.7725318720648359
17,44.941706,-93.16887,2025-04-04T03:39:11Z,-0.902527,-0.201769,0.06576,0.9271408159983034
18,44.941714,-93.168935,2025-04-04T03:39:12Z,-1.155894,-0.325364,0.065849,1.2026174630916515
19,44.941717,-93.168975,2025-04-04T03:39:13Z,-1.20608,-0.249555,0.190527,1.246277337575389
20,44.941719,-93.168999,2025-04-04T03:39:14Z,-0.925393,-0.229174,0.143735,0.9641227499390314
21,44.941718,-93.169008,2025-04-04T03:39:15Z,0.145496,0.032329,-0.14936,0.21100393327376624
22,44.94172,-93.169015,2025-04-04T03:39:16Z,0.762913,0.194893,-0.310333,0.8463605011500713
23,44.941715,-93.169038,2025-04-04T03:39:17Z,1.242276,0.30593,-0.459761,1.3594936565490108
24,44.941714,-93.169073,2025-04-04T03:39:18Z,1.21913,0.310942,-0.478036,1.3459128135061351
25,44.941709,-93.169132,2025-04-04T03:39:19Z,1.024586,0.199793,-0.343833,1.0990517941089037
26,44.941701,-93.169195,2025-04-04T03:39:20Z,0.86641,0.023841,-0.34246,0.9319407346934675
27,44.941697,-93.169261,2025-04-04T03:39:21Z,0.729211,0.247385,-0.122686,0.7797434676494571
28,44.941697,-93.169339,2025-04-04T03:39:22Z,0.547962,0.229356,0.053691,0.5964471910077203
29,44.941695,-93.169429,2025-04-04T03:39:23Z,0.435387,0.019285,0.185969,0.47383353612318324
30,44.941696,-93.16952,2025-04-04T03:39:24Z,0.411169,0.181637,0.09955,0.4603934717499804
31,44.941698,-93.16962,2025-04-04T03:39:25Z,0.278054,-0.008038,-0.131293,0.307597932712494
32,44.941703,-93.169725,2025-04-04T03:39:26Z,0.064397,-0.136712,-0.224857,0.27092031116547904
33,44.941706,-93.169828999999993,2025-04-04T03:39:27Z,0.0085,0.100828,-0.146941,0.17841018206649528
34,44.941707,-93.16994,2025-04-04T03:39:28Z,0.05897,-0.016261,-0.189583,0.1992074168046963
35,44.941708,-93.170053,2025-04-04T03:39:29Z,-0.073548,0.015092,-0.052702,0.09173100660082173
36,44.941707,-93.170172,2025-04-04T03:39:30Z,-0.23606,-0.109437,0.163024,0.3070465846496261
37,44.941708,-93.17029,2025-04-04T03:39:31Z,-0.566615,-0.171284,0.212842,0.6290409238237207
38,44.941707,-93.170401,2025-04-04T03:39:32Z,-0.764744,-0.212,0.144691,0.8066677575166866
39,44.941708,-93.170505,2025-04-04T03:39:33Z,-1.400467,-0.397164,0.381934,1.5049653289498066
40,44.941707,-93.170593,2025-04-04T03:39:34Z,-1.687603,-0.399544,0.517134,1.809714581778298
41,44.941708,-93.170655,2025-04-04T03:39:35Z,-1.558831,-0.413202,0.413462,1.6648245567653668
42,44.94171,-93.170695,2025-04-04T03:39:36Z,-1.33858,-0.337581,0.389063,1.434268930825039
43,44.94171,-93.170716,2025-04-04T03:39:37Z,-0.868652,-0.219574,0.255384,0.931659823130739
44,44.941712,-93.17072,2025-04-04T03:39:38Z,0.410744,0.09907,-0.078423,0.42973906660321215
45,44.941711,-93.170727,2025-04-04T03:39:39Z,1.223836,0.316602,-0.309588,1.3014822745792582
46,44.94171,-93.170747,2025-04-04T03:39:40Z,1.601541,0.39379,-0.426914,1.7036019788016803
47,44.941709,-93.17079,2025-04-04T03:39:41Z,1.08396,0.352748,-0.287,1.1754868919320198
48,44.941708,-93.170845,2025-04-04T03:39:42Z,1.524845,0.115831,-0.394555,1.5793171760640736
49,44.941708,-93.170912,2025-04-04T03:39:43Z,1.087961,0.240095,-0.360912,1.1711371475151833
50,44.941706,-93.170992,2025-04-04T03:39:44Z,0.572145,0.107276,-6.4e-5,0.5821151477989557
51,44.941706,-93.171082,2025-04-04T03:39:45Z,0.041449,-0.003093,0.073944,0.08482512237539065
52,44.941704,-93.171166,2025-04-04T03:39:46Z,0.299074,0.10483,-0.00984,0.31706688880423956
53,44.941704,-93.171254,2025-04-04T03:39:47Z,0.26754,0.081892,-0.044166,0.2832571037414596
54,44.941703,-93.171348,2025-04-04T03:39:48Z,0.176544,-0.041043,-0.099545,0.20678858481550666
55,44.941703,-93.171448,2025-04-04T03:39:49Z,0.21266,0.023735,-0.010826,0.21425412038278283
56,44.941705,-93.171552,2025-04-04T03:39:50Z,0.169728,0.054193,0.036935,0.18195787825208337
57,44.941706,-93.17166,2025-04-04T03:39:51Z,0.234104,-0.030569,-0.012339,0.2364136152974274
58,44.941707,-93.171769,2025-04-04T03:39:52Z,0.089954,0.020016,-0.053692,0.10665455093900118
59,44.941707,-93.171884,2025-04-04T03:39:53Z,0.129101,0.031601,-0.037365,0.13806460309217564
60,44.941707,-93.172005,2025-04-04T03:39:54Z,0.19151,-0.069074,-0.107863,0.2303947142297323
61,44.941708,-93.17213,2025-04-04T03:39:55Z,0.021247,0.138249,-0.113981,0.18043250641444852
62,44.941708,-93.172258,2025-04-04T03:39:56Z,-0.294576,-0.148921,0.189609,0.380662654982072
63,44.941706,-93.172384,2025-04-04T03:39:57Z,-0.338499,-0.133745,0.072786,0.37116990694559276
64,44.941708,-93.172512,2025-04-04T03:39:58Z,-0.143051,-0.026228,0.095573,0.17402785671840013
65,44.94171,-93.172639,2025-04-04T03:39:59Z,-0.358943,-0.073523,0.121651,0.3860630448242877
66,44.941711,-93.172761,2025-04-04T03:40:00Z,-0.219343,-0.088221,0.183576,0.2993233105957503
67,44.94171,-93.172881,2025-04-04T03:40:01Z,-0.085518,-0.021754,0.303805,0.3163606215460451
68,44.94171,-93.173001,2025-04-04T03:40:02Z,-0.243456,-0.11406,0.167299,0.3166535376985389
69,44.941712,-93.173118,2025-04-04T03:40:03Z,-0.214903,-0.064496,0.045693,0.22897791088661806
70,44.941715,-93.173234,2025-04-04T03:40:04Z,-0.067893,-0.048418,-0.002508,0.0834269275294254
71,44.941718,-93.173354,2025-04-04T03:40:05Z,-0.216947,-0.094009,0.063967,0.24493972723713073
72,44.941721,-93.173468,2025-04-04T03:40:06Z,-0.231548,-0.125092,-0.046561,0.26726468432810196
73,44.941725,-93.173582,2025-04-04T03:40:07Z,-0.098246,0.023395,0.066069,0.12068436229271794
74,44.941727,-93.173694,2025-04-04T03:40:08Z,-0.400122,-0.185413,0.097274,0.4515947591912466
75,44.941726,-93.173798,2025-04-04T03:40:09Z,-1.085609,-0.175829,0.202543,1.1182514945087263
76,44.941727,-93.17389,2025-04-04T03:40:10Z,-0.963127,-0.339206,0.113134,1.0273624630679281
77,44.941727,-93.173966,2025-04-04T03:40:11Z,-0.996861,-0.252573,0.118092,1.0351186860036872
78,44.941724,-93.174028,2025-04-04T03:40:12Z,-0.793228,-0.224771,0.150089,0.8380091708006542
79,44.941722,-93.174076,2025-04-04T03:40:13Z,-0.87202,-0.202039,0.192677,0.915621681836991
1,44.94132,-93.174127,2025-04-04T03:24:23Z,-0.260946,-0.035846,-0.131948,0.29459807422316936
2,44.941297,-93.174033,2025-04-04T03:24:24Z,-0.046879,-0.034941,0.122131,0.1354049307927891
3,44.941296,-93.173938,2025-04-04T03:24:25Z,0.08823,-0.01724,-0.015661,0.09125249268376179
4,44.941294,-93.173853,2025-04-04T03:24:26Z,0.337486,0.040977,0.027245,0.3410545480564656
5,44.941292,-93.173756,2025-04-04T03:24:27Z,0.351502,0.042837,-0.171244,0.3933359532371786
6,44.94129,-93.173658,2025-04-04T03:24:28Z,0.264817,0.090094,-0.043144,0.28303069985604035
7,44.941289,-93.173556,2025-04-04T03:24:29Z,0.439092,0.047276,-0.004574,0.44165340043522816
8,44.94129,-93.173454,2025-04-04T03:24:30Z,0.262171,0.020188,-0.090972,0.27823927359199313
9,44.941287,-93.173348,2025-04-04T03:24:31Z,0.375563,0.12617,-0.041962,0.39840588011850425
10,44.941296,-93.173242,2025-04-04T03:24:32Z,0.274061,0.1023,-0.071675,0.3011843743390417
11,44.941292,-93.173128,2025-04-04T03:24:33Z,0.183588,0.020741,0.109548,0.21479177621361578
12,44.941292,-93.173008,2025-04-04T03:24:34Z,0.066653,-0.102538,0.004556,0.12238227399832054
13,44.94129,-93.172888,2025-04-04T03:24:35Z,0.098558,0.026036,0.042707,0.11052348397060238
14,44.941289,-93.172768,2025-04-04T03:24:36Z,0.157769,-0.002495,0.010481,0.15813644028812587
15,44.941289,-93.172645,2025-04-04T03:24:37Z,0.023006,0.006445,0.12771,0.12992558701425982
16,44.941288,-93.172522,2025-04-04T03:24:38Z,-0.069386,-0.067949,0.103137,0.1416641251905365
17,44.941287,-93.1724,2025-04-04T03:24:39Z,-0.084422,-0.017097,0.096813,0.1295844838782792
18,44.941288,-93.172279,2025-04-04T03:24:40Z,0.075101,-0.110152,-0.015938,0.1342670590614094
19,44.941287,-93.172159,2025-04-04T03:24:41Z,0.036007,0.058755,0.03388,0.07678872621680867
20,44.941286,-93.172037,2025-04-04T03:24:42Z,-0.007761,-0.128273,0.047248,0.1369181111248618
21,44.941285,-93.171914,2025-04-04T03:24:43Z,0.069101,0.09117,0.030515,0.11839798277842407
22,44.941281,-93.17179,2025-04-04T03:24:44Z,-0.104888,-0.135654,0.079119,0.18884733628251155
23,44.941277,-93.171667,2025-04-04T03:24:45Z,-0.033764,0.018082,-0.087179,0.09522155460293641
24,44.941279,-93.171549,2025-04-04T03:24:46Z,-0.129084,-0.048036,0.115279,0.17960897581412796
25,44.941282,-93.171427,2025-04-04T03:24:47Z,-0.034706,-0.030808,0.042348,0.06282509374445851
26,44.941282,-93.171307,2025-04-04T03:24:48Z,-0.227957,-0.052135,0.242252,0.3367023664573803
27,44.941282,-93.171187,2025-04-04T03:24:49Z,-0.557149,-0.172664,0.218617,0.6229135235215238
28,44.941281,-93.171074,2025-04-04T03:24:50Z,-0.675304,-0.247731,0.228431,0.7547097869631744
29,44.94128,-93.170973,2025-04-04T03:24:51Z,-1.184949,-0.291808,0.33163,1.264608436775985
30,44.941279,-93.170881,2025-04-04T03:24:52Z,-1.401425,-0.366831,0.384813,1.4988789337885164
31,44.941281,-93.170811,2025-04-04T03:24:53Z,-1.377902,-0.332153,0.378009,1.4669118382145532
32,44.941281,-93.170764,2025-04-04T03:24:54Z,-1.114571,-0.339178,0.254452,1.192499916154714
33,44.94128,-93.170738,2025-04-04T03:24:55Z,-0.44205,-0.135917,0.180481,0.4964423680045852
34,44.941281,-93.170727,2025-04-04T03:24:56Z,0.834036,0.209328,-0.17955,0.8784488962825328
35,44.94128,-93.170718,2025-04-04T03:24:57Z,1.536873,0.381053,-0.366569,1.6252854637567518
36,44.941281,-93.170699,2025-04-04T03:24:58Z,1.570833,0.413897,-0.376419,1.6674886218679275
37,44.941283,-93.170666,2025-04-04T03:24:59Z,1.21417,0.296426,-0.252427,1.2750672737957789
38,44.941282,-93.170621,2025-04-04T03:25:00Z,1.127841,0.335298,-0.268925,1.2069675744236048
39,44.941282,-93.170568,2025-04-04T03:25:01Z,1.10405,0.228293,-0.205941,1.1460609895769074
40,44.941281,-93.170502,2025-04-04T03:25:02Z,1.06709,0.059444,-0.27607,1.1038248512042117
41,44.941279,-93.17043,2025-04-04T03:25:03Z,0.530231,0.406732,-0.151618,0.6852472919384651
42,44.941277,-93.170345,2025-04-04T03:25:04Z,0.51811,-0.055268,-0.09573,0.5297704756061817
43,44.941277,-93.170261,2025-04-04T03:25:05Z,0.279148,0.09412,-0.025544,0.29569355123167634
44,44.941276,-93.170167,2025-04-04T03:25:06Z,-0.460895,-0.063583,0.168557,0.4948519588351652
45,44.941276,-93.170078,2025-04-04T03:25:07Z,-0.416186,-0.115716,0.140024,0.4541009797699186
46,44.941277,-93.170001,2025-04-04T03:25:08Z,-0.435232,-0.141121,0.183266,0.49287773049814293
47,44.941278,-93.169928,2025-04-04T03:25:09Z,-0.896608,-0.264877,0.285599,0.9775645858939448
48,44.941278,-93.169869,2025-04-04T03:25:10Z,-1.078539,-0.292841,0.288374,1.154193133612395
49,44.941277,-93.169819,2025-04-04T03:25:11Z,-1.055338,-0.281927,0.267418,1.12460371433541
50,44.941276,-93.169786,2025-04-04T03:25:12Z,-0.721675,-0.198851,0.183882,0.770823660605978
51,44.941276,-93.169767,2025-04-04T03:25:13Z,-0.313533,-0.095933,0.125929,0.35123239545776525
52,44.941277,-93.16976,2025-04-04T03:25:14Z,0.720794,0.181425,-0.141157,0.7565608499717653
53,44.941276,-93.169751,2025-04-04T03:25:15Z,1.798707,0.445153,-0.477648,1.9135453162028853
54,44.941278,-93.169733,2025-04-04T03:25:16Z,1.411157,0.378151,-0.418144,1.5196074039652478
55,44.941281,-93.169693,2025-04-04T03:25:17Z,0.993759,0.256129,-0.26654,1.060284200732049
56,44.941284,-93.16964,2025-04-04T03:25:18Z,0.860898,0.128744,-0.326092,0.9295463282720233
57,44.941288,-93.169572,2025-04-04T03:25:19Z,0.167383,-0.054073,0.074332,0.19096126372120606
58,44.941293,-93.1695,2025-04-04T03:25:20Z,-0.145626,-0.181204,0.147444,0.27528449761655666
59,44.941297,-93.169432,2025-04-04T03:25:21Z,-0.331526,0.23436,0.632268,0.7513966476502275
60,44.941299,-93.169372,2025-04-04T03:25:22Z,0.014434,-0.219145,-0.111746,0.24641436625529772
61,44.941302,-93.169311,2025-04-04T03:25:23Z,0.368111,0.109268,0.008397,0.3840777444138101
62,44.9413,-93.169253,2025-04-04T03:25:24Z,0.335374,0.061701,-0.054642,0.34535269137651153
63,44.941281,-93.16919,2025-04-04T03:25:25Z,0.219023,0.019961,-0.029929,0.22195779123743326
64,44.941281,-93.169117,2025-04-04T03:25:26Z,0.313299,0.09988,-0.042436,0.33156159593203793
65,44.941281,-93.169048,2025-04-04T03:25:27Z,0.207772,0.030148,-0.119332,0.24149168124802975
66,44.941285,-93.168971,2025-04-04T03:25:28Z,0.188469,-0.008799,-0.075915,0.20337422055658874
67,44.941285,-93.168892,2025-04-04T03:25:29Z,0.069368,0.006546,0.001889,0.06970177803327544
68,44.941284,-93.168804,2025-04-04T03:25:30Z,-0.021415,0.011325,0.023909,0.03403671739460196
69,44.94128,-93.168718,2025-04-04T03:25:31Z,-0.052088,0.015433,0.075638,0.09312595920042918
70,44.941279,-93.168631,2025-04-04T03:25:32Z,-0.016612,-0.01727,0.068723,0.0727809190172809
71,44.941282,-93.168553,2025-04-04T03:25:33Z,0.030466,0.026685,0.02702,0.04868620729734449
72,44.94128,-93.168467,2025-04-04T03:25:34Z,0.046712,-0.028229,0.036686,0.06576283130310008
73,44.94128,-93.168379,2025-04-04T03:25:35Z,-0.091633,0.042867,0.07904,0.12838032550979142
74,44.941281,-93.168293,2025-04-04T03:25:36Z,0.027783,-0.042647,-0.088903,0.10244220373947448
75,44.94128,-93.168206,2025-04-04T03:25:37Z,-0.155614,-0.086479,-0.006698,0.1781549820830167
76,44.941282,-93.168118,2025-04-04T03:25:38Z,-0.147823,-0.12264,0.065431,0.2029123571643679
77,44.941278,-93.168032,2025-04-04T03:25:39Z,0.052513,6.77e-4,0.046084,0.06986994027477052
78,44.94128,-93.167949,2025-04-04T03:25:40Z,-0.249983,5.49e-4,0.026487,0.2513829008882665
79,44.94128,-93.167866,2025-04-04T03:25:41Z,-0.152138,-0.109467,0.00894,0.18764039739086036
80,44.941279,-93.16778,2025-04-04T03:25:42Z,-0.231664,-0.020641,0.151694,0.2776784640785093
81,44.941279,-93.167695,2025-04-04T03:25:43Z,-0.385968,-0.199687,0.107031,0.44755092442536637
82,44.941279,-93.167637,2025-04-04T03:25:44Z,-0.217231,-0.032949,0.176565,0.28186901778485696
83,44.941287,-93.167552,2025-04-04T03:25:45Z,-0.379788,-0.10896,0.149136,0.42231830772534595
84,44.941281,-93.167477,2025-04-04T03:25:46Z,-0.554124,-0.1692,0.171629,0.6042669617122881
85,44.94128,-93.167413,2025-04-04T03:25:47Z,-0.477029,-0.118068,0.240961,0.5473197630142731
86,44.94128,-93.167358,2025-04-04T03:25:48Z,-0.707289,-0.221177,0.296159,0.7980520961259359
87,44.941278,-93.167313,2025-04-04T03:25:49Z,-1.064604,-0.283116,0.262127,1.1323634179895605
88,44.941278,-93.167283,2025-04-04T03:25:50Z,-0.678269,-0.370202,0.268157,0.817928196001336
1,44.934387,-93.171107,2025-04-04T03:19:47Z,0.529366,0.146888,0.072452,0.5541242990557264
2,44.934445,-93.171097,2025-04-04T03:19:48Z,0.401896,0.11176,-0.166023,0.4489702985109371
3,44.934502,-93.171044,2025-04-04T03:19:49Z,0.288462,0.029103,-0.238064,0.37514234384963796
4,44.934566,-93.171044,2025-04-04T03:19:50Z,0.081073,-0.00692,-0.231579,0.24545783949591019
5,44.934635,-93.171044,2025-04-04T03:19:51Z,-0.279064,-0.10002,-0.132004,0.3245085091519173
6,44.934707,-93.171044,2025-04-04T03:19:52Z,-0.252452,-0.065232,0.064634,0.2686350313790069
7,44.93478,-93.171044,2025-04-04T03:19:53Z,-0.46569,-0.123254,0.065244,0.48612293111105137
8,44.934854,-93.171044,2025-04-04T03:19:54Z,-0.409728,-0.10027,-0.049313,0.42469151022006546
9,44.93493,-93.171045,2025-04-04T03:19:55Z,-0.277333,-0.010559,-0.023271,0.2785078541280299
10,44.935007,-93.171045,2025-04-04T03:19:56Z,-0.255754,-0.174814,0.032958,0.31153855760724064
11,44.935083,-93.171045,2025-04-04T03:19:57Z,-0.37579,-0.067792,-0.052029,0.3853840891954415
12,44.935162,-93.171045,2025-04-04T03:19:58Z,-0.413192,-0.187264,-0.185039,0.4899335323092307
13,44.935239,-93.171045,2025-04-04T03:19:59Z,-0.476705,-0.1853,0.023306,0.5119833167799513
14,44.935316,-93.171045,2025-04-04T03:20:00Z,-0.61848,-0.191659,0.093809,0.6542559217630362
15,44.935389,-93.171068,2025-04-04T03:20:01Z,-0.48201,-0.100802,0.057845,0.49582328235874523
16,44.935462,-93.171064,2025-04-04T03:20:02Z,-0.275127,-0.121964,0.151447,0.33690692666373007
17,44.935532,-93.171065,2025-04-04T03:20:03Z,-0.362758,-0.08193,-0.036455,0.37367747923710903
18,44.935602,-93.171062,2025-04-04T03:20:04Z,-0.425517,-0.271028,-0.0924,0.5128924390873782
19,44.935671,-93.171065,2025-04-04T03:20:05Z,-0.382746,-0.05546,0.215716,0.4428359795364419
20,44.935737,-93.171062,2025-04-04T03:20:06Z,-0.26984,-0.16139,0.03188,0.3160327389686075
21,44.935805,-93.171065,2025-04-04T03:20:07Z,-0.373528,-0.064127,0.147772,0.40678250072612515
22,44.935869,-93.171062,2025-04-04T03:20:08Z,-0.252552,-0.133669,-0.057776,0.2915269806398715
23,44.935935,-93.171063,2025-04-04T03:20:09Z,-0.372461,-0.18374,0.042472,0.41748228094734746
24,44.935998,-93.171057,2025-04-04T03:20:10Z,-0.173729,0.064078,-0.034608,0.1883758720988439
25,44.93606,-93.171059,2025-04-04T03:20:11Z,-0.107034,-0.153587,0.022704,0.1885754897673608
26,44.93612,-93.17106,2025-04-04T03:20:12Z,-0.017258,0.010617,0.220449,0.22137823030731818
27,44.936183,-93.171061,2025-04-04T03:20:13Z,-0.073469,0.028395,-0.099823,0.12715581510493337
28,44.936238,-93.171062,2025-04-04T03:20:14Z,-0.154796,-0.103078,-0.210913,0.28119596239811123
29,44.9363,-93.171056,2025-04-04T03:20:15Z,-0.210419,-0.043836,-0.298667,0.36796701937266063
30,44.936361,-93.171057,2025-04-04T03:20:16Z,-0.369212,-0.138134,-1.206673,1.26943224782932
31,44.936414,-93.171067,2025-04-04T03:20:17Z,-0.801673,-0.207716,-1.983368,2.149319464158132
32,44.936478,-93.171074,2025-04-04T03:20:18Z,-1.073809,-0.164107,-2.329434,2.5702645070665393
33,44.936529,-93.17114,2025-04-04T03:20:19Z,-0.736959,-0.227346,-1.76277,1.9240979300173369
34,44.936522,-93.17125,2025-04-04T03:20:20Z,-0.012619,-0.020822,-0.310607,0.311559790881301
35,44.936523,-93.171337,2025-04-04T03:20:21Z,0.028629,-0.027006,0.346188,0.348417960244589
36,44.936525,-93.171427,2025-04-04T03:20:22Z,0.072782,0.033468,0.597941,0.6032833215239751
37,44.936526,-93.171521,2025-04-04T03:20:23Z,0.036118,0.028604,0.558837,0.5607329946676939
38,44.936528,-93.17162,2025-04-04T03:20:24Z,-0.134473,-0.028635,0.531388,0.5488862883129801
39,44.936529,-93.171728,2025-04-04T03:20:25Z,-0.366285,-0.099833,0.527646,0.650032022618886
40,44.936535,-93.171836,2025-04-04T03:20:26Z,-0.316481,-0.205189,0.436312,0.5767416322982069
41,44.936536,-93.171936,2025-04-04T03:20:27Z,-0.829401,-0.138914,0.469656,0.9632133079090011
42,44.936535,-93.172034,2025-04-04T03:20:28Z,-0.927114,-0.194783,0.59478,1.1185901995301943
43,44.936536,-93.172119,2025-04-04T03:20:29Z,-0.977279,-0.305575,0.68683,1.2329581393405051
44,44.936535,-93.172202,2025-04-04T03:20:30Z,-1.087515,-0.300426,0.687635,1.3212821613591852
45,44.936531,-93.172264,2025-04-04T03:20:31Z,-1.139249,-0.331484,0.805918,1.4343199604624486
46,44.936534,-93.172303,2025-04-04T03:20:32Z,-1.297694,-0.360566,0.785542,1.5591965212108445
47,44.936535,-93.172353,2025-04-04T03:20:33Z,-1.155097,-0.288256,0.601827,1.3339926307420142
48,44.936534,-93.172381,2025-04-04T03:20:34Z,-0.490927,-0.124897,0.321642,0.6000517945161067
49,44.936534,-93.17239,2025-04-04T03:20:35Z,0.755081,0.207425,-0.002868,0.7830585371541517
50,44.936536,-93.172404,2025-04-04T03:20:36Z,1.404967,0.338565,0.055787,1.4462609445335237
51,44.936537,-93.172429,2025-04-04T03:20:37Z,1.236508,0.271064,0.736449,1.4645084007137001
52,44.936546,-93.172471,2025-04-04T03:20:38Z,0.585339,0.117415,1.515801,1.6291288158850423
53,44.93653,-93.172503,2025-04-04T03:20:39Z,0.096395,-0.034597,1.91774,1.920472768886349
54,44.936536,-93.172528,2025-04-04T03:20:40Z,0.060944,0.009425,1.689925,1.6910498240400842
55,44.93654,-93.172521,2025-04-04T03:20:41Z,0.356891,0.052736,1.188753,1.242290612773839
56,44.936641,-93.172613,2025-04-04T03:20:42Z,0.300898,0.094274,0.198669,0.3726882947464275
57,44.936666,-93.172388,2025-04-04T03:20:43Z,0.033405,0.048581,-0.331475,0.3366774171384235
58,44.9367,-93.172332,2025-04-04T03:20:44Z,0.092496,-0.036604,-0.263441,0.2815963837001463
59,44.936739,-93.172271,2025-04-04T03:20:45Z,0.079818,0.033863,-0.598724,0.6049694571373004
60,44.936791,-93.172224,2025-04-04T03:20:46Z,-0.32649,-0.074899,-0.669982,0.7490537101069589
61,44.936832,-93.172152,2025-04-04T03:20:47Z,-0.473839,-0.079828,-0.529072,0.714711892085895
62,44.936878,-93.172087,2025-04-04T03:20:48Z,-0.45767,-0.12898,-0.446341,0.6521640572593679
63,44.93692,-93.172007,2025-04-04T03:20:49Z,-0.38752,-0.127503,-0.386737,0.5621336785658727
64,44.936972,-93.171944,2025-04-04T03:20:50Z,-0.475594,-0.200569,-0.318418,0.6064714332274852
65,44.93703,-93.171881,2025-04-04T03:20:51Z,-0.472947,-0.203493,-0.405915,0.6556334746510432
66,44.937095,-93.171841,2025-04-04T03:20:52Z,-0.700621,-0.045159,-0.30113,0.763929576480712
67,44.93715,-93.171785,2025-04-04T03:20:53Z,-0.330058,-0.241554,-0.207016,0.458412742554131
68,44.937206,-93.171732,2025-04-04T03:20:54Z,-0.407582,-0.169928,-0.148351,0.4658397053805096
69,44.937261,-93.171684,2025-04-04T03:20:55Z,-0.366446,0.002084,-0.128868,0.3884507374120945
70,44.937316,-93.171639,2025-04-04T03:20:56Z,-0.261659,-0.108096,-0.199032,0.3460692337105395
71,44.937372,-93.171588,2025-04-04T03:20:57Z,-0.126021,0.016427,-0.403329,0.42287754848300946
72,44.937438,-93.171553,2025-04-04T03:20:58Z,-0.294955,-0.153828,-0.365419,0.49415842719718944
73,44.93751,-93.171516,2025-04-04T03:20:59Z,-0.407062,-0.178931,-0.296958,0.5346960149178223
74,44.937577,-93.171485,2025-04-04T03:21:00Z,-0.46746,-0.046826,-0.171777,0.5002188157246786
75,44.937645,-93.171466,2025-04-04T03:21:01Z,-0.105887,-0.058337,-0.057404,0.13383004727638706
76,44.937707,-93.171446,2025-04-04T03:21:02Z,-0.312253,-0.177443,-0.014018,0.3594223957713264
77,44.937775,-93.171432,2025-04-04T03:21:03Z,-0.32017,-0.18264,-0.072696,0.37570055485186604
78,44.937841,-93.171419,2025-04-04T03:21:04Z,-0.111402,0.060257,-0.176803,0.2174870397563956
79,44.937906,-93.171409,2025-04-04T03:21:05Z,0.023811,0.045708,-0.369561,0.37313739789251893
80,44.937971,-93.171402,2025-04-04T03:21:06Z,-0.033017,-0.087424,-0.315929,0.3294604848931052
81,44.938039,-93.171397,2025-04-04T03:21:07Z,-0.027942,-0.105874,-0.079124,0.13509502809504131
82,44.938111,-93.171403,2025-04-04T03:21:08Z,0.076536,-0.063562,-0.038026,0.10650757633145165
83,44.938183,-93.1714,2025-04-04T03:21:09Z,0.17881,-0.074995,0.067869,0.20543482491048104
84,44.938253,-93.171412,2025-04-04T03:21:10Z,0.218007,-0.013492,0.135716,0.2571534926245413
85,44.938328,-93.171425,2025-04-04T03:21:11Z,0.003024,0.035075,0.151969,0.155993516410138
86,44.938405,-93.171434,2025-04-04T03:21:12Z,0.052107,-0.008519,0.093322,0.10722270512349519
87,44.938483,-93.17144,2025-04-04T03:21:13Z,0.183482,-0.086002,0.195482,0.2815585208300399
88,44.938561,-93.171446,2025-04-04T03:21:14Z,0.057034,0.167629,0.083738,0.19586835232114452
89,44.93864,-93.171456,2025-04-04T03:21:15Z,0.017658,-0.117735,0.159106,0.19871601451569018
90,44.938721,-93.171463,2025-04-04T03:21:16Z,0.065013,-0.117369,0.141286,0.19484328606857357
91,44.938804,-93.171464,2025-04-04T03:21:17Z,6.21e-4,0.057165,0.382921,0.38716497143595
92,44.93888,-93.171475,2025-04-04T03:21:18Z,-0.139779,-0.113078,0.185957,0.25865963885770815
93,44.938961,-93.171473,2025-04-04T03:21:19Z,-0.098306,-0.034234,0.325391,0.3416362675024418
94,44.939044,-93.171481,2025-04-04T03:21:20Z,0.029975,-0.045687,0.2526,0.2584425711720111
95,44.939126,-93.171484,2025-04-04T03:21:21Z,0.011216,0.09886,0.0418,0.1079182016899837
96,44.939208,-93.171485,2025-04-04T03:21:22Z,0.042975,-0.002147,0.102345,0.11102233675706885
97,44.939289,-93.171493,2025-04-04T03:21:23Z,0.070558,-0.002396,0.166118,0.18049754043753616
98,44.939372,-93.171498,2025-04-04T03:21:24Z,0.103679,-0.029365,0.035438,0.1134349598227989
99,44.939458,-93.171481,2025-04-04T03:21:25Z,-0.168502,-0.040611,0.180897,0.2505312394373205
100,44.939547,-93.171503,2025-04-04T03:21:26Z,-0.251062,-0.105645,0.112751,0.29479786612185643
101,44.939624,-93.171503,2025-04-04T03:21:27Z,-0.373054,-0.100295,0.1781,0.4253798113933006
102,44.939706,-93.171501,2025-04-04T03:21:28Z,-0.70113,-0.200694,0.272793,0.7786381569028068
103,44.939783,-93.171501,2025-04-04T03:21:29Z,-1.266789,-0.341528,0.398,1.3710578927620087
104,44.939849,-93.171501,2025-04-04T03:21:30Z,-1.351772,-0.376324,0.411954,1.4623998738635067
105,44.939899,-93.1715,2025-04-04T03:21:31Z,-1.169757,-0.34648,0.311912,1.2592334673097756
106,44.939934,-93.171499,2025-04-04T03:21:32Z,-1.02927,-0.252146,0.262214,1.09166410585491
107,44.939957,-93.171499,2025-04-04T03:21:33Z,-0.297819,-0.096138,0.128314,0.3382353535646444
108,44.939971,-93.171499,2025-04-04T03:21:34Z,0.567217,0.13587,-0.127043,0.5969386114484471
109,44.939984,-93.171499,2025-04-04T03:21:35Z,0.045163,0.046344,0.04326,0.07783887528092888
110,44.940001,-93.1715,2025-04-04T03:21:36Z,0.037261,-0.027925,0.029964,0.05537173504596005
111,44.94001,-93.1715,2025-04-04T03:21:37Z,0.854089,0.240924,-0.190779,0.9076943431232785
112,44.940019,-93.1715,2025-04-04T03:21:38Z,1.830029,0.476818,-0.485026,1.952334952471271
113,44.940036,-93.171476,2025-04-04T03:21:39Z,1.350221,0.462326,-0.331561,1.4651876247900812
114,44.940068,-93.171475,2025-04-04T03:21:40Z,1.019885,0.065373,-0.301749,1.0655944356813243
115,44.940108,-93.171475,2025-04-04T03:21:41Z,1.178145,0.154057,-0.285768,1.2220566885779072
116,44.940154,-93.171474,2025-04-04T03:21:42Z,1.186751,0.385991,-0.176544,1.2603708866908978
117,44.940209,-93.171473,2025-04-04T03:21:43Z,0.902698,0.293241,0.259414,0.9839459267058328
118,44.94027,-93.17147,2025-04-04T03:21:44Z,0.673538,0.084221,0.457872,0.8187755386362003
119,44.940335,-93.171458,2025-04-04T03:21:45Z,0.462187,0.007013,0.785347,0.9112825662477034
120,44.940401,-93.171436,2025-04-04T03:21:46Z,0.159995,0.054414,0.735964,0.7551174032672006
121,44.940465,-93.171404,2025-04-04T03:21:47Z,0.209453,0.025075,0.957546,0.9805068367686173
122,44.940524,-93.171363,2025-04-04T03:21:48Z,-0.01471,-0.019499,1.107629,1.107898279059048
123,44.940586,-93.171312,2025-04-04T03:21:49Z,-0.323631,-0.020998,0.806512,0.8692752994932043
124,44.940642,-93.171255,2025-04-04T03:21:50Z,-0.275321,-0.187189,0.38097,0.5059441823580937
125,44.940692,-93.17119,2025-04-04T03:21:51Z,-0.166946,-0.100887,0.623144,0.6529606407900862
126,44.94073,-93.171115,2025-04-04T03:21:52Z,-0.074457,-0.078763,0.315392,0.33349598000875513
127,44.940765,-93.171034,2025-04-04T03:21:53Z,-0.149339,-0.114265,-0.346492,0.3942275145268275
128,44.940805,-93.170958,2025-04-04T03:21:54Z,-0.160546,-0.009696,-0.450662,0.4785031544054856
129,44.940849,-93.17088,2025-04-04T03:21:55Z,-0.416318,-0.119706,-0.543937,0.695354343862897
130,44.940893,-93.17081,2025-04-04T03:21:56Z,-0.504253,-0.178277,-0.715221,0.8930816623237765
131,44.940946,-93.170738,2025-04-04T03:21:57Z,-0.43391,-0.039989,-0.521825,0.679836994319962
132,44.941002,-93.170676,2025-04-04T03:21:58Z,-0.431828,-0.09339,-0.351621,0.5646542670741097
133,44.941057,-93.170621,2025-04-04T03:21:59Z,-0.43095,-0.167153,-0.482518,0.6681928226440329
134,44.94111,-93.170569,2025-04-04T03:22:00Z,-0.464336,-0.164259,-0.664906,0.8274593215457785
135,44.941165,-93.170526,2025-04-04T03:22:01Z,-0.487947,-0.142202,-0.714337,0.8766932377873118
136,44.941228,-93.170511,2025-04-04T03:22:02Z,-0.570363,-0.206202,-0.757777,0.9705973409720429
137,44.941282,-93.170485,2025-04-04T03:22:03Z,-0.999809,-0.224495,-0.354729,1.0843655771680507
138,44.941327,-93.170447,2025-04-04T03:22:04Z,-1.361413,-0.447853,0.22269,1.450382191795666
139,44.941364,-93.170429,2025-04-04T03:22:05Z,-1.446554,-0.35716,0.424018,1.5491523504290983
1,44.939001,-93.177012,2025-04-04T03:41:30Z,-0.258624,0.021782,0.408299,0.4838066786444768
2,44.939003,-93.176948,2025-04-04T03:41:31Z,0.094943,-0.003942,0.414942,0.42568365716456624
3,44.939005,-93.176884,2025-04-04T03:41:32Z,0.56375,0.151706,0.442151,0.732343006887483
4,44.939006,-93.17681,2025-04-04T03:41:33Z,0.497044,0.172515,0.414497,0.6697924500694226
5,44.939005,-93.176729,2025-04-04T03:41:34Z,0.307303,0.131953,0.472612,0.5789722191625432
6,44.939005,-93.17664,2025-04-04T03:41:35Z,0.257309,0.07045,0.368246,0.4547265557420196
7,44.939006,-93.176543,2025-04-04T03:41:36Z,0.170156,0.079454,0.41251,0.4532444181145533
8,44.939006,-93.176442,2025-04-04T03:41:37Z,-0.148801,0.011255,0.446815,0.4710754258619314
9,44.939008,-93.17634,2025-04-04T03:41:38Z,-0.1746,-0.057893,0.441864,0.4786236036229304
10,44.939009,-93.176236,2025-04-04T03:41:39Z,-0.110009,-0.037435,0.358862,0.37720722998108086
11,44.939007,-93.176132,2025-04-04T03:41:40Z,-0.068445,0.003236,0.35167,0.35828337753934386
12,44.939007,-93.176035,2025-04-04T03:41:41Z,-0.022662,0.016656,0.29989,0.30120591076537656
13,44.939008,-93.175926,2025-04-04T03:41:42Z,0.108286,-0.023145,0.453252,0.46658217317531536
14,44.939005,-93.175816,2025-04-04T03:41:43Z,0.038123,0.057417,0.299844,0.3076629638971841
15,44.939008,-93.17569,2025-04-04T03:41:44Z,0.02758,-0.115293,0.298071,0.32077944648932855
16,44.939007,-93.175569,2025-04-04T03:41:45Z,-0.114305,0.105752,0.304233,0.34177015202910854
17,44.939007,-93.175449,2025-04-04T03:41:46Z,-0.497509,-0.16868,0.311238,0.6106039961587215
18,44.939004,-93.175334,2025-04-04T03:41:47Z,-0.626638,-0.071838,0.18487,0.6572768048455688
19,44.939004,-93.175223,2025-04-04T03:41:48Z,-0.091479,-0.160611,0.158901,0.24374952012875842
20,44.939005,-93.17511,2025-04-04T03:41:49Z,-0.028123,-0.017959,0.210763,0.2133880760000427
21,44.939006,-93.174997,2025-04-04T03:41:50Z,-0.358789,0.006171,0.19041,0.40623096369183875
22,44.939005,-93.174887,2025-04-04T03:41:51Z,-0.400851,-0.185938,0.29027,0.5286881282429179
23,44.939009,-93.174788,2025-04-04T03:41:52Z,-0.546105,-0.214722,0.303143,0.6604785286123993
24,44.939009,-93.174694,2025-04-04T03:41:53Z,-1.038114,-0.176155,0.392744,1.123814535658353
25,44.939007,-93.174615,2025-04-04T03:41:54Z,-0.995516,-0.24652,0.361646,1.0874796761190528
26,44.939006,-93.174551,2025-04-04T03:41:55Z,-1.099863,-0.293898,0.386309,1.202210171581492
27,44.939006,-93.174493,2025-04-04T03:41:56Z,-1.188113,-0.307548,0.393491,1.2888108628320913
28,44.939006,-93.174462,2025-04-04T03:41:57Z,-1.020716,-0.264165,0.359359,1.113904480088845
29,44.939006,-93.174446,2025-04-04T03:41:58Z,-0.518606,-0.131314,0.210547,0.5749135491889193
30,44.939006,-93.174438,2025-04-04T03:41:59Z,0.490654,0.121046,-0.061148,0.5090506455511081
31,44.939006,-93.174426,2025-04-04T03:42:00Z,1.081556,0.257066,-0.222672,1.1337676697965946
32,44.939007,-93.174402,2025-04-04T03:42:01Z,1.785894,0.421319,-0.447168,1.888620210423737
33,44.939009,-93.174358,2025-04-04T03:42:02Z,1.243322,0.275066,-0.300383,1.3083351431223575
34,44.939012,-93.174306,2025-04-04T03:42:03Z,1.169726,0.28288,-0.281693,1.2359736873109395
35,44.939013,-93.174245,2025-04-04T03:42:04Z,1.136418,0.213536,-0.167456,1.1683685231792236
36,44.939013,-93.174171,2025-04-04T03:42:05Z,1.024826,0.230131,-0.082652,1.0535938309144564
37,44.939015,-93.174085,2025-04-04T03:42:06Z,0.873562,0.095044,-0.048969,0.8800806171828806
38,44.939017,-93.17399,2025-04-04T03:42:07Z,0.751358,0.251607,-0.042835,0.7935236378571214
39,44.939017,-93.173889,2025-04-04T03:42:08Z,0.543889,0.128613,-2.65e-4,0.5588887351834889
40,44.939016,-93.173779,2025-04-04T03:42:09Z,0.358314,0.142567,0.029708,0.3867775036749164
41,44.939016,-93.173667,2025-04-04T03:42:10Z,0.130265,-0.026122,-0.014739,0.13367336021062684
42,44.939014,-93.173551,2025-04-04T03:42:11Z,-0.156412,0.076323,0.031513,0.17686996138971703
43,44.939015,-93.173435,2025-04-04T03:42:12Z,0.109723,-0.116052,-0.004193,0.15976477922871488
44,44.939015,-93.173311,2025-04-04T03:42:13Z,-0.123622,-0.035356,0.01503,0.12945403245940235
45,44.939016,-93.173188,2025-04-04T03:42:14Z,-0.058069,0.047404,-0.101774,0.1264005342275103
46,44.939018,-93.173064,2025-04-04T03:42:15Z,-0.036514,-0.19919,0.17271,0.26615535387438666
47,44.939019,-93.172938,2025-04-04T03:42:16Z,-0.28297,0.127942,0.155041,0.3471006884824633
48,44.939017,-93.172813,2025-04-04T03:42:17Z,-0.341218,-0.107942,0.26783,0.447005713372883
49,44.939013,-93.172689,2025-04-04T03:42:18Z,-0.298638,-0.10769,0.086285,0.3289785591326584
50,44.939012,-93.17257,2025-04-04T03:42:19Z,-0.178349,-0.056057,0.152538,0.24128529688731554
51,44.93901,-93.172454,2025-04-04T03:42:20Z,-0.362655,-0.025511,0.151154,0.39372197279552484
52,44.939008,-93.172341,2025-04-04T03:42:21Z,-0.40725,-0.079299,0.104027,0.4277411724746637
53,44.939008,-93.172235,2025-04-04T03:42:22Z,-0.477114,-0.283127,0.089097,0.5619047450716179
54,44.939008,-93.172132,2025-04-04T03:42:23Z,-0.408356,-0.056605,0.117471,0.42867025159439276
55,44.939008,-93.172034,2025-04-04T03:42:24Z,-0.568654,-0.149105,0.077273,0.5929340513665917
56,44.939011,-93.171947,2025-04-04T03:42:25Z,-0.379464,-0.312474,0.065941,0.49596486110711513
57,44.939013,-93.171867,2025-04-04T03:42:26Z,-0.422231,0.061307,0.115623,0.4420477844520884
58,44.939012,-93.171782,2025-04-04T03:42:27Z,-0.692942,-0.153901,0.176538,0.7314504758416662
59,44.939008,-93.171719,2025-04-04T03:42:28Z,-1.092432,-0.327799,0.38276,1.2030648680037999
60,44.939009,-93.171673,2025-04-04T03:42:29Z,-1.231328,-0.267597,0.348024,1.307248064664469
61,44.93901,-93.17165,2025-04-04T03:42:30Z,-0.855234,-0.249206,0.234976,0.9212722430248292
62,44.93901,-93.171639,2025-04-04T03:42:31Z,-0.380551,-0.087719,0.135028,0.41321452944687215
63,44.939011,-93.171634,2025-04-04T03:42:32Z,0.911358,0.21778,-0.206337,0.9594667738556661
64,44.939011,-93.171626,2025-04-04T03:42:33Z,1.779417,0.428586,-0.447991,1.8843319122081439
65,44.939014,-93.171598,2025-04-04T03:42:34Z,1.739638,0.400803,-0.491408,1.8516115246770852
66,44.939016,-93.171554,2025-04-04T03:42:35Z,1.323033,0.338683,-0.374142,1.416017206725257
67,44.939019,-93.171497,2025-04-04T03:42:36Z,1.126813,0.166086,-0.357799,1.1938644063569364
68,44.939024,-93.171428,2025-04-04T03:42:37Z,1.109497,0.237134,-0.379798,1.1964374817636731
69,44.939031,-93.171352,2025-04-04T03:42:38Z,0.752297,0.29743000000000003,-0.01833,0.8091670841111865
70,44.939037,-93.171268,2025-04-04T03:42:39Z,0.583454,0.11096,0.168322,0.6173029948088702
71,44.939023,-93.171185,2025-04-04T03:42:40Z,0.373395,0.129455,0.136873,0.4182303685518305
72,44.939022,-93.171091,2025-04-04T03:42:41Z,0.008111,0.088442,0.246921,0.2624076140777931
73,44.939022,-93.170995,2025-04-04T03:42:42Z,0.053717,-0.117226,0.194937,0.2337260899728569
74,44.939021,-93.170899,2025-04-04T03:42:43Z,-0.211254,-0.077973,-0.006558,0.22527993388005066
75,44.939024,-93.170813,2025-04-04T03:42:44Z,-0.140731,0.011828,0.147169,0.20397017062796216
76,44.939024,-93.17072,2025-04-04T03:42:45Z,-0.096052,-0.237982,0.078146,0.26826892541626957
77,44.939023,-93.170625,2025-04-04T03:42:46Z,-0.290563,0.043311,0.002882,0.2937873476070745
78,44.939025,-93.170532,2025-04-04T03:42:47Z,-0.209606,-0.173467,0.005899,0.27214017256921114
79,44.939026,-93.170443,2025-04-04T03:42:48Z,-0.433686,-0.051841,0.057117,0.44049221056223004
80,44.939026,-93.170359,2025-04-04T03:42:49Z,-0.415936,0.076295,0.082596,0.4308663160853955
81,44.939027,-93.170281,2025-04-04T03:42:50Z,-0.313811,-0.245742,0.047234,0.40136956167726523
82,44.939028,-93.170207,2025-04-04T03:42:51Z,-0.185698,-0.104997,0.274462,0.347616896391703
83,44.939027,-93.170138,2025-04-04T03:42:52Z,-0.106752,-0.128618,0.271221,0.31858972090919696
84,44.939024,-93.170075,2025-04-04T03:42:53Z,-0.156425,0.029581,0.392181,0.4232608568566198
85,44.939019,-93.170015,2025-04-04T03:42:54Z,-0.146146,-0.038144,-0.033117,0.15462973110304498
86,44.939014,-93.169952,2025-04-04T03:42:55Z,-0.156491,-0.029278,-0.1754,0.23687928226208385
87,44.939011,-93.169889,2025-04-04T03:42:56Z,-0.037331,-0.003628,-0.093327,0.10058178201841524
88,44.939009,-93.16983,2025-04-04T03:42:57Z,-0.291697,-0.122928,0.010077,0.3167017191648949
89,44.939012,-93.16978,2025-04-04T03:42:58Z,-1.137807,-0.33373,0.337974,1.232966709536393
1,44.94133,-93.169676,2025-04-04T03:16:48Z,-0.389884,0.007393,0.034668,0.39149209459323697
2,44.941336,-93.169617,2025-04-04T03:16:49Z,0.044418,-0.220911,0.436142,0.49091187886320287
3,44.941296,-93.169613,2025-04-04T03:16:50Z,0.010656,0.100204,0.324375,0.3396667964005313
4,44.941249,-93.169608,2025-04-04T03:16:51Z,-0.040881,0.186062,0.448413,0.4872007210318967
5,44.941204,-93.169606,2025-04-04T03:16:52Z,-0.120498,-0.161258,0.449587,0.49259758539501597
6,44.941153,-93.169605,2025-04-04T03:16:53Z,0.27849,0.064255,0.31037,0.4219181461195998
7,44.9411,-93.169599,2025-04-04T03:16:54Z,0.243072,0.081357,0.382478,0.4604263015043776
8,44.941046,-93.169599,2025-04-04T03:16:55Z,0.103478,0.040218,0.389828,0.40532832813905323
9,44.940983,-93.169596,2025-04-04T03:16:56Z,0.049841,-0.032168,0.284194,0.2903190230436166
10,44.940921,-93.169592,2025-04-04T03:16:57Z,0.090986,0.043226,0.302621,0.31894577738700347
11,44.940858,-93.169592,2025-04-04T03:16:58Z,-0.041431,0.113959,0.351954,0.3722563626830306
12,44.940791,-93.169591,2025-04-04T03:16:59Z,-0.444454,-0.313158,0.382601,0.6648238986987457
13,44.940724,-93.169591,2025-04-04T03:17:00Z,-0.414821,-0.129618,0.300301,0.5282593856866151
14,44.940658,-93.169593,2025-04-04T03:17:01Z,-0.418765,-0.046498,0.223898,0.477133632888104
15,44.940595,-93.16959,2025-04-04T03:17:02Z,-0.224693,-0.054502,0.242762,0.3352473726921659
16,44.940531,-93.169591,2025-04-04T03:17:03Z,-0.40209,-0.130944,0.398827,0.5812793434872772
17,44.940468,-93.169593,2025-04-04T03:17:04Z,-0.427853,-0.121966,0.323854,0.5502865690537976
18,44.940409,-93.169603,2025-04-04T03:17:05Z,-0.700289,-0.197575,0.358994,0.8113675222622607
19,44.940354,-93.169596,2025-04-04T03:17:06Z,-1.109815,-0.390995,0.456707,1.2621995516157498
20,44.940299,-93.169602,2025-04-04T03:17:07Z,-1.440535,-0.343592,0.498087,1.5624619061781952
21,44.940256,-93.169603,2025-04-04T03:17:08Z,-1.5637,-0.42706,0.522213,1.7030103789962645
22,44.94023,-93.1696,2025-04-04T03:17:09Z,-1.04024,-0.29623,0.423985,1.161729207141234
23,44.940247,-93.1696,2025-04-04T03:17:10Z,0.108677,0.016952,0.090343,0.14233733973206047
24,44.940238,-93.169605,2025-04-04T03:17:11Z,1.039869,0.231746,-0.143991,1.0750661159938024
25,44.940237,-93.169604,2025-04-04T03:17:12Z,1.58208,0.412286,-0.267298,1.6566246083527794
26,44.940224,-93.169604,2025-04-04T03:17:13Z,1.238128,0.270632,-0.239587,1.2898079525173505
27,44.940213,-93.169577,2025-04-04T03:17:14Z,0.91782,0.223634,-0.167748,0.9594504207409573
28,44.940131,-93.169617,2025-04-04T03:17:15Z,0.959336,0.060354,-0.216352,0.9852798354355984
29,44.940094,-93.169601,2025-04-04T03:17:16Z,0.994706,0.145425,-0.212177,1.0274276307312356
30,44.940045,-93.169604,2025-04-04T03:17:17Z,0.559506,0.454215,-0.262851,0.7671042161675296
31,44.939978,-93.169604,2025-04-04T03:17:18Z,0.562384,-0.002484,-0.061874,0.5657829315099564
32,44.939901,-93.169602,2025-04-04T03:17:19Z,0.4289,0.110072,-0.081949,0.4503184359816951
33,44.939818,-93.1696,2025-04-04T03:17:20Z,0.225518,0.008764,0.04711,0.23055265801981117
34,44.939737,-93.1696,2025-04-04T03:17:21Z,0.097142,0.015953,0.101467,0.14137403743969398
35,44.939651,-93.169592,2025-04-04T03:17:22Z,-0.210194,-0.108613,0.169379,0.29097688404063987
36,44.939596,-93.169584,2025-04-04T03:17:23Z,-0.1267,-0.004728,0.115613,0.1715855755971346
37,44.939463,-93.1696,2025-04-04T03:17:24Z,-0.135575,-0.008896,0.145883,0.19935287590100123
38,44.93938,-93.169601,2025-04-04T03:17:25Z,-0.266879,-0.173927,0.089116,0.3307818970651205
39,44.939292,-93.16959,2025-04-04T03:17:26Z,-0.263358,-0.024445,0.073012,0.2743824818260087
40,44.939204,-93.169585,2025-04-04T03:17:27Z,-0.460858,-0.249906,0.196101,0.5597309239277386
41,44.93912,-93.169582,2025-04-04T03:17:28Z,-0.47019,-0.144452,0.165159,0.5188665644315502
42,44.939028,-93.169586,2025-04-04T03:17:29Z,-0.326131,-0.112068,0.071363,0.35215528329701373
43,44.938962,-93.169593,2025-04-04T03:17:30Z,-0.266945,-0.08224,0.157397,0.32061950382657634
44,44.938877,-93.169587,2025-04-04T03:17:31Z,-0.26506,-0.116738,0.17781,0.3398543222382202
45,44.938799,-93.169585,2025-04-04T03:17:32Z,-0.281873,-0.065632,0.097239,0.30531192356997783
46,44.938725,-93.169585,2025-04-04T03:17:33Z,-0.370286,-0.102356,0.124973,0.403988518724233
47,44.938651,-93.16959,2025-04-04T03:17:34Z,-0.49797400000000003,-0.163373,0.215476,0.5666557582703983
48,44.938577,-93.16959,2025-04-04T03:17:35Z,-0.525217,-0.275555,0.309558,0.6690363297146128
49,44.93851,-93.169591,2025-04-04T03:17:36Z,-0.834799,-0.144573,0.843778,1.1957223908642005
50,44.938452,-93.169595,2025-04-04T03:17:37Z,-0.359408,-0.017493,1.455831,1.4996412958017662
51,44.938401,-93.169616,2025-04-04T03:17:38Z,-0.095292,-0.086847,1.903827,1.90818767751026
52,44.938357,-93.169624,2025-04-04T03:17:39Z,-0.178474,0.050132,1.596257,1.606985561898115
53,44.938334,-93.169633,2025-04-04T03:17:40Z,0.27981,-0.253524,1.171868,1.2311956238145096
54,44.938325,-93.169776,2025-04-04T03:17:41Z,0.219527,0.156396,0.178264,0.32315610197085864
55,44.938323,-93.169851,2025-04-04T03:17:42Z,0.048802,0.076512,-0.159239,0.18328333385499074
56,44.938312,-93.169921,2025-04-04T03:17:43Z,-0.16415,0.020379,-0.364942,0.4006784115784129
57,44.938306,-93.170009,2025-04-04T03:17:44Z,-0.336428,-0.127382,-0.436046,0.5652840765703558
58,44.938324,-93.170088,2025-04-04T03:17:45Z,-0.38658,-0.104881,-0.438753,0.5940945342031013
59,44.938327,-93.170173,2025-04-04T03:17:46Z,-0.59047,-0.175231,-0.343927,0.7054406463976965
60,44.938328,-93.170257,2025-04-04T03:17:47Z,-0.867379,-0.283525,-0.218862,0.9384206574399351
61,44.93833,-93.170339,2025-04-04T03:17:48Z,-1.491295,-0.392767,-0.206964,1.5559758322705401
62,44.938332,-93.170404,2025-04-04T03:17:49Z,-0.7667,-0.144403,-0.914984,1.2024461886774809
63,44.938331,-93.170462,2025-04-04T03:17:50Z,-0.821432,-0.289517,-1.58073,1.8047930509654007
64,44.93832,-93.170519,2025-04-04T03:17:51Z,-0.62475,-0.151428,-1.841827,1.9507869436750391
65,44.938316,-93.170566,2025-04-04T03:17:52Z,-0.387041,-0.158484,-1.754768,1.8039203551601164
66,44.93831,-93.170602,2025-04-04T03:17:53Z,0.034589,-0.097739,-1.296634,1.3007724785672552
67,44.938217,-93.170623,2025-04-04T03:17:54Z,0.203481,0.104246,-0.6901,0.7269867645817221
68,44.938171,-93.170631,2025-04-04T03:17:55Z,0.207556,0.143703,-0.413705,0.48464613107916166
69,44.938121,-93.170634,2025-04-04T03:17:56Z,-0.076107,-0.013169,-0.099902,0.12627789835913486
70,44.938067,-93.170639,2025-04-04T03:17:57Z,-0.494054,-0.141848,0.297861,0.5940802852653839
71,44.938017,-93.17064,2025-04-04T03:17:58Z,-1.292252,-0.378915,0.572365,1.4632475873733741
72,44.937976,-93.17064,2025-04-04T03:17:59Z,-1.542429,-0.434051,0.630684,1.721990069221655
73,44.93795,-93.170637,2025-04-04T03:18:00Z,-0.585167,-0.177283,0.409798,0.7360598350555476
74,44.937937,-93.170637,2025-04-04T03:18:01Z,-0.118972,-0.124478,0.270566,0.32071025805857845
75,44.937925,-93.170635,2025-04-04T03:18:02Z,0.654246,0.180725,0.07624,0.6830167580235496
76,44.937908,-93.170634,2025-04-04T03:18:03Z,1.03475,0.280453,-0.031228,1.0725374751928252
77,44.937883,-93.170633,2025-04-04T03:18:04Z,0.822453,0.158972,0.059847,0.8398111081677831
78,44.937847,-93.170631,2025-04-04T03:18:05Z,0.703761,0.173209,0.007269,0.7247991040026195
79,44.937805,-93.170629,2025-04-04T03:18:06Z,0.703567,0.192143,0.025837,0.7297897001924597
80,44.937757,-93.170629,2025-04-04T03:18:07Z,0.422808,0.171252,0.113,0.4699604795809963
81,44.937704,-93.170632,2025-04-04T03:18:08Z,0.058785,0.192743,0.126383,0.23786173076600617
82,44.937637,-93.17062,2025-04-04T03:18:09Z,-0.501642,-0.112644,0.227305,0.56213960003276775
83,44.937593,-93.170626,2025-04-04T03:18:10Z,-0.541378,-0.192159,0.17612,0.6008606115939037
84,44.937549,-93.17062,2025-04-04T03:18:11Z,-0.22658,-0.067875,0.021501,0.23750327371638483
85,44.937504,-93.170609,2025-04-04T03:18:12Z,-0.118684,-0.094504,-0.053567,0.16089226631817952
86,44.937457,-93.170584,2025-04-04T03:18:13Z,-0.188971,-0.069521,0.203256,0.28610524255595177
87,44.937414,-93.170599,2025-04-04T03:18:14Z,-0.525427,-0.236024,0.325006,0.6613696099315419
88,44.937369,-93.170594,2025-04-04T03:18:15Z,-1.04958,-0.310644,0.469819,1.1911539631370076
89,44.937337,-93.170586,2025-04-04T03:18:16Z,-0.912792,-0.343643,0.394362,1.0520461652213746
90,44.937318,-93.170586,2025-04-04T03:18:17Z,-0.14659,-0.031203,0.110063,0.18594654951894107
91,44.937303,-93.170587,2025-04-04T03:18:18Z,0.33135,0.009626,0.155372,0.36609553501784203
92,44.937285,-93.170585,2025-04-04T03:18:19Z,0.470463,0.153298,-0.030223,0.49573091582228357
93,44.937265,-93.170585,2025-04-04T03:18:20Z,0.676651,0.111105,0.011861,0.6858145377192
94,44.937237,-93.170584,2025-04-04T03:18:21Z,0.582692,0.145646,-0.094922,0.6080731125974902
95,44.937204,-93.170585,2025-04-04T03:18:22Z,0.546467,0.096529,-0.050723,0.557240390369363
96,44.937166,-93.170587,2025-04-04T03:18:23Z,0.602419,0.146555,-0.078858,0.6249844828073734
97,44.937136,-93.170588,2025-04-04T03:18:24Z,0.57468,0.134491,-0.132186,0.6048289593571061
98,44.937079,-93.170588,2025-04-04T03:18:25Z,0.524416,0.104142,-0.10493,0.5448559462096381
99,44.937024,-93.170593,2025-04-04T03:18:26Z,0.001138,-0.035168,-0.009348,0.03640698246215964
100,44.936968,-93.170591,2025-04-04T03:18:27Z,-0.724746,-0.228599,0.181623,0.7813457502578484
101,44.936918,-93.170594,2025-04-04T03:18:28Z,-1.321205,-0.325201,0.344287,1.4035212434427204
102,44.936878,-93.170595,2025-04-04T03:18:29Z,-1.380647,-0.400767,0.340766,1.4774714188958105
103,44.936854,-93.170599,2025-04-04T03:18:30Z,-0.417581,-0.11877,0.122358,0.4510561878801797
104,44.936841,-93.170597,2025-04-04T03:18:31Z,0.349775,-0.181317,-0.047122,0.39678569530415286
105,44.936826,-93.170596,2025-04-04T03:18:32Z,0.133032,0.245387,-0.083336,0.291302560388679
106,44.936806,-93.170594,2025-04-04T03:18:33Z,0.734488,0.222792,-0.338028,0.8386726573532728
107,44.936784,-93.170589,2025-04-04T03:18:34Z,0.762149,0.161618,-0.326554,0.8447656426731617
108,44.936744,-93.170593,2025-04-04T03:18:35Z,0.649848,0.178993,-0.376507,0.7720741144488655
109,44.936716,-93.170568,2025-04-04T03:18:36Z,0.5709,0.165555,-0.494514,0.7732265930637667
110,44.936675,-93.170545,2025-04-04T03:18:37Z,0.360069,0.071143,-0.603441,0.7062945927097276
111,44.936626,-93.170518,2025-04-04T03:18:38Z,0.073975,0.056893,-0.613444,0.620501938119455
112,44.936587,-93.170482,2025-04-04T03:18:39Z,-0.16814,-0.075462,-0.365157,0.40902959268615274
113,44.936548,-93.170409,2025-04-04T03:18:40Z,-0.224652,-0.127756,0.936842,0.9718348880360285
114,44.936513,-93.170375,2025-04-04T03:18:41Z,-0.459418,-0.099361,1.119041,1.2137504960765206
115,44.936473,-93.170345,2025-04-04T03:18:42Z,-0.622455,-0.296243,1.167445,1.3557794695668615
116,44.936438,-93.170333,2025-04-04T03:18:43Z,-1.130593,-0.271365,0.819975,1.4227573565084808
117,44.936411,-93.170328,2025-04-04T03:18:44Z,-0.519095,-0.181699,0.18404,0.5799524697990345
118,44.936399,-93.170329,2025-04-04T03:18:45Z,0.146767,-0.101608,0.058814,0.18794633422602317
119,44.936385,-93.17033,2025-04-04T03:18:46Z,0.823759,0.302943,-0.272677,0.9190789398408605
120,44.936364,-93.170329,2025-04-04T03:18:47Z,1.159644,0.291461,-0.297551,1.2321770647346102
121,44.936336,-93.17033,2025-04-04T03:18:48Z,0.840863,0.196971,-0.237067,0.8955718408363452
122,44.936296,-93.170331,2025-04-04T03:18:49Z,0.767333,0.209128,-0.226001,0.826807659177151
123,44.936251,-93.17033,2025-04-04T03:18:50Z,0.792224,0.163892,-0.258481,0.8492890445549148
124,44.936199,-93.170332,2025-04-04T03:18:51Z,0.433774,0.080237,-0.183849,0.4779103619362108
125,44.93614,-93.170331,2025-04-04T03:18:52Z,0.229074,-0.010328,-0.136003,0.2666052907745831
126,44.936081,-93.170329,2025-04-04T03:18:53Z,0.254912,0.139915,-0.177222,0.340534832657395
127,44.936015,-93.170329,2025-04-04T03:18:54Z,0.223959,0.050632,-0.147147,0.27271500272995614
128,44.935948,-93.170329,2025-04-04T03:18:55Z,0.13489399999999999,-0.037439,-0.084898,0.16372458691656544
129,44.935879,-93.170323,2025-04-04T03:18:56Z,0.002138,-0.067535,-0.038668,0.07785089269237701
130,44.935808,-93.17033,2025-04-04T03:18:57Z,-0.091531,0.099531,0.031586,0.13885971092437144
131,44.935731,-93.170325,2025-04-04T03:18:58Z,-0.071298,-0.064295,0.007421,0.09629290249026665
132,44.935659,-93.170323,2025-04-04T03:18:59Z,-0.080988,-0.073018,0.039947,0.11613116410765889
133,44.935584,-93.170323,2025-04-04T03:19:00Z,-0.061822,-0.032172,0.036016,0.07844838764436145
134,44.93551,-93.170323,2025-04-04T03:19:01Z,-0.132817,-0.097775,0.010026,0.16522961837999867
135,44.935434,-93.170325,2025-04-04T03:19:02Z,-0.076907,-0.027972,-0.026128,0.08590571469349405
136,44.935358,-93.170325,2025-04-04T03:19:03Z,-0.188427,-0.107298,-0.046886,0.22184655086117522
137,44.935282,-93.170328,2025-04-04T03:19:04Z,-0.293185,-0.040288,0.031537,0.29761577501537106
138,44.935204,-93.170323,2025-04-04T03:19:05Z,-0.404557,-0.122102,0.15078,0.4486756880565293
139,44.93513,-93.170321,2025-04-04T03:19:06Z,-0.557799,-0.149829,0.174732,0.6034233385161698
140,44.935063,-93.170325,2025-04-04T03:19:07Z,-1.702907,-0.449747,0.426291,1.8121502783541434
141,44.934999,-93.170325,2025-04-04T03:19:08Z,-2.019263,-0.576433,0.507753,2.160442356478645
142,44.93496,-93.170324,2025-04-04T03:19:09Z,-1.233915,-0.342548,0.297472,1.3146767474603787
143,44.934939,-93.170326,2025-04-04T03:19:10Z,-0.043635,-0.052915,0.048943,0.08425810168167806
144,44.934922,-93.170324,2025-04-04T03:19:11Z,0.394168,0.174697,-0.128461,0.44987740836143353
145,44.934906,-93.170323,2025-04-04T03:19:12Z,0.836724,0.102155,-0.147355,0.8557196925547524
146,44.934884,-93.170327,2025-04-04T03:19:13Z,0.85904,0.216904,-0.190441,0.9062366364791262
147,44.934857,-93.170329,2025-04-04T03:19:14Z,0.890895,0.22195,-0.235775,0.9479164278300065
148,44.934815,-93.170332,2025-04-04T03:19:15Z,0.872417,0.20854,-0.272154,0.9373730064414059
149,44.934772,-93.170336,2025-04-04T03:19:16Z,0.842191,0.218572,-0.287392,0.9163261217104968
150,44.934721,-93.170341,2025-04-04T03:19:17Z,0.662139,0.200971,-0.276727,0.7452484355508572
151,44.934666,-93.170342,2025-04-04T03:19:18Z,0.117237,-0.012505,-0.150476,0.1911646300182123
152,44.934608,-93.170343,2025-04-04T03:19:19Z,-0.114199,-0.003049,-0.031564,0.11852001560074146
153,44.934552,-93.170343,2025-04-04T03:19:20Z,-0.562173,-0.190457,0.07224,0.5979389336529275
154,44.934502,-93.170343,2025-04-04T03:19:21Z,-0.907262,-0.233384,0.288787,0.9803011575373152
155,44.93446,-93.170341,2025-04-04T03:19:22Z,-0.795606,-0.231778,0.263227,0.8694816858617552
156,44.934428,-93.170342,2025-04-04T03:19:23Z,-0.613631,-0.129311,0.241013,0.671827064839606
