ID,seconds_elapsed,location_latitude,location_longitude,location_local_time,accelerometer_z,street_name,accelerometer_y_new,accelerometer_x_new,geometry,L2_norm
1,1,44.940091,-93.1671,2025-02-19T21:33:03Z,0.25798,Grand Avenue West,0.050051,-1.690021,"c(NA, NA)",1.7103303082860926
2,2,44.940114,-93.167157,2025-02-19T21:33:04Z,0.321861,Grand Avenue West,-0.074909,-1.802677,"c(NA, NA)",1.832716625103565
3,3,44.940127,-93.167234,2025-02-19T21:33:05Z,-0.121513,Grand Avenue West,0.128686,-0.847041,"c(NA, NA)",0.8653345893040449
4,4,44.940135,-93.167324,2025-02-19T21:33:06Z,-0.64533,Grand Avenue West,-0.047063,-0.109319,"c(NA, NA)",0.6562136684266794
5,5,44.940134,-93.16741,2025-02-19T21:33:07Z,-0.757085,Grand Avenue West,0.020143,0.160492,"c(NA, NA)",0.774171247036468
6,6,44.940134,-93.167493,2025-02-19T21:33:08Z,-0.571702,Grand Avenue West,-0.08139,0.179243,"c(NA, NA)",0.6046449883634197
7,7,44.940133,-93.167573,2025-02-19T21:33:09Z,-0.932806,Grand Avenue West,0.011444,0.28163,"c(NA, NA)",0.9744605972906243
8,8,44.940131,-93.167642,2025-02-19T21:33:10Z,-1.977091,Grand Avenue West,-0.034424,0.652549,"c(NA, NA)",2.08228096842333
9,9,44.940128,-93.167685,2025-02-19T21:33:11Z,-1.770751,Grand Avenue West,-0.03948,0.633441,"c(NA, NA)",1.881054298759608
10,10,44.940125,-93.167709,2025-02-19T21:33:12Z,-0.974116,Grand Avenue West,-0.009999,0.386586,"c(NA, NA)",1.0480699866196912
11,11,44.940123,-93.167728,2025-02-19T21:33:13Z,0.235099,Grand Avenue West,-0.033335,0.061538,"c(NA, NA)",0.24529510282514816
12,12,44.940121,-93.167752,2025-02-19T21:33:14Z,0.790504,Grand Avenue West,-0.013344,-0.103392,"c(NA, NA)",0.7973484445435383
13,13,44.94012,-93.16779,2025-02-19T21:33:15Z,1.545087,Grand Avenue West,-0.060506,-0.343786,"c(NA, NA)",1.5840276599229575
14,14,44.94012,-93.167851,2025-02-19T21:33:16Z,1.227208,Grand Avenue West,-0.030514,-0.221533,"c(NA, NA)",1.247416309637244
15,15,44.94012,-93.167928,2025-02-19T21:33:17Z,1.005808,Grand Avenue West,-0.044321,-0.209272,"c(NA, NA)",1.0283038723495113
16,16,44.940119,-93.168018,2025-02-19T21:33:18Z,0.630649,Grand Avenue West,-0.016583,-0.090307,"c(NA, NA)",0.6372978199703808
17,17,44.940118,-93.168119,2025-02-19T21:33:19Z,0.304329,Grand Avenue West,0.018055,0.002818,"c(NA, NA)",0.30487712998845945
18,18,44.940117,-93.168226,2025-02-19T21:33:20Z,0.402422,Grand Avenue West,-0.088446,0.021082,"c(NA, NA)",0.41256588773673475
19,19,44.940117,-93.168338,2025-02-19T21:33:21Z,0.294392,Grand Avenue West,-0.028905,-0.014969,"c(NA, NA)",0.2961861233245069
20,20,44.940116,-93.16846,2025-02-19T21:33:22Z,-0.015474,Grand Avenue West,-0.056858,0.09813,"c(NA, NA)",0.11446297977949027
21,21,44.940116,-93.168584,2025-02-19T21:33:23Z,-0.284306,Grand Avenue West,-0.03993,0.218606,"c(NA, NA)",0.3608502317749013
22,22,44.940117,-93.168705,2025-02-19T21:33:24Z,-0.708145,Grand Avenue West,-0.002541,0.281739,"c(NA, NA)",0.762136904910791
23,23,44.940118,-93.168816,2025-02-19T21:33:25Z,-1.368084,Grand Avenue West,0.001546,0.449767,"c(NA, NA)",1.4401203336738913
24,24,44.940116,-93.168917,2025-02-19T21:33:27Z,-1.354896,Grand Avenue West,-0.029669,0.379146,"c(NA, NA)",1.4072580110601611
25,25,44.940117,-93.169008,2025-02-19T21:33:28Z,-1.322453,Grand Avenue West,0.039317,0.385595,"c(NA, NA)",1.3780824604220896
26,26,44.940117,-93.169082,2025-02-19T21:33:29Z,-1.110357,Grand Avenue West,-0.07793,0.349063,"c(NA, NA)",1.1665379249377195
27,27,44.940116,-93.169144,2025-02-19T21:33:30Z,-1.000844,Grand Avenue West,0.016687,0.315239,"c(NA, NA)",1.0494488055288833
28,28,44.940117,-93.169193,2025-02-19T21:33:31Z,-0.924335,Grand Avenue West,-0.036589000000000003,0.290107,"c(NA, NA)",0.9694823456850569
29,29,44.940116,-93.169232,2025-02-19T21:33:32Z,-0.754142,Grand Avenue West,0.00898,0.249926,"c(NA, NA)",0.7945274079854011
30,30,44.940115,-93.169256,2025-02-19T21:33:33Z,-0.436024,Grand Avenue West,0.01589,0.133545,"c(NA, NA)",0.4562934228114624
31,31,44.940116,-93.169272,2025-02-19T21:33:34Z,0.146752,Grand Avenue West,-0.014875,-0.018586,"c(NA, NA)",0.1486702879697218
32,32,44.940116,-93.169288,2025-02-19T21:33:35Z,0.307965,Grand Avenue West,-5e-6,-0.071269,"c(NA, NA)",0.3161039569682733
33,33,44.940116,-93.169305,2025-02-19T21:33:36Z,0.312876,Grand Avenue West,-0.00758,-0.070063,"c(NA, NA)",0.3207143148426649
34,34,44.940115,-93.169322,2025-02-19T21:33:37Z,0.210922,Grand Avenue West,-0.008091,-0.04312,"c(NA, NA)",0.21543650750279073
35,35,44.940114,-93.169337,2025-02-19T21:33:38Z,0.762618,Grand Avenue West,-0.016971,-0.195105,"c(NA, NA)",0.7873628069638545
36,36,44.940114,-93.169363,2025-02-19T21:33:39Z,0.844528,Grand Avenue West,0.001747,-0.219965,"c(NA, NA)",0.872705675481717
37,37,44.940113,-93.169394,2025-02-19T21:33:40Z,1.658862,Grand Avenue West,-0.026115,-0.493427,"c(NA, NA)",1.7308885962412486
38,38,44.940112,-93.169446,2025-02-19T21:33:41Z,1.658464,Grand Avenue West,0.029519,-0.465693,"c(NA, NA)",1.7228593038626223
39,39,44.940111,-93.169517,2025-02-19T21:33:42Z,1.341893,Grand Avenue West,-0.144261,-0.318821,"c(NA, NA)",1.3867713905366668
40,40,44.940111,-93.169606,2025-02-19T21:33:43Z,1.131383,Grand Avenue West,-0.039069,-0.256146,"c(NA, NA)",1.1606742233572693
41,41,44.94011,-93.169707,2025-02-19T21:33:44Z,0.74613,Grand Avenue West,-0.031354,-0.099797,"c(NA, NA)",0.7534271639813631
42,42,44.940109,-93.169821,2025-02-19T21:33:45Z,0.328108,Grand Avenue West,0.070843,-0.164658,"c(NA, NA)",0.373879455542826
43,43,44.940109,-93.169945,2025-02-19T21:33:46Z,0.406567,Grand Avenue West,-0.069895,-0.051136,"c(NA, NA)",0.4156884975675897
44,44,44.940109,-93.170074,2025-02-19T21:33:47Z,0.29007,Grand Avenue West,-0.0512,-0.08631,"c(NA, NA)",0.3069388554745065
45,45,44.940109,-93.170212,2025-02-19T21:33:48Z,-0.074779,Grand Avenue West,0.051151,0.152613,"c(NA, NA)",0.177479721126105
46,46,44.94011,-93.170355,2025-02-19T21:33:49Z,-0.47258,Grand Avenue West,-0.064298,0.118787,"c(NA, NA)",0.49150426302627326
47,47,44.94011,-93.170495,2025-02-19T21:33:50Z,-0.375503,Grand Avenue West,-0.021747,0.179245,"c(NA, NA)",0.4166583793025168
48,48,44.94011,-93.170635,2025-02-19T21:33:51Z,-0.282956,Grand Avenue West,0.0039,0.28674,"c(NA, NA)",0.40286366867217005
49,49,44.940113,-93.170776,2025-02-19T21:33:52Z,-0.403965,Grand Avenue West,-0.015519,-0.047803,"c(NA, NA)",0.4070794607874488
50,50,44.940112,-93.170917,2025-02-19T21:33:53Z,-0.353071,Grand Avenue West,0.020266,-0.071645,"c(NA, NA)",0.360836317215992
51,51,44.940112,-93.171056,2025-02-19T21:33:54Z,-0.319918,Grand Avenue West,-0.006392,0.011902,"c(NA, NA)",0.3202031261433904
52,52,44.940113,-93.171199,2025-02-19T21:33:55Z,-0.026282,Grand Avenue West,0.010376,-0.001215,"c(NA, NA)",0.028282169736425812
53,53,44.940111,-93.171345,2025-02-19T21:33:56Z,0.13264,Grand Avenue West,-0.135294,0.030951,"c(NA, NA)",0.19197864578384755
54,54,44.940112,-93.1715,2025-02-19T21:33:57Z,0.139998,Grand Avenue West,0.049275,-0.070113,"c(NA, NA)",0.1641441390912268
55,55,44.940111,-93.171659,2025-02-19T21:33:58Z,-0.008963,Grand Avenue West,0.090869,0.048393,"c(NA, NA)",0.10334114852758315
56,56,44.940112,-93.171824,2025-02-19T21:33:59Z,-0.184955,Grand Avenue West,-0.038125,0.131185,"c(NA, NA)",0.22993775652336873
57,57,44.940111,-93.17199,2025-02-19T21:34:00Z,-0.269784,Grand Avenue West,-0.031863,0.013197,"c(NA, NA)",0.2719794445063818
58,58,44.940109,-93.172155,2025-02-19T21:34:01Z,-0.245638,Grand Avenue West,0.009513,0.100152,"c(NA, NA)",0.26544104301520516
59,59,44.940108,-93.172321,2025-02-19T21:34:02Z,-0.331957,Grand Avenue West,-0.047642,0.077118,"c(NA, NA)",0.34411102269035204
60,60,44.940107,-93.172486,2025-02-19T21:34:03Z,-0.389261,Grand Avenue West,0.077916,0.203555,"c(NA, NA)",0.44612741139947903
61,61,44.940106,-93.172647,2025-02-19T21:34:04Z,-0.38324,Grand Avenue West,-0.139565,0.200304,"c(NA, NA)",0.45439297886411056
62,62,44.940105,-93.172804,2025-02-19T21:34:05Z,-0.259771,Grand Avenue West,-0.019345,0.043419,"c(NA, NA)",0.26408409839859726
63,63,44.940103,-93.172962,2025-02-19T21:34:06Z,-0.101496,Grand Avenue West,0.030341,0.010886,"c(NA, NA)",0.10649187430503795
64,64,44.940102,-93.173123,2025-02-19T21:34:07Z,-0.115278,Grand Avenue West,0.028157,-0.01092,"c(NA, NA)",0.11916828576848792
65,65,44.940105,-93.173287,2025-02-19T21:34:08Z,-0.098161,Grand Avenue West,-0.046916,0.076735,"c(NA, NA)",0.13313509380324934
66,66,44.940106,-93.17345,2025-02-19T21:34:09Z,-0.243659,Grand Avenue West,-0.165232,-0.041157,"c(NA, NA)",0.2972628815610856
67,67,44.940105,-93.173612,2025-02-19T21:34:10Z,-0.316,Grand Avenue West,0.037052,0.098775,"c(NA, NA)",0.3331446402525486
68,68,44.940105,-93.173771,2025-02-19T21:34:11Z,-0.340621,Grand Avenue West,0.04834,0.282858,"c(NA, NA)",0.4453853044331391
69,69,44.940106,-93.173928,2025-02-19T21:34:12Z,-0.24627,Grand Avenue West,-0.031429,0.066373,"c(NA, NA)",0.2569865172922502
70,70,44.940108,-93.174082,2025-02-19T21:34:13Z,-0.103105,Grand Avenue West,-0.128129,-0.022648,"c(NA, NA)",0.16601389571358174
71,71,44.940109,-93.174236,2025-02-19T21:34:14Z,0.053988,Grand Avenue West,-0.103658,-0.08982,"c(NA, NA)",0.14740189112762428
72,72,44.940115,-93.174393,2025-02-19T21:34:15Z,0.110498,Grand Avenue West,-0.038463,-0.072199,"c(NA, NA)",0.13748420263433905
73,73,44.940111,-93.174553,2025-02-19T21:34:16Z,0.230947,Grand Avenue West,-0.125624,-0.056781,"c(NA, NA)",0.2689646596599635
74,74,44.940109,-93.174718,2025-02-19T21:34:17Z,0.047456,Grand Avenue West,0.029035,0.021232,"c(NA, NA)",0.059547468334094605
75,75,44.940109,-93.174884,2025-02-19T21:34:18Z,-0.063981,Grand Avenue West,-0.109531,0.096549,"c(NA, NA)",0.1594124139551246
76,76,44.94011,-93.175049,2025-02-19T21:34:19Z,-0.089385,Grand Avenue West,0.098431,0.055025,"c(NA, NA)",0.1438961104790536
77,77,44.940112,-93.175215,2025-02-19T21:34:20Z,0.005842,Grand Avenue West,-0.088899,-0.136428,"c(NA, NA)",0.1629409719775846
78,78,44.940111,-93.175381,2025-02-19T21:34:21Z,-0.096715,Grand Avenue West,-0.004076,0.050159,"c(NA, NA)",0.1090244480930768
79,79,44.940111,-93.175548,2025-02-19T21:34:22Z,-0.088867,Grand Avenue West,-0.075585,0.081053,"c(NA, NA)",0.14205641387491097
80,80,44.940112,-93.175714,2025-02-19T21:34:23Z,-0.128731,Grand Avenue West,-0.056628,0.052125,"c(NA, NA)",0.14998472045511838
81,81,44.940112,-93.175881,2025-02-19T21:34:24Z,-0.104366,Grand Avenue West,-0.047254,0.121039,"c(NA, NA)",0.16666025918916602
82,82,44.940112,-93.176048,2025-02-19T21:34:25Z,-0.335396,Grand Avenue West,0.064397,0.156904,"c(NA, NA)",0.3758408115692068
83,83,44.940113,-93.176211,2025-02-19T21:34:26Z,-1.076192,Grand Avenue West,-0.030261,0.272047,"c(NA, NA)",1.1104568965943704
84,84,44.940115,-93.176356,2025-02-19T21:34:27Z,-0.557952,Grand Avenue West,-0.044176,0.208441,"c(NA, NA)",0.59725170888077
85,85,44.940116,-93.176495,2025-02-19T21:34:28Z,-0.514767,Grand Avenue West,-4.9e-5,0.17643,"c(NA, NA)",0.5441623026175186
86,86,44.940118,-93.176628,2025-02-19T21:34:29Z,-0.959588,Grand Avenue West,-0.070903,0.200688,"c(NA, NA)",0.982909984941144
87,87,44.94012,-93.176745,2025-02-19T21:34:30Z,-1.646244,Grand Avenue West,0.089055,0.475025,"c(NA, NA)",1.7157210878187632
88,88,44.940121,-93.176838,2025-02-19T21:34:31Z,-1.411725,Grand Avenue West,-0.088017,0.756493,"c(NA, NA)",1.6040561483199396
89,89,44.940122,-93.176902,2025-02-19T21:34:32Z,-0.740324,Grand Avenue West,-0.303353,1.702603,"c(NA, NA)",1.8812122802049747
90,90,44.940159,-93.177,2025-02-19T21:34:33Z,0.154425,Grand Avenue West,-0.154479,1.453421,"c(NA, NA)",1.4697426459441805
91,91,44.94018,-93.176995,2025-02-19T21:34:34Z,-0.048273,Grand Avenue West,-0.169223,1.678327,"c(NA, NA)",1.6875272516872133
92,92,44.940213,-93.177002,2025-02-19T21:34:35Z,-0.38262,Grand Avenue West,-0.142535,0.1572,"c(NA, NA)",0.43752272012433824
93,93,44.940246,-93.176992,2025-02-19T21:34:36Z,-0.411829,Grand Avenue West,0.080567,-0.32154,"c(NA, NA)",0.5286607024642553
94,94,44.940269,-93.176982,2025-02-19T21:34:37Z,-0.576591,Grand Avenue West,0.114629,-0.522336,"c(NA, NA)",0.7864044034833477
95,1,44.940203,-93.176976,2025-02-19T21:40:04Z,0.347811,Grand Avenue East,0.029258,-0.181486,"c(NA, NA)",0.3934027077702948
96,2,44.940207,-93.176981,2025-02-19T21:40:05Z,0.780006,Grand Avenue East,0.052937,-0.47706,"c(NA, NA)",0.9158591210470091
97,3,44.9402,-93.176977,2025-02-19T21:40:06Z,0.520237,Grand Avenue East,0.300784,-0.64153,"c(NA, NA)",0.8790212123293727
98,4,44.940185,-93.176967,2025-02-19T21:40:07Z,0.706467,Grand Avenue East,0.031137,-1.341813,"c(NA, NA)",1.5167489119254378
99,5,44.940154,-93.17695,2025-02-19T21:40:08Z,-0.223223,Grand Avenue East,-0.038878,-1.33309,"c(NA, NA)",1.3522089168146318
100,6,44.940117,-93.176916,2025-02-19T21:40:09Z,0.00616,Grand Avenue East,-0.012307,-1.20869,"c(NA, NA)",1.2087683499947375
101,7,44.940099,-93.176865,2025-02-19T21:40:10Z,0.031824,Grand Avenue East,-0.084854,-1.291555,"c(NA, NA)",1.2947305844526111
102,8,44.940084,-93.17679,2025-02-19T21:40:11Z,-0.057801,Grand Avenue East,0.073614,-1.1408,"c(NA, NA)",1.1446329615195432
103,9,44.940082,-93.176705,2025-02-19T21:40:12Z,0.044136,Grand Avenue East,0.048619,-0.559445,"c(NA, NA)",0.5632854531070369
104,10,44.94008,-93.176612,2025-02-19T21:40:13Z,0.162588,Grand Avenue East,-0.06433,-0.077119,"c(NA, NA)",0.19110349762628626
105,11,44.940081,-93.176515,2025-02-19T21:40:14Z,0.09732,Grand Avenue East,0.008736,0.094921,"c(NA, NA)",0.1362259018579066
106,12,44.940084,-93.17641,2025-02-19T21:40:15Z,-0.320281,Grand Avenue East,-0.057772,0.214857,"c(NA, NA)",0.38997570872299214
107,13,44.940086,-93.176302,2025-02-19T21:40:16Z,-0.366054,Grand Avenue East,-0.001133,0.093689,"c(NA, NA)",0.37785505597517155
108,14,44.940085,-93.176196,2025-02-19T21:40:17Z,0.038129,Grand Avenue East,-0.001952,0.046068,"c(NA, NA)",0.05983219508759477
109,15,44.940083,-93.176083,2025-02-19T21:40:18Z,0.084384,Grand Avenue East,-0.053395,0.07546,"c(NA, NA)",0.12516348141930217
110,16,44.940084,-93.175962,2025-02-19T21:40:19Z,-0.220291,Grand Avenue East,0.030153,0.030905,"c(NA, NA)",0.22448262096429644
111,17,44.940084,-93.175838,2025-02-19T21:40:20Z,-0.398942,Grand Avenue East,-0.053291,0.248912,"c(NA, NA)",0.47323549506456086
112,18,44.940082,-93.175715,2025-02-19T21:40:21Z,-0.320832,Grand Avenue East,-0.030323,0.027847,"c(NA, NA)",0.3234626902163525
113,19,44.940081,-93.175589,2025-02-19T21:40:22Z,-0.392655,Grand Avenue East,0.043852,0.055823,"c(NA, NA)",0.39902024291757426
114,20,44.940082,-93.175461,2025-02-19T21:40:23Z,-0.185319,Grand Avenue East,-0.177405,0.338671,"c(NA, NA)",0.4248690527998009
115,21,44.940083,-93.175335,2025-02-19T21:40:24Z,-0.270765,Grand Avenue East,-0.073102,0.233659,"c(NA, NA)",0.36503988262928205
116,22,44.940083,-93.175209,2025-02-19T21:40:25Z,-0.102314,Grand Avenue East,-0.023897,0.098166,"c(NA, NA)",0.14379076730096407
117,23,44.940081,-93.175082,2025-02-19T21:40:26Z,-0.129309,Grand Avenue East,-0.006546,0.094558,"c(NA, NA)",0.1603274242324126
118,24,44.940078,-93.174951,2025-02-19T21:40:27Z,-0.097077,Grand Avenue East,-0.051812,-0.039792,"c(NA, NA)",0.11701209568672805
119,25,44.940077,-93.174817,2025-02-19T21:40:28Z,-0.33055,Grand Avenue East,-0.00644,0.07787,"c(NA, NA)",0.339659407348008
120,26,44.940076,-93.174686,2025-02-19T21:40:30Z,-0.10346,Grand Avenue East,-0.125347,0.053682,"c(NA, NA)",0.17116541453517994
121,27,44.940077,-93.174553,2025-02-19T21:40:31Z,0.012448,Grand Avenue East,-0.008168,0.004393,"c(NA, NA)",0.01552312394461888
122,28,44.940077,-93.174415,2025-02-19T21:40:32Z,-0.017582,Grand Avenue East,-0.034296,-0.056951,"c(NA, NA)",0.06876597080678787
123,29,44.940077,-93.174276,2025-02-19T21:40:33Z,-0.237436,Grand Avenue East,-0.060968,-0.103313,"c(NA, NA)",0.26601978702532636
124,30,44.940081,-93.174135,2025-02-19T21:40:34Z,0.053725,Grand Avenue East,-0.152111,0.149613,"c(NA, NA)",0.22001859402105087
125,31,44.940083,-93.173993,2025-02-19T21:40:35Z,-0.143716,Grand Avenue East,0.007742,0.067619,"c(NA, NA)",0.15901747193626242
126,32,44.940083,-93.173849,2025-02-19T21:40:36Z,-0.131894,Grand Avenue East,-0.07914,0.194173,"c(NA, NA)",0.2477141916907467
127,33,44.940082,-93.173705,2025-02-19T21:40:37Z,-0.205365,Grand Avenue East,-0.034942,0.124175,"c(NA, NA)",0.24251836469430516
128,34,44.940084,-93.173563,2025-02-19T21:40:38Z,-0.260873,Grand Avenue East,0.002182,-0.06368,"c(NA, NA)",0.26854166465001295
129,35,44.940084,-93.173421,2025-02-19T21:40:39Z,-0.155912,Grand Avenue East,-0.052272,0.064789,"c(NA, NA)",0.17674424530660113
130,36,44.940086,-93.173278,2025-02-19T21:40:40Z,-0.569473,Grand Avenue East,-0.163837,-0.05159,"c(NA, NA)",0.5948139107300703
131,37,44.940088,-93.17314,2025-02-19T21:40:41Z,-0.556796,Grand Avenue East,-0.070065,0.160473,"c(NA, NA)",0.583680112364641
132,38,44.940091,-93.17301,2025-02-19T21:40:42Z,-0.472851,Grand Avenue East,-0.048872,0.229551,"c(NA, NA)",0.5278922259192685
133,39,44.940093,-93.172885,2025-02-19T21:40:43Z,-0.012528,Grand Avenue East,-0.046636,0.351978,"c(NA, NA)",0.3552750761930817
134,40,44.940087,-93.172756,2025-02-19T21:40:44Z,0.331783,Grand Avenue East,-0.023182,0.059355,"c(NA, NA)",0.33784668155540615
135,41,44.940086,-93.172625,2025-02-19T21:40:45Z,-0.016058,Grand Avenue East,-0.023343,-0.007949,"c(NA, NA)",0.029426885903880484
136,42,44.940084,-93.172493,2025-02-19T21:40:46Z,0.04318,Grand Avenue East,-0.015951,-0.030879,"c(NA, NA)",0.05542977035853568
137,43,44.940082,-93.172362,2025-02-19T21:40:47Z,-0.009908,Grand Avenue East,-0.029579,-0.154502,"c(NA, NA)",0.1576196488671384
138,44,44.940081,-93.172228,2025-02-19T21:40:48Z,0.056705,Grand Avenue East,-0.041124,0.021667,"c(NA, NA)",0.07332188820536471
139,45,44.940082,-93.172095,2025-02-19T21:40:49Z,0.036134,Grand Avenue East,0.073914,0.020125,"c(NA, NA)",0.08469923834958612
140,46,44.940082,-93.171959,2025-02-19T21:40:50Z,0.040241,Grand Avenue East,-0.053855,0.018082,"c(NA, NA)",0.06961794186845802
141,47,44.940083,-93.171823,2025-02-19T21:40:51Z,0.11898,Grand Avenue East,0.043276,-0.071659,"c(NA, NA)",0.14547874366037122
142,48,44.940082,-93.171686,2025-02-19T21:40:52Z,0.123494,Grand Avenue East,-0.059345,-0.09818,"c(NA, NA)",0.16855832658459802
143,49,44.940081,-93.171545,2025-02-19T21:40:53Z,0.156534,Grand Avenue East,0.163919,-0.047914,"c(NA, NA)",0.2316637285226153
144,50,44.940083,-93.171403,2025-02-19T21:40:54Z,-0.04436,Grand Avenue East,-0.091414,-0.07464,"c(NA, NA)",0.1260771930049206
145,51,44.940083,-93.171258,2025-02-19T21:40:55Z,-0.175985,Grand Avenue East,-0.019164,-0.122713,"c(NA, NA)",0.21539837392608144
146,52,44.940084,-93.171117,2025-02-19T21:40:56Z,-0.174635,Grand Avenue East,-0.062349,0.091294,"c(NA, NA)",0.20668666009687225
147,53,44.940085,-93.170978,2025-02-19T21:40:57Z,-0.037477,Grand Avenue East,-0.002245,0.201953,"c(NA, NA)",0.20541319276765063
148,54,44.940084,-93.170837,2025-02-19T21:40:58Z,-0.025124,Grand Avenue East,-0.054442,0.195492,"c(NA, NA)",0.20448048514222572
149,55,44.940082,-93.170696,2025-02-19T21:40:59Z,0.026359,Grand Avenue East,0.003157,-0.098327,"c(NA, NA)",0.1018477415508071
150,56,44.940082,-93.170555,2025-02-19T21:41:00Z,-0.407134,Grand Avenue East,-0.048505,0.166682,"c(NA, NA)",0.44259882298194153
151,57,44.940082,-93.170418,2025-02-19T21:41:01Z,-0.183416,Grand Avenue East,-0.079243,0.070818999999999993,"c(NA, NA)",0.21198163332232348
152,58,44.940081,-93.170286,2025-02-19T21:41:02Z,0.054552,Grand Avenue East,-0.005607,0.059998,"c(NA, NA)",0.08128418761973327
153,59,44.940081,-93.170152,2025-02-19T21:41:02Z,0.065816,Grand Avenue East,0.041655,-0.117594,"c(NA, NA)",0.14105046514279915
154,60,44.94008,-93.170016,2025-02-19T21:41:03Z,0.077751,Grand Avenue East,-0.029833,-0.077113,"c(NA, NA)",0.11349731564667069
155,61,44.940078,-93.169879,2025-02-19T21:41:04Z,0.15504,Grand Avenue East,0.013695,0.065779,"c(NA, NA)",0.1689728719824576
156,62,44.940078,-93.169739,2025-02-19T21:41:05Z,0.070625,Grand Avenue East,-0.202318,-0.114762,"c(NA, NA)",0.24308595268546473
157,63,44.940077,-93.1696,2025-02-19T21:41:06Z,0.339936,Grand Avenue East,0.107783,-0.028516,"c(NA, NA)",0.35775245832977864
158,64,44.940074,-93.169453,2025-02-19T21:41:07Z,0.041713,Grand Avenue East,0.138223,-0.092788,"c(NA, NA)",0.17162512940126223
159,65,44.940073,-93.169307,2025-02-19T21:41:08Z,0.111468,Grand Avenue East,8.33e-4,-0.051979,"c(NA, NA)",0.12299441188119076
160,66,44.940073,-93.169163,2025-02-19T21:41:09Z,-0.011077,Grand Avenue East,0.024714,-0.01325,"c(NA, NA)",0.030150360279771117
161,67,44.940073,-93.169017,2025-02-19T21:41:10Z,-0.06029,Grand Avenue East,0.047154,-0.032439,"c(NA, NA)",0.08313045493078937
162,68,44.940073,-93.16887,2025-02-19T21:41:11Z,-0.021134,Grand Avenue East,-0.122514,-0.082143,"c(NA, NA)",0.14900939098258204
163,69,44.940074,-93.168722,2025-02-19T21:41:12Z,-0.04514,Grand Avenue East,0.024416,0.081207,"c(NA, NA)",0.09606423634735249
164,70,44.940073,-93.168574,2025-02-19T21:41:13Z,-0.37338,Grand Avenue East,-0.084275,0.190083,"c(NA, NA)",0.4273715560422804
165,71,44.940075,-93.168428,2025-02-19T21:41:14Z,-0.707896,Grand Avenue East,-0.119938,0.275817,"c(NA, NA)",0.7691403565988459
166,72,44.940075,-93.168291,2025-02-19T21:41:15Z,-0.68547,Grand Avenue East,-0.043392,0.213563,"c(NA, NA)",0.7192782087155151
167,73,44.940073,-93.168166,2025-02-19T21:41:16Z,-0.580878,Grand Avenue East,-0.129036,0.138088,"c(NA, NA)",0.6108500928411159
168,74,44.940071,-93.168051,2025-02-19T21:41:17Z,-0.528894,Grand Avenue East,-0.127188,0.187194,"c(NA, NA)",0.575280144117629
169,75,44.940072,-93.167943,2025-02-19T21:41:18Z,-0.969519,Grand Avenue East,-0.087627,0.369443,"c(NA, NA)",1.0412174185726053
170,76,44.940066,-93.167845,2025-02-19T21:41:19Z,-1.048625,Grand Avenue East,-0.183367,0.550969,"c(NA, NA)",1.1986678798879196
171,77,44.940064,-93.167769,2025-02-19T21:41:20Z,-1.225197,Grand Avenue East,-0.148549,0.416199,"c(NA, NA)",1.3024577159397537
172,78,44.94006,-93.167712,2025-02-19T21:41:21Z,-0.845068,Grand Avenue East,-0.163579,0.27799,"c(NA, NA)",0.9045310685460175
173,79,44.940057,-93.167669,2025-02-19T21:41:22Z,-0.575896,Grand Avenue East,-0.069208,-0.05583,"c(NA, NA)",0.5827202922329031
174,80,44.940054,-93.167639,2025-02-19T21:41:23Z,-0.347351,Grand Avenue East,-0.051753,0.043944,"c(NA, NA)",0.35392395418507633
175,81,44.940055,-93.16762,2025-02-19T21:41:24Z,-0.034607,Grand Avenue East,0.001496,-0.109195,"c(NA, NA)",0.11455754226588487
176,82,44.940053,-93.167603,2025-02-19T21:41:25Z,0.224773,Grand Avenue East,7.53e-4,-0.124186,"c(NA, NA)",0.2567988145105035
177,1,44.940054,-93.167164,2025-02-19T21:41:56Z,0.436765,Snelling Avenue South R,0.014237,0.798976,"c(NA, NA)",0.9106750276415841
178,2,44.940046,-93.167135,2025-02-19T21:41:57Z,0.875604,Snelling Avenue South R,0.06181,0.681545,"c(NA, NA)",1.1113084306082628
179,3,44.940027,-93.167113,2025-02-19T21:41:58Z,0.975063,Snelling Avenue South R,0.050469,0.918803,"c(NA, NA)",1.3407065028331144
180,4,44.939994,-93.167093,2025-02-19T21:41:59Z,0.891478,Snelling Avenue South R,0.190825,0.239587,"c(NA, NA)",0.9426288430119248
181,5,44.939918,-93.167109,2025-02-19T21:42:00Z,0.54703,Snelling Avenue South R,0.020034,-0.098129,"c(NA, NA)",0.5561227226943708
182,6,44.939874,-93.167112,2025-02-19T21:42:01Z,0.337826,Snelling Avenue South R,0.004461,-0.207517,"c(NA, NA)",0.39649667348667633
183,7,44.939781,-93.167118,2025-02-19T21:42:02Z,0.271362,Snelling Avenue South R,0.019231,-0.303448,"c(NA, NA)",0.40753877742982936
184,8,44.939704,-93.16712,2025-02-19T21:42:03Z,0.176612,Snelling Avenue South R,0.035028,-0.140941,"c(NA, NA)",0.2286550345148779
185,9,44.939625,-93.16712,2025-02-19T21:42:04Z,0.00382,Snelling Avenue South R,-0.003561,-0.182518,"c(NA, NA)",0.18259269822476473
186,10,44.939543,-93.167121,2025-02-19T21:42:05Z,-0.341737,Snelling Avenue South R,-0.001565,-0.064426,"c(NA, NA)",0.347760457599768
187,11,44.939457,-93.16712,2025-02-19T21:42:06Z,-0.243852,Snelling Avenue South R,-0.044815,-0.103702,"c(NA, NA)",0.2687494873167203
188,12,44.939369,-93.167119,2025-02-19T21:42:07Z,-0.21131,Snelling Avenue South R,0.062257,-0.055601,"c(NA, NA)",0.22719885860188646
189,13,44.939282,-93.167118,2025-02-19T21:42:08Z,-0.151181,Snelling Avenue South R,-0.100695,-0.071583,"c(NA, NA)",0.1952416545591642
190,14,44.939187,-93.167118,2025-02-19T21:42:09Z,-0.169264,Snelling Avenue South R,-0.004418,-0.077423,"c(NA, NA)",0.1861830855609607
191,15,44.939102,-93.167077,2025-02-19T21:42:10Z,-0.174287,Snelling Avenue South R,0.036825,-0.012592,"c(NA, NA)",0.17857938699077225
192,16,44.938986,-93.16712,2025-02-19T21:42:11Z,-0.111609,Snelling Avenue South R,-0.078975,-0.056308,"c(NA, NA)",0.14786551447176585
193,17,44.938885,-93.167113,2025-02-19T21:42:12Z,-0.180155,Snelling Avenue South R,-0.043797,-0.010622,"c(NA, NA)",0.18570629531063293
194,18,44.938779,-93.167115,2025-02-19T21:42:13Z,-0.167432,Snelling Avenue South R,-0.008779,-0.023612,"c(NA, NA)",0.16931648475266667
195,19,44.938665,-93.167116,2025-02-19T21:42:14Z,-0.208206,Snelling Avenue South R,-0.016862,-0.022796,"c(NA, NA)",0.21012787320105822
196,20,44.938556,-93.167106,2025-02-19T21:42:15Z,-0.18361,Snelling Avenue South R,-0.028837,-0.012754,"c(NA, NA)",0.18629779704816696
197,21,44.938448,-93.167112,2025-02-19T21:42:16Z,-0.202256,Snelling Avenue South R,-0.019366,0.00246,"c(NA, NA)",0.20319592292169644
198,22,44.93833,-93.167121,2025-02-19T21:42:17Z,-0.341506,Snelling Avenue South R,-0.032983,-0.031892,"c(NA, NA)",0.3445741226340132
199,23,44.938204,-93.167123,2025-02-19T21:42:18Z,-0.456425,Snelling Avenue South R,-0.072471,0.090298,"c(NA, NA)",0.47088167863063013
200,24,44.938087,-93.16712,2025-02-19T21:42:19Z,-0.440303,Snelling Avenue South R,-0.097198,0.081981,"c(NA, NA)",0.4582958295402654
201,25,44.937973,-93.167122,2025-02-19T21:42:20Z,-0.323563,Snelling Avenue South R,-0.259183,0.012548,"c(NA, NA)",0.41476052700564453
202,26,44.937858,-93.167124,2025-02-19T21:42:21Z,-0.312313,Snelling Avenue South R,-0.037651,0.104683,"c(NA, NA)",0.331535123718438
203,27,44.937744,-93.167125,2025-02-19T21:42:22Z,-0.230197,Snelling Avenue South R,-0.141304,0.129067,"c(NA, NA)",0.2993589312414113
204,28,44.937619,-93.167118,2025-02-19T21:42:23Z,-0.228064,Snelling Avenue South R,-0.010559,-0.028315,"c(NA, NA)",0.23005742718286668
205,29,44.937503,-93.167133,2025-02-19T21:42:24Z,-0.222428,Snelling Avenue South R,-0.042485,0.052315,"c(NA, NA)",0.23241353152086475
206,30,44.937386,-93.167136,2025-02-19T21:42:25Z,-0.248349,Snelling Avenue South R,-0.016717,-0.007368,"c(NA, NA)",0.24902002191390152
207,31,44.937267,-93.167135,2025-02-19T21:42:26Z,-0.215999,Snelling Avenue South R,-0.025162,-0.057521,"c(NA, NA)",0.2249385686937658
208,32,44.93715,-93.167136,2025-02-19T21:42:27Z,-0.106016,Snelling Avenue South R,-0.025657,0.044916,"c(NA, NA)",0.11796237095362232
209,33,44.937037,-93.167142,2025-02-19T21:42:28Z,-0.065968,Snelling Avenue South R,-0.01135,-0.021218,"c(NA, NA)",0.0702196770713167
210,34,44.936919,-93.167154,2025-02-19T21:42:29Z,-0.101574,Snelling Avenue South R,-0.084615,0.078322,"c(NA, NA)",0.15365972596942895
211,35,44.936796,-93.16715,2025-02-19T21:42:30Z,-0.234079,Snelling Avenue South R,0.079581,-0.025884,"c(NA, NA)",0.24858820418113167
212,36,44.936674,-93.167153,2025-02-19T21:42:31Z,-0.130131,Snelling Avenue South R,-0.093915,-0.054178,"c(NA, NA)",0.16937933778947184
213,37,44.936548,-93.167151,2025-02-19T21:42:32Z,-0.171477,Snelling Avenue South R,-0.026545,-0.019637,"c(NA, NA)",0.17462706068361797
214,38,44.936425,-93.167146,2025-02-19T21:42:33Z,-0.18501,Snelling Avenue South R,0.013628,0.116161,"c(NA, NA)",0.21887850603702502
215,39,44.936304,-93.167139,2025-02-19T21:42:34Z,-0.120126,Snelling Avenue South R,-0.098492,0.056798,"c(NA, NA)",0.16539934323932487
216,40,44.936184,-93.167136,2025-02-19T21:42:35Z,-0.157632,Snelling Avenue South R,-0.021463,0.062738,"c(NA, NA)",0.17101042201281183
217,41,44.936066,-93.167138,2025-02-19T21:42:36Z,-0.177847,Snelling Avenue South R,0.033085,0.136075,"c(NA, NA)",0.22636381835222696
218,42,44.935948,-93.167138,2025-02-19T21:42:37Z,-0.099765,Snelling Avenue South R,-0.025697,0.12413,"c(NA, NA)",0.16131226839270474
219,43,44.935828,-93.167134,2025-02-19T21:42:38Z,-0.119497,Snelling Avenue South R,-0.103721,-0.083711,"c(NA, NA)",0.1790114811150391
220,44,44.93571,-93.167131,2025-02-19T21:42:39Z,-0.176505,Snelling Avenue South R,-0.038065,-0.07978,"c(NA, NA)",0.19740265360425122
221,45,44.93559,-93.167129,2025-02-19T21:42:40Z,-0.215293,Snelling Avenue South R,-0.034273,0.039424,"c(NA, NA)",0.2215399877087656
222,46,44.935468,-93.167131,2025-02-19T21:42:41Z,-0.23264,Snelling Avenue South R,-0.017171,0.044143,"c(NA, NA)",0.23741275721830957
223,47,44.935348,-93.167134,2025-02-19T21:42:42Z,-0.230034,Snelling Avenue South R,-0.063388,0.084576,"c(NA, NA)",0.2531536677119255
224,48,44.935231,-93.167144,2025-02-19T21:42:43Z,-0.27381,Snelling Avenue South R,0.022003,0.025505,"c(NA, NA)",0.2758741617730809
225,49,44.935117,-93.16715,2025-02-19T21:42:44Z,-0.224154,Snelling Avenue South R,-0.079846,0.043154,"c(NA, NA)",0.2418318985328445
226,50,44.935008,-93.167157,2025-02-19T21:42:45Z,-0.67888,Snelling Avenue South R,-0.092591,0.131539,"c(NA, NA)",0.6976773295743528
227,51,44.934901,-93.167156,2025-02-19T21:42:46Z,-1.126199,Snelling Avenue South R,-0.16932,0.291682,"c(NA, NA)",1.175615515006926
228,52,44.934799,-93.167153,2025-02-19T21:42:47Z,-1.112364,Snelling Avenue South R,-0.109394,0.26593,"c(NA, NA)",1.1489297109188183
229,53,44.934712,-93.167148,2025-02-19T21:42:48Z,-0.293817,Snelling Avenue South R,-0.060532999999999997,0.136257,"c(NA, NA)",0.32948238743064856
230,54,44.934637,-93.167141,2025-02-19T21:42:49Z,-0.277193,Snelling Avenue South R,-0.064351,0.013166,"c(NA, NA)",0.28486901201429404
231,55,44.934566,-93.167135,2025-02-19T21:42:50Z,-0.285694,Snelling Avenue South R,0.043796,0.145384,"c(NA, NA)",0.3235361783603188
232,56,44.934501,-93.167129,2025-02-19T21:42:51Z,-0.944988,Snelling Avenue South R,-0.119073,0.261577,"c(NA, NA)",0.987726291237608
233,57,44.934443,-93.167129,2025-02-19T21:42:52Z,-1.174536,Snelling Avenue South R,-0.095365,0.302454,"c(NA, NA)",1.216596778163168
234,58,44.934394,-93.167129,2025-02-19T21:42:53Z,-1.718054,Snelling Avenue South R,-0.223013,0.48536,"c(NA, NA)",1.799171663484338
235,59,44.934363,-93.167125,2025-02-19T21:42:54Z,-1.133327,Snelling Avenue South R,-0.159806,0.273388,"c(NA, NA)",1.1767366082131547
236,60,44.934346,-93.167124,2025-02-19T21:42:55Z,-0.104292,Snelling Avenue South R,0.004153,0.061154,"c(NA, NA)",0.12097057654239728
237,1,44.941137,-93.167087,2025-02-19T22:02:04Z,0.263843,Snelling Avenue South R,0.069604,-0.383987,"c(NA, NA)",0.47106672736885163
238,2,44.941092,-93.167092,2025-02-19T22:02:05Z,0.183427,Snelling Avenue South R,0.054781,-0.406463,"c(NA, NA)",0.44928675994179934
239,3,44.941041,-93.167095,2025-02-19T22:02:06Z,0.128016,Snelling Avenue South R,0.025619,-0.348995,"c(NA, NA)",0.3726150016330529
240,4,44.940984,-93.167098,2025-02-19T22:02:07Z,0.038171,Snelling Avenue South R,-0.004184,-0.358233,"c(NA, NA)",0.3602851834116968
241,5,44.940923,-93.167099,2025-02-19T22:02:08Z,-0.022424,Snelling Avenue South R,0.027556,-0.299694,"c(NA, NA)",0.3017924163195623
242,6,44.940858,-93.167101,2025-02-19T22:02:09Z,-0.264683,Snelling Avenue South R,-0.043627,-0.208088,"c(NA, NA)",0.3395011360246089
243,7,44.940791,-93.167101,2025-02-19T22:02:10Z,-0.359616,Snelling Avenue South R,-0.065248,-0.132313,"c(NA, NA)",0.3887000114857214
244,8,44.940724,-93.167104,2025-02-19T22:02:11Z,-0.25076,Snelling Avenue South R,-0.148316,0.096365,"c(NA, NA)",0.30686222752401443
245,9,44.940655,-93.167108,2025-02-19T22:02:12Z,-0.317661,Snelling Avenue South R,-0.021911,0.079765,"c(NA, NA)",0.32825456290354904
246,10,44.940586,-93.167117,2025-02-19T22:02:13Z,-0.372639,Snelling Avenue South R,-0.137574,-0.099854,"c(NA, NA)",0.40958180027071517
247,11,44.940518,-93.167129,2025-02-19T22:02:14Z,-0.599918,Snelling Avenue South R,-0.105196,-0.152204,"c(NA, NA)",0.6278008145550624
248,12,44.940451,-93.167131,2025-02-19T22:02:15Z,-0.949723,Snelling Avenue South R,-0.118341,-0.134589,"c(NA, NA)",0.9664846444362165
249,13,44.940392,-93.167138,2025-02-19T22:02:16Z,-1.067948,Snelling Avenue South R,-0.22973,-0.127484,"c(NA, NA)",1.099791331962568
250,14,44.940336,-93.167135,2025-02-19T22:02:17Z,-1.37659,Snelling Avenue South R,-0.327044,0.078894,"c(NA, NA)",1.4171034081082439
251,1,44.941306,-93.167078,2025-02-19T21:47:45Z,0.382025,Snelling Avenue South L,0.049486,-0.06071,"c(NA, NA)",0.3899713693606237
252,2,44.941243,-93.167087,2025-02-19T21:47:46Z,-0.095966,Snelling Avenue South L,0.124895,-0.759835,"c(NA, NA)",0.7759880549377033
253,3,44.941177,-93.167087,2025-02-19T21:47:47Z,-0.15229,Snelling Avenue South L,-0.032153,-0.28261,"c(NA, NA)",0.32263674869580494
254,4,44.941108,-93.167079,2025-02-19T21:47:48Z,-0.143973,Snelling Avenue South L,-0.072035,0.071283,"c(NA, NA)",0.17606399984948654
255,5,44.941036,-93.167069,2025-02-19T21:47:49Z,-0.109819,Snelling Avenue South L,-0.022941,0.08251,"c(NA, NA)",0.13926378690097438
256,6,44.940961,-93.167062,2025-02-19T21:47:50Z,-0.329495,Snelling Avenue South L,-0.092241,0.135122,"c(NA, NA)",0.3678767619597628
257,7,44.940885,-93.167061,2025-02-19T21:47:51Z,-0.734206,Snelling Avenue South L,-0.129461,0.108712,"c(NA, NA)",0.7534168168424435
258,8,44.94081,-93.167063,2025-02-19T21:47:52Z,-0.78037,Snelling Avenue South L,-0.151428,0.12451,"c(NA, NA)",0.8046182425125595
259,9,44.940737,-93.167063,2025-02-19T21:47:53Z,-0.725088,Snelling Avenue South L,-0.148921,0.00177,"c(NA, NA)",0.7402251041980404
260,10,44.94067,-93.167065,2025-02-19T21:47:54Z,-0.679402,Snelling Avenue South L,-0.126371,-0.00731,"c(NA, NA)",0.6910934403863199
261,11,44.940604,-93.167065,2025-02-19T21:47:55Z,-0.566042,Snelling Avenue South L,-0.193296,-0.029875,"c(NA, NA)",0.5988817955197837
262,12,44.94054,-93.167067,2025-02-19T21:47:56Z,-0.551515,Snelling Avenue South L,-0.031295,-0.028307,"c(NA, NA)",0.5531269822554311
263,13,44.94048,-93.167066,2025-02-19T21:47:57Z,-0.464836,Snelling Avenue South L,-0.127315,-0.007578,"c(NA, NA)",0.48201560369452773
264,14,44.940422,-93.167064,2025-02-19T21:47:58Z,-0.019328,Snelling Avenue South L,0.013884,-0.100245,"c(NA, NA)",0.10303104903377429
265,15,44.940362,-93.167062,2025-02-19T21:47:59Z,0.253297,Snelling Avenue South L,0.038476,-0.061336,"c(NA, NA)",0.26344236121208753
266,16,44.940303,-93.167059,2025-02-19T21:48:00Z,0.326849,Snelling Avenue South L,0.066716,-0.099561,"c(NA, NA)",0.34812883560256824
267,17,44.940237,-93.167055,2025-02-19T21:48:01Z,0.363698,Snelling Avenue South L,0.047107,-0.078629,"c(NA, NA)",0.3750704257789462
268,18,44.940166,-93.167055,2025-02-19T21:48:02Z,0.559771,Snelling Avenue South L,0.06745,-0.128626,"c(NA, NA)",0.5783059076449073
269,19,44.94009,-93.167055,2025-02-19T21:48:03Z,0.58714,Snelling Avenue South L,0.049906,-0.17545,"c(NA, NA)",0.6148224873376055
270,20,44.940006,-93.167056,2025-02-19T21:48:04Z,0.462793,Snelling Avenue South L,0.144374,-0.133438,"c(NA, NA)",0.5028189659996926
271,21,44.939916,-93.167058,2025-02-19T21:48:05Z,0.347554,Snelling Avenue South L,0.096211,-0.147834,"c(NA, NA)",0.38975021615516775
272,22,44.93982,-93.167058,2025-02-19T21:48:06Z,0.323226,Snelling Avenue South L,0.09114,-0.089164,"c(NA, NA)",0.3474647688212432
273,23,44.939719,-93.167062,2025-02-19T21:48:07Z,0.199666,Snelling Avenue South L,0.046069,-0.118272,"c(NA, NA)",0.23659486533101262
274,24,44.939611,-93.167064,2025-02-19T21:48:08Z,0.142665,Snelling Avenue South L,-0.002241,-0.096633,"c(NA, NA)",0.17232603110093378
275,25,44.939499,-93.167065,2025-02-19T21:48:09Z,0.156961,Snelling Avenue South L,0.048236,-0.070559,"c(NA, NA)",0.17872336080658285
276,26,44.93938,-93.167067,2025-02-19T21:48:10Z,-0.0582,Snelling Avenue South L,0.021927,-0.060562,"c(NA, NA)",0.08680892334892766
277,27,44.939258,-93.16707,2025-02-19T21:48:11Z,-0.141875,Snelling Avenue South L,-0.021006,-0.039568,"c(NA, NA)",0.14877968371051203
278,28,44.939133,-93.16707,2025-02-19T21:48:12Z,-0.089878,Snelling Avenue South L,-0.09474,-0.017846,"c(NA, NA)",0.1318036501770721
279,29,44.939006,-93.167071000000007,2025-02-19T21:48:13Z,-0.184752,Snelling Avenue South L,-0.064983,0.020093,"c(NA, NA)",0.19687513921772856
280,30,44.938875,-93.167072,2025-02-19T21:48:14Z,-0.178655,Snelling Avenue South L,-0.010166,-0.01013,"c(NA, NA)",0.1792305037681923
281,31,44.938744,-93.167072,2025-02-19T21:48:15Z,-0.153307,Snelling Avenue South L,-0.036396,0.021246,"c(NA, NA)",0.15899401743776398
282,32,44.938611,-93.167071000000007,2025-02-19T21:48:16Z,-0.15022,Snelling Avenue South L,-0.030626,0.042353,"c(NA, NA)",0.15905274875021808
283,33,44.938477,-93.167071000000007,2025-02-19T21:48:17Z,-0.128551,Snelling Avenue South L,-0.068573,0.047821,"c(NA, NA)",0.15334426618233887
284,34,44.93834,-93.167071000000007,2025-02-19T21:48:18Z,-0.122013,Snelling Avenue South L,-0.01272,0.013048,"c(NA, NA)",0.12336620636543866
285,35,44.938201,-93.167072,2025-02-19T21:48:19Z,-0.184188,Snelling Avenue South L,-0.017792,0.049521,"c(NA, NA)",0.19155705168173787
286,36,44.938061,-93.167073,2025-02-19T21:48:20Z,-0.090892,Snelling Avenue South L,-0.172024,-0.038312,"c(NA, NA)",0.19829629745408764
287,37,44.937919,-93.167076,2025-02-19T21:48:21Z,-0.078479,Snelling Avenue South L,-0.18133,-0.07851,"c(NA, NA)",0.21261077686937696
288,38,44.937775,-93.167077,2025-02-19T21:48:22Z,-0.140869,Snelling Avenue South L,-0.216568,0.032106,"c(NA, NA)",0.2603393343715083
289,39,44.937629,-93.167077,2025-02-19T21:48:23Z,-0.321337,Snelling Avenue South L,0.029348,0.091363,"c(NA, NA)",0.3353594645182986
290,40,44.937484,-93.167077,2025-02-19T21:48:24Z,-0.273459,Snelling Avenue South L,-0.114654,0.016337,"c(NA, NA)",0.2969718201547076
291,41,44.937338,-93.167077,2025-02-19T21:48:25Z,-0.285439,Snelling Avenue South L,-0.054312,-0.004098,"c(NA, NA)",0.29058907355404817
292,42,44.937192,-93.167076,2025-02-19T21:48:26Z,-0.415945,Snelling Avenue South L,-0.033746,0.027321,"c(NA, NA)",0.4182050604452318
293,43,44.937047,-93.167076,2025-02-19T21:48:27Z,-0.535805,Snelling Avenue South L,-0.150346,0.096058,"c(NA, NA)",0.5647283037930718
294,44,44.936905,-93.167076,2025-02-19T21:48:28Z,-0.521548,Snelling Avenue South L,-0.14634,0.071471,"c(NA, NA)",0.5463843114008674
295,45,44.936767,-93.167075,2025-02-19T21:48:29Z,-0.348921,Snelling Avenue South L,-0.027916,0.027794,"c(NA, NA)",0.3511376848659226
296,46,44.93663,-93.167073,2025-02-19T21:48:30Z,-0.259178,Snelling Avenue South L,-0.049824,0.008988,"c(NA, NA)",0.2640766002583342
297,47,44.936489,-93.167073,2025-02-19T21:48:31Z,-0.240549,Snelling Avenue South L,-0.025883,0.092191,"c(NA, NA)",0.25890718717525013
298,48,44.936352,-93.167073,2025-02-19T21:48:32Z,-0.143767,Snelling Avenue South L,-0.086355,0.176046,"c(NA, NA)",0.24314261335685278
299,49,44.936218,-93.167074,2025-02-19T21:48:33Z,-0.265331,Snelling Avenue South L,-0.088955,0.065483,"c(NA, NA)",0.287404862302293
300,50,44.936085,-93.167078,2025-02-19T21:48:34Z,-0.464709,Snelling Avenue South L,-0.148008,0.073948,"c(NA, NA)",0.4932840251305529
301,51,44.935956,-93.167079,2025-02-19T21:48:35Z,-0.37999,Snelling Avenue South L,-0.071863,-0.017737,"c(NA, NA)",0.38713213769719507
302,52,44.935829,-93.167079,2025-02-19T21:48:36Z,-0.161837,Snelling Avenue South L,0.015283,-0.042362,"c(NA, NA)",0.1679860818698978
303,53,44.935704,-93.167079,2025-02-19T21:48:37Z,-0.040048,Snelling Avenue South L,-0.068512,-0.065586,"c(NA, NA)",0.10295270683182643
304,54,44.935577,-93.167077,2025-02-19T21:48:38Z,-0.090925,Snelling Avenue South L,-0.038396,0.016923,"c(NA, NA)",0.1001398840123155
305,55,44.935452,-93.167075,2025-02-19T21:48:39Z,-0.094774,Snelling Avenue South L,-0.036007,0.068565,"c(NA, NA)",0.12239188841585867
306,56,44.935329,-93.167074,2025-02-19T21:48:40Z,-0.171375,Snelling Avenue South L,0.005332,0.012899,"c(NA, NA)",0.1719424469117501
307,57,44.935209,-93.167075,2025-02-19T21:48:41Z,-0.120354,Snelling Avenue South L,-0.050181,0.027026,"c(NA, NA)",0.13316764904810777
308,58,44.935088,-93.167075,2025-02-19T21:48:42Z,-0.836994,Snelling Avenue South L,-0.183884,0.131655,"c(NA, NA)",0.8670094120117728
309,59,44.934975,-93.167076,2025-02-19T21:48:43Z,-1.049221,Snelling Avenue South L,-0.230697,0.12149,"c(NA, NA)",1.0811316445049604
310,60,44.934874,-93.167077,2025-02-19T21:48:44Z,-1.01909,Snelling Avenue South L,-0.284871,-5.26e-4,"c(NA, NA)",1.05815697862699
311,61,44.934783,-93.167076,2025-02-19T21:48:45Z,-0.918084,Snelling Avenue South L,-0.076544,-0.377348,"c(NA, NA)",0.9955544827361283
312,62,44.934705,-93.167067,2025-02-19T21:48:46Z,-0.545098,Snelling Avenue South L,-0.071503,-0.24568,"c(NA, NA)",0.6021654017070392
313,63,44.934635,-93.167052,2025-02-19T21:48:47Z,-0.433636,Snelling Avenue South L,-0.121565,0.15644,"c(NA, NA)",0.47675119645471264
314,64,44.934572,-93.167065,2025-02-19T21:48:48Z,-0.414359,Snelling Avenue South L,-0.103115,0.635097,"c(NA, NA)",0.7652935930183918
315,65,44.934518,-93.167065,2025-02-19T21:48:49Z,-0.49966,Snelling Avenue South L,-0.125425,0.458731,"c(NA, NA)",0.689801186274712
316,66,44.934474,-93.167065,2025-02-19T21:48:50Z,-0.578925,Snelling Avenue South L,-0.096939,0.219371,"c(NA, NA)",0.6266378228187316
317,67,44.934439,-93.167065,2025-02-19T21:48:51Z,-0.608795,Snelling Avenue South L,-0.137039,0.144405,"c(NA, NA)",0.6405184178234066
318,68,44.934415,-93.167042,2025-02-19T21:48:52Z,-0.503158,Snelling Avenue South L,-0.090141,0.12363,"c(NA, NA)",0.5259065979287577
319,69,44.934405,-93.167052,2025-02-19T21:48:53Z,-0.401978,Snelling Avenue South L,-0.078797,0.089237,"c(NA, NA)",0.41923564001883235
320,70,44.934401,-93.167052,2025-02-19T21:48:54Z,0.309049,Snelling Avenue South L,0.077072,-0.064952,"c(NA, NA)",0.32506943856505494
321,71,44.934398,-93.167051,2025-02-19T21:48:55Z,0.633289,Snelling Avenue South L,0.13376,-0.119477,"c(NA, NA)",0.6581956006006118
322,1,44.934494,-93.166964,2025-02-19T21:54:18Z,0.341547,Snelling Avenue North R,0.039747,-0.272568,"c(NA, NA)",0.4387795481127168
323,2,44.934563,-93.166966,2025-02-19T21:54:19Z,0.367984,Snelling Avenue North R,0.138677,-0.259879,"c(NA, NA)",0.47136040269203777
324,3,44.934641,-93.166967,2025-02-19T21:54:20Z,0.340302,Snelling Avenue North R,0.067652,-0.280306,"c(NA, NA)",0.4460422602668944
325,4,44.934726,-93.166969,2025-02-19T21:54:21Z,0.081207,Snelling Avenue North R,0.043771,-0.11353100000000001,"c(NA, NA)",0.14628658602551364
326,5,44.934815,-93.16697,2025-02-19T21:54:22Z,0.007307,Snelling Avenue North R,0.027637,-0.20867,"c(NA, NA)",0.21061900417103865
327,6,44.934909,-93.16697,2025-02-19T21:54:23Z,-0.019396,Snelling Avenue North R,0.033798,-0.113049,"c(NA, NA)",0.11957669514165374
328,7,44.935009,-93.166971,2025-02-19T21:54:24Z,-0.005301,Snelling Avenue North R,0.031522,-0.138677,"c(NA, NA)",0.1423132018261131
329,8,44.935115,-93.166969,2025-02-19T21:54:25Z,-0.067001,Snelling Avenue North R,-0.033216,-0.126979,"c(NA, NA)",0.14736384596636992
330,9,44.935224,-93.166972,2025-02-19T21:54:26Z,-0.034622,Snelling Avenue North R,-0.151695,-0.10604,"c(NA, NA)",0.18829375323945294
331,10,44.935339,-93.166971,2025-02-19T21:54:27Z,-0.334562,Snelling Avenue North R,0.202642,-0.101701,"c(NA, NA)",0.40415171088218843
332,11,44.935458,-93.166975,2025-02-19T21:54:28Z,-0.256798,Snelling Avenue North R,-0.101275,-0.134512,"c(NA, NA)",0.30707542489264755
333,12,44.935577,-93.166972,2025-02-19T21:54:29Z,-0.302286,Snelling Avenue North R,-0.093922,-0.120823,"c(NA, NA)",0.3388161230062702
334,13,44.935698,-93.166973,2025-02-19T21:54:30Z,-0.262867,Snelling Avenue North R,-0.058198,-0.106898,"c(NA, NA)",0.28967783708285316
335,14,44.935823,-93.166974,2025-02-19T21:54:31Z,-0.251836,Snelling Avenue North R,0.064466,0.118557,"c(NA, NA)",0.28571488988325405
336,15,44.935948,-93.166975,2025-02-19T21:54:32Z,-0.156774,Snelling Avenue North R,-0.16255,0.044978,"c(NA, NA)",0.23026856072855453
337,16,44.936081,-93.16697,2025-02-19T21:54:33Z,-0.350687,Snelling Avenue North R,-0.017005,-0.071039,"c(NA, NA)",0.35821373719470895
338,17,44.936212,-93.166966,2025-02-19T21:54:34Z,-0.198716,Snelling Avenue North R,-0.274004,-0.07485,"c(NA, NA)",0.3466536645875823
339,18,44.936346,-93.166966,2025-02-19T21:54:35Z,-0.305142,Snelling Avenue North R,0.168339,-0.076587,"c(NA, NA)",0.35681259458432796
340,19,44.93648,-93.166966,2025-02-19T21:54:36Z,-0.21529,Snelling Avenue North R,-0.073534,0.063298,"c(NA, NA)",0.2361433252497305
341,20,44.936615,-93.166965,2025-02-19T21:54:37Z,-0.166038,Snelling Avenue North R,-0.015868,-0.004628,"c(NA, NA)",0.16685871044689274
342,21,44.936751,-93.166965,2025-02-19T21:54:38Z,-0.257816,Snelling Avenue North R,-0.063244,-0.046544,"c(NA, NA)",0.26950925276880566
343,22,44.936887,-93.166965,2025-02-19T21:54:39Z,-0.225466,Snelling Avenue North R,0.034818,0.009189,"c(NA, NA)",0.22832355989034508
344,23,44.937025,-93.166966,2025-02-19T21:54:40Z,-0.201184,Snelling Avenue North R,-0.081235,0.10573,"c(NA, NA)",0.2413564997695318
345,24,44.937167,-93.166964,2025-02-19T21:54:41Z,-0.126369,Snelling Avenue North R,-0.027077,0.091425,"c(NA, NA)",0.15830609184424965
346,25,44.937309,-93.166963,2025-02-19T21:54:42Z,-0.257825,Snelling Avenue North R,-0.111851,0.021711,"c(NA, NA)",0.2818789533594164
347,26,44.937448,-93.166963,2025-02-19T21:54:43Z,-0.807926,Snelling Avenue North R,-0.190203,-0.040806,"c(NA, NA)",0.8310154826000536
348,27,44.937581,-93.166965,2025-02-19T21:54:44Z,-0.751938,Snelling Avenue North R,-0.204366,0.10965,"c(NA, NA)",0.7868922037356832
349,28,44.937711,-93.166966,2025-02-19T21:54:45Z,-0.737764,Snelling Avenue North R,-0.101,0.225114,"c(NA, NA)",0.7779286809804611
350,29,44.937834,-93.166965,2025-02-19T21:54:46Z,-0.351295,Snelling Avenue North R,-0.198007,0.022222,"c(NA, NA)",0.4038672632907995
351,30,44.937956,-93.166962,2025-02-19T21:54:47Z,-0.223673,Snelling Avenue North R,-0.134509,0.141204,"c(NA, NA)",0.29675048715377034
352,31,44.938075,-93.166965,2025-02-19T21:54:48Z,-0.134531,Snelling Avenue North R,-0.247782,-0.019294,"c(NA, NA)",0.2826070910663779
353,32,44.938195,-93.166965,2025-02-19T21:54:49Z,-0.04457,Snelling Avenue North R,-0.065753,-0.011684,"c(NA, NA)",0.0802898360005798
354,33,44.938315,-93.166964,2025-02-19T21:54:50Z,-0.06644,Snelling Avenue North R,-0.012107,-0.02021,"c(NA, NA)",0.07049324186757196
355,34,44.938435,-93.166962,2025-02-19T21:54:51Z,-0.068153,Snelling Avenue North R,-0.006131,-0.030064,"c(NA, NA)",0.07474131833196415
356,35,44.938556,-93.166964,2025-02-19T21:54:52Z,-0.051619,Snelling Avenue North R,-0.060401,-0.008359,"c(NA, NA)",0.07989164438788326
357,36,44.938677,-93.166964,2025-02-19T21:54:53Z,-0.238553,Snelling Avenue North R,-0.047956,-0.055904,"c(NA, NA)",0.24966491335588184
358,37,44.938794,-93.166965,2025-02-19T21:54:54Z,-0.184666,Snelling Avenue North R,-0.061629,0.022296,"c(NA, NA)",0.1959509551214283
359,38,44.938909,-93.166966,2025-02-19T21:54:55Z,-0.245647,Snelling Avenue North R,-0.016311,0.141526,"c(NA, NA)",0.28396849474193436
360,39,44.939022,-93.166965,2025-02-19T21:54:56Z,-0.23791,Snelling Avenue North R,-0.130458,0.08283,"c(NA, NA)",0.28369220427075537
361,40,44.939131,-93.166965,2025-02-19T21:54:57Z,-0.157829,Snelling Avenue North R,-0.113946,-0.079227,"c(NA, NA)",0.2101680320267571
362,41,44.939238,-93.166968,2025-02-19T21:54:58Z,-0.644988,Snelling Avenue North R,-0.151719,0.145146,"c(NA, NA)",0.6783034250400037
363,42,44.939336,-93.166967,2025-02-19T21:54:59Z,-0.823437,Snelling Avenue North R,-0.185969,0.143425,"c(NA, NA)",0.8562731413252432
364,43,44.939425,-93.166966,2025-02-19T21:55:00Z,-0.757677,Snelling Avenue North R,-0.188157,0.153698,"c(NA, NA)",0.7956761704248783
365,44,44.939508,-93.166965,2025-02-19T21:55:01Z,-0.636782,Snelling Avenue North R,-0.156155,0.159909,"c(NA, NA)",0.6748678298970844
366,45,44.939582,-93.166963,2025-02-19T21:55:02Z,-0.593958,Snelling Avenue North R,-0.16621,0.147671,"c(NA, NA)",0.6342070593307836
367,46,44.939647,-93.166961,2025-02-19T21:55:03Z,-0.297169,Snelling Avenue North R,-0.05399,0.074304,"c(NA, NA)",0.3110392564886304
368,47,44.939711,-93.166958,2025-02-19T21:55:04Z,-0.193211,Snelling Avenue North R,0.046502,-0.032939,"c(NA, NA)",0.20143957964114204
369,48,44.939768,-93.166958,2025-02-19T21:55:05Z,0.047509,Snelling Avenue North R,-0.063253,-1.62e-4,"c(NA, NA)",0.07910798527329589
370,49,44.939821,-93.166956,2025-02-19T21:55:06Z,-0.008514,Snelling Avenue North R,-0.038089,-0.031977,"c(NA, NA)",0.050455808842986546
371,50,44.939872,-93.166955,2025-02-19T21:55:07Z,0.309157,Snelling Avenue North R,0.13623,-0.10598,"c(NA, NA)",0.35407403738342635
372,51,44.939925,-93.166955,2025-02-19T21:55:08Z,0.521141,Snelling Avenue North R,0.119712,-0.103784,"c(NA, NA)",0.5446925953976242
373,52,44.939979,-93.166954,2025-02-19T21:55:09Z,0.677161,Snelling Avenue North R,0.154942,-0.137993,"c(NA, NA)",0.7082345030666043
374,53,44.940037,-93.166953,2025-02-19T21:55:10Z,0.689372,Snelling Avenue North R,0.201633,-0.177683,"c(NA, NA)",0.7399059869753725
375,54,44.940098,-93.166957,2025-02-19T21:55:11Z,0.769456,Snelling Avenue North R,0.118246,-0.118002,"c(NA, NA)",0.787381181167038
376,55,44.940166,-93.166959,2025-02-19T21:55:12Z,0.781493,Snelling Avenue North R,0.027182,-0.162218,"c(NA, NA)",0.798614331011534
377,56,44.940237,-93.166959,2025-02-19T21:55:13Z,0.765855,Snelling Avenue North R,0.193297,-0.139448,"c(NA, NA)",0.8020868755552605
378,57,44.940316,-93.166962,2025-02-19T21:55:14Z,0.563611,Snelling Avenue North R,0.157404,-0.012327,"c(NA, NA)",0.5853078962956163
379,58,44.940396,-93.166962,2025-02-19T21:55:15Z,0.03325,Snelling Avenue North R,0.005218,0.125988,"c(NA, NA)",0.13040615847420703
380,59,44.940474,-93.166961,2025-02-19T21:55:16Z,-0.122426,Snelling Avenue North R,-0.059168,0.110957,"c(NA, NA)",0.17550052293084484
381,60,44.940549,-93.16696,2025-02-19T21:55:17Z,-0.153347,Snelling Avenue North R,-0.068542,0.059208,"c(NA, NA)",0.1780979939162707
382,61,44.940622,-93.166959,2025-02-19T21:55:18Z,-0.136447,Snelling Avenue North R,-0.024443,0.00752,"c(NA, NA)",0.13882288881160773
383,62,44.940693,-93.166958,2025-02-19T21:55:19Z,0.018892,Snelling Avenue North R,-0.056597,-0.07669,"c(NA, NA)",0.0971672999161755
384,63,44.940766000000004,-93.166962,2025-02-19T21:55:20Z,0.588351,Snelling Avenue North R,0.10667,-0.131672,"c(NA, NA)",0.612268653194821
385,64,44.940845,-93.166963,2025-02-19T21:55:21Z,0.056634,Snelling Avenue North R,0.008399,-0.093141,"c(NA, NA)",0.10933068662548498
386,65,44.940922,-93.166962,2025-02-19T21:55:22Z,-0.237041,Snelling Avenue North R,-0.056046,0.038319,"c(NA, NA)",0.24657237387428463
387,66,44.940997,-93.166964,2025-02-19T21:55:23Z,-0.156201,Snelling Avenue North R,-0.019086,0.012356,"c(NA, NA)",0.15784707324812836
388,67,44.941072,-93.166965,2025-02-19T21:55:24Z,-0.113981,Snelling Avenue North R,-0.046941,0.006807,"c(NA, NA)",0.12345631247935442
389,68,44.941146,-93.166966,2025-02-19T21:55:25Z,-0.300917,Snelling Avenue North R,-0.05346,0.092672,"c(NA, NA)",0.3193698671963277
390,69,44.941212,-93.166969,2025-02-19T21:55:26Z,-0.702031,Snelling Avenue North R,-0.279859,0.406706,"c(NA, NA)",0.8582414318115852
391,70,44.941274,-93.166968,2025-02-19T21:55:27Z,-0.129954,Snelling Avenue North R,0.084408,-0.046284,"c(NA, NA)",0.16172495551398366
392,71,44.941336,-93.166966,2025-02-19T21:55:28Z,0.827318,Snelling Avenue North R,0.001913,-0.188255,"c(NA, NA)",0.8484684305959769
393,72,44.941405,-93.166966,2025-02-19T21:55:29Z,0.95896,Snelling Avenue North R,0.402406,-0.198874,"c(NA, NA)",1.0588133633044117
394,73,44.941486,-93.166965,2025-02-19T21:55:30Z,0.690101,Snelling Avenue North R,0.02664,-0.27131,"c(NA, NA)",0.7419960888717676
395,74,44.941569,-93.166961,2025-02-19T21:55:31Z,0.516763,Snelling Avenue North R,-0.071838,-0.080406,"c(NA, NA)",0.5278918651097021
396,1,44.934272,-93.167194,2025-02-19T21:31:47Z,0.396699,Snelling Avenue North L,-0.015273,-0.28503,"c(NA, NA)",0.4887181826267568
397,2,44.934272,-93.167157,2025-02-19T21:31:48Z,1.024953,Snelling Avenue North L,-0.021034,-1.225978,"c(NA, NA)",1.5981217531367877
398,3,44.934278,-93.167105,2025-02-19T21:31:49Z,0.571395,Snelling Avenue North L,0.059425,-1.379965,"c(NA, NA)",1.4947665295540304
399,4,44.934312,-93.167044,2025-02-19T21:31:50Z,-0.40024,Snelling Avenue North L,-0.009956,-1.961484,"c(NA, NA)",2.001926737368778
400,5,44.934359,-93.167003,2025-02-19T21:31:51Z,-0.340017,Snelling Avenue North L,0.006555,-1.893109,"c(NA, NA)",1.9234126479242564
401,6,44.934417,-93.166986,2025-02-19T21:31:52Z,0.311558,Snelling Avenue North L,0.040892,-1.512888,"c(NA, NA)",1.545176573590216
402,7,44.934488,-93.166981,2025-02-19T21:31:53Z,0.428579,Snelling Avenue North L,0.059291,-0.824144,"c(NA, NA)",0.9308107834882448
403,8,44.934568,-93.166979,2025-02-19T21:31:54Z,0.363327,Snelling Avenue North L,0.027992,-0.15633,"c(NA, NA)",0.3965212855484558
404,9,44.934657,-93.166982,2025-02-19T21:31:55Z,0.45006,Snelling Avenue North L,-0.017805,0.065197,"c(NA, NA)",0.4551062188478641
405,10,44.934755,-93.166984,2025-02-19T21:31:56Z,0.524306,Snelling Avenue North L,0.01862,0.12942,"c(NA, NA)",0.5403637871249332
406,11,44.934863,-93.166984,2025-02-19T21:31:57Z,0.119128,Snelling Avenue North L,0.011224,0.187656,"c(NA, NA)",0.22255838087117724
407,12,44.934974,-93.166987,2025-02-19T21:31:58Z,0.016396,Snelling Avenue North L,-0.017889,0.194679,"c(NA, NA)",0.19618551979695137
408,13,44.935092,-93.166991,2025-02-19T21:31:59Z,-0.028035,Snelling Avenue North L,0.009461,0.182521,"c(NA, NA)",0.1849037241025718
409,14,44.935215,-93.166991,2025-02-19T21:32:00Z,-0.06045,Snelling Avenue North L,0.027742,0.273132,"c(NA, NA)",0.2811136967278542
410,15,44.935343,-93.166993,2025-02-19T21:32:01Z,-0.23608,Snelling Avenue North L,0.029018,0.225361,"c(NA, NA)",0.32766353328528947
411,16,44.935475,-93.166992,2025-02-19T21:32:02Z,-0.341548,Snelling Avenue North L,-0.012835,0.152119,"c(NA, NA)",0.3741122340822337
412,17,44.93561,-93.166992,2025-02-19T21:32:03Z,-0.555884,Snelling Avenue North L,0.084199,0.26588,"c(NA, NA)",0.6219233614015477
413,18,44.935747,-93.166993,2025-02-19T21:32:04Z,-0.487692,Snelling Avenue North L,-0.009882,0.289565,"c(NA, NA)",0.5672645150306865
414,19,44.935885,-93.166993,2025-02-19T21:32:05Z,-0.418426,Snelling Avenue North L,-0.047249,0.100487,"c(NA, NA)",0.43290925451646334
415,20,44.936024,-93.166995,2025-02-19T21:32:06Z,-0.354718,Snelling Avenue North L,0.020965,0.229206,"c(NA, NA)",0.4228472314973813
416,21,44.936163,-93.166997,2025-02-19T21:32:07Z,-0.274315,Snelling Avenue North L,-0.061872,0.235418,"c(NA, NA)",0.36674036910735636
417,22,44.936304,-93.166998,2025-02-19T21:32:08Z,-0.343766,Snelling Avenue North L,0.023629,0.135533,"c(NA, NA)",0.37027366431600295
418,23,44.936448,-93.166999,2025-02-19T21:32:09Z,-0.268484,Snelling Avenue North L,-0.031959,0.290153,"c(NA, NA)",0.3966028231694777
419,24,44.93659,-93.166997,2025-02-19T21:32:10Z,-0.216918,Snelling Avenue North L,0.032554,0.26292,"c(NA, NA)",0.34240342877956115
420,25,44.936734,-93.166997,2025-02-19T21:32:11Z,-0.288853,Snelling Avenue North L,-0.050757,0.080789,"c(NA, NA)",0.3042025495931946
421,26,44.936878,-93.166999,2025-02-19T21:32:12Z,-0.386798,Snelling Avenue North L,0.108265,0.079117,"c(NA, NA)",0.4093818544073491
422,27,44.937023,-93.167001,2025-02-19T21:32:13Z,-0.327233,Snelling Avenue North L,-0.067987,0.126351,"c(NA, NA)",0.3573069320052439
423,28,44.937167,-93.167004,2025-02-19T21:32:14Z,-0.29304,Snelling Avenue North L,0.008686,0.243625,"c(NA, NA)",0.38118372056135874
424,29,44.937311,-93.167004,2025-02-19T21:32:15Z,-0.503299,Snelling Avenue North L,-0.044665,0.202049,"c(NA, NA)",0.5441770337188074
425,30,44.937457,-93.167003,2025-02-19T21:32:16Z,-0.882787,Snelling Avenue North L,0.022855,0.282076,"c(NA, NA)",0.9270394318312463
426,31,44.937594,-93.167006,2025-02-19T21:32:17Z,-0.568102,Snelling Avenue North L,-0.014422,0.156313,"c(NA, NA)",0.5893908978403043
427,32,44.93773,-93.167007,2025-02-19T21:32:18Z,-0.521773,Snelling Avenue North L,0.03385,0.13765,"c(NA, NA)",0.540685128821757
428,33,44.937864,-93.167008,2025-02-19T21:32:19Z,-0.315763,Snelling Avenue North L,-0.12634600000000001,0.146088,"c(NA, NA)",0.3701503581370684
429,34,44.937996,-93.167008,2025-02-19T21:32:20Z,-0.113968,Snelling Avenue North L,-0.304616,0.139154,"c(NA, NA)",0.35375619880929293
430,35,44.938128,-93.167007,2025-02-19T21:32:21Z,0.034394,Snelling Avenue North L,-0.070496,-0.014013,"c(NA, NA)",0.07968059626408427
431,36,44.938264,-93.167005,2025-02-19T21:32:22Z,-0.311324,Snelling Avenue North L,-1.94e-4,0.045753,"c(NA, NA)",0.31466809120246053
432,37,44.938394,-93.167009,2025-02-19T21:32:23Z,-0.477555,Snelling Avenue North L,-0.021048999999999998,0.271994,"c(NA, NA)",0.5499841583736754
433,38,44.938523000000004,-93.167008,2025-02-19T21:32:24Z,-0.24902,Snelling Avenue North L,-0.005095,0.157307,"c(NA, NA)",0.29458854640667886
434,39,44.938652,-93.167009,2025-02-19T21:32:25Z,-0.149037,Snelling Avenue North L,-0.030233,0.004684,"c(NA, NA)",0.15214467297279916
435,40,44.93878,-93.167009,2025-02-19T21:32:26Z,-0.160433,Snelling Avenue North L,0.038273,0.121709,"c(NA, NA)",0.20497963483965914
436,41,44.938908,-93.167009,2025-02-19T21:32:27Z,-0.24593,Snelling Avenue North L,-0.004211,0.051545,"c(NA, NA)",0.25130894223246414
437,42,44.939033,-93.167007,2025-02-19T21:32:28Z,-0.246633,Snelling Avenue North L,-0.116958,0.128715,"c(NA, NA)",0.3017856220531389
438,43,44.939157,-93.167007,2025-02-19T21:32:29Z,-0.210687,Snelling Avenue North L,-0.058372,0.125742,"c(NA, NA)",0.2522049819432598
439,44,44.939276,-93.167005,2025-02-19T21:32:30Z,-0.841285,Snelling Avenue North L,0.017694,0.224144,"c(NA, NA)",0.8708122998654761
440,45,44.939388,-93.167004,2025-02-19T21:32:31Z,-1.280078,Snelling Avenue North L,0.008421,0.266733,"c(NA, NA)",1.3075997448049614
441,46,44.939489,-93.167006,2025-02-19T21:32:32Z,-1.263665,Snelling Avenue North L,-0.009167,0.207125,"c(NA, NA)",1.2805600461278652
442,47,44.939575,-93.16701,2025-02-19T21:32:33Z,-1.114579,Snelling Avenue North L,-0.004274,-0.499453,"c(NA, NA)",1.221375418749698
443,48,44.939652,-93.167024,2025-02-19T21:32:34Z,-0.500882,Snelling Avenue North L,0.098984,0.212417,"c(NA, NA)",0.5529933020109737
444,49,44.939725,-93.167035,2025-02-19T21:32:35Z,-0.385387,Snelling Avenue North L,-0.083307,0.522127,"c(NA, NA)",0.6542780755512139
445,50,44.939788,-93.167041,2025-02-19T21:32:36Z,-0.089201,Snelling Avenue North L,-0.056843,0.509137,"c(NA, NA)",0.5200081055320195
446,51,44.939847,-93.167042,2025-02-19T21:32:37Z,0.113304,Snelling Avenue North L,0.010785,0.05361,"c(NA, NA)",0.12580995485652158
447,52,44.939902,-93.167043,2025-02-19T21:32:38Z,-0.759395,Snelling Avenue North L,-0.00483,0.347123,"c(NA, NA)",0.8349841148512946
448,53,44.939944,-93.167044,2025-02-19T21:32:39Z,-1.794154,Snelling Avenue North L,-0.005388,0.573466,"c(NA, NA)",1.8835819226718016
449,54,44.939964,-93.167045,2025-02-19T21:32:40Z,-0.86951,Snelling Avenue North L,0.007712,0.254823,"c(NA, NA)",0.9061136111840502
450,55,44.93997,-93.167043,2025-02-19T21:32:41Z,-0.385769,Snelling Avenue North L,0.011174,0.105775,"c(NA, NA)",0.4001636293592909
451,56,44.93997,-93.167042,2025-02-19T21:32:42Z,0.398741,Snelling Avenue North L,0.008167,-0.097919,"c(NA, NA)",0.41066922885821383
452,1,44.934449,-93.17721,2025-02-19T21:44:22Z,0.634892,Fairview Avenue North,0.043854,-0.005417,"c(NA, NA)",0.6364278190564897
453,2,44.934511,-93.177209,2025-02-19T21:44:23Z,0.744356,Fairview Avenue North,0.037734,-0.718534,"c(NA, NA)",1.03526847660305
454,3,44.934575,-93.177209,2025-02-19T21:44:24Z,0.509129,Fairview Avenue North,0.128946,-0.768994,"c(NA, NA)",0.9312310033461085
455,4,44.934652,-93.177207,2025-02-19T21:44:25Z,0.519246,Fairview Avenue North,3.61e-4,-0.743372,"c(NA, NA)",0.9067626311339699
456,5,44.934742,-93.177204,2025-02-19T21:44:26Z,0.400451,Fairview Avenue North,0.086282,-0.71902,"c(NA, NA)",0.8275236234241292
457,6,44.934837,-93.177204,2025-02-19T21:44:27Z,0.231002,Fairview Avenue North,0.025724,-0.622295,"c(NA, NA)",0.6642851158990394
458,7,44.934941,-93.177204,2025-02-19T21:44:28Z,-0.056779,Fairview Avenue North,0.055182,-0.635161,"c(NA, NA)",0.640076873419123
459,8,44.935051,-93.177209,2025-02-19T21:44:29Z,-0.055846,Fairview Avenue North,-0.098492,-0.457785,"c(NA, NA)",0.4715787908769859
460,9,44.935163,-93.177208,2025-02-19T21:44:30Z,-0.489994,Fairview Avenue North,0.224196,-0.293742,"c(NA, NA)",0.6137119267343596
461,10,44.935277,-93.177202,2025-02-19T21:44:31Z,-0.343335,Fairview Avenue North,-0.32894,-0.315001,"c(NA, NA)",0.5703560956332456
462,11,44.935396,-93.177199,2025-02-19T21:44:32Z,-0.344842,Fairview Avenue North,0.015597,-0.390261,"c(NA, NA)",0.5210210355580666
463,12,44.935518,-93.177199,2025-02-19T21:44:33Z,-0.389585,Fairview Avenue North,0.007432,-0.197124,"c(NA, NA)",0.43668017842008816
464,13,44.935642,-93.177196,2025-02-19T21:44:34Z,-0.419718,Fairview Avenue North,-0.114425,-0.348581,"c(NA, NA)",0.5574629976150883
465,14,44.935765,-93.177195,2025-02-19T21:44:35Z,-0.368639,Fairview Avenue North,0.005243,0.012647,"c(NA, NA)",0.36889313896981063
466,15,44.935893,-93.177192,2025-02-19T21:44:36Z,-0.58642,Fairview Avenue North,-0.065556,-0.143131,"c(NA, NA)",0.6071840649234794
467,16,44.936021,-93.17719,2025-02-19T21:44:37Z,-0.662168,Fairview Avenue North,0.184838,-0.107427,"c(NA, NA)",0.6958247673063959
468,17,44.936144,-93.177195,2025-02-19T21:44:38Z,-0.545984,Fairview Avenue North,-0.388302,-0.036563,"c(NA, NA)",0.6709797496415224
469,18,44.936271,-93.177192,2025-02-19T21:44:39Z,-0.47242,Fairview Avenue North,0.00274,-0.010242,"c(NA, NA)",0.47253895348849284
470,19,44.936395,-93.177191,2025-02-19T21:44:40Z,-0.50604,Fairview Avenue North,-0.062895,-0.032182,"c(NA, NA)",0.5109480832227479
471,20,44.936516,-93.177195,2025-02-19T21:44:41Z,-0.376909,Fairview Avenue North,-0.08159,-0.119735,"c(NA, NA)",0.4037991983721612
472,21,44.936643,-93.177196,2025-02-19T21:44:42Z,-0.360331,Fairview Avenue North,0.011501,-0.056321,"c(NA, NA)",0.36488732178989175
473,22,44.936766,-93.177184,2025-02-19T21:44:43Z,-0.221221,Fairview Avenue North,-0.022458,-0.029858,"c(NA, NA)",0.2243537224317885
474,23,44.936893,-93.177187,2025-02-19T21:44:44Z,-0.136287,Fairview Avenue North,-0.054564,0.055934,"c(NA, NA)",0.1570986595136954
475,24,44.937021,-93.177198,2025-02-19T21:44:45Z,-0.368203,Fairview Avenue North,-0.025389,-0.088981,"c(NA, NA)",0.37965203659535396
476,25,44.937137,-93.177201,2025-02-19T21:44:46Z,-0.261559,Fairview Avenue North,-0.039069,-0.041535,"c(NA, NA)",0.2677025466203114
477,26,44.937257,-93.177185,2025-02-19T21:44:47Z,-0.187213,Fairview Avenue North,-0.06208,-0.01521,"c(NA, NA)",0.19782309741028725
478,27,44.937384,-93.177188,2025-02-19T21:44:48Z,-0.163028,Fairview Avenue North,-0.113069,-0.065979,"c(NA, NA)",0.20908361003675063
479,28,44.937512,-93.17718,2025-02-19T21:44:49Z,-0.180556,Fairview Avenue North,-0.02365,-0.045985,"c(NA, NA)",0.18781483397484874
480,29,44.937635,-93.177186,2025-02-19T21:44:50Z,-0.184899,Fairview Avenue North,-0.004389,0.091524,"c(NA, NA)",0.206357810848051
481,30,44.937757,-93.177188,2025-02-19T21:44:51Z,-0.308667,Fairview Avenue North,0.104509,-0.04287,"c(NA, NA)",0.32868721433910386
482,31,44.937878,-93.177191,2025-02-19T21:44:52Z,-0.160208,Fairview Avenue North,-0.292511,-0.002346,"c(NA, NA)",0.33351880321954863
483,32,44.938004,-93.177186,2025-02-19T21:44:53Z,-0.127213,Fairview Avenue North,-0.013254,-0.063779,"c(NA, NA)",0.14292157543911976
484,33,44.938126,-93.177191,2025-02-19T21:44:54Z,-0.156617,Fairview Avenue North,0.045594,0.079646,"c(NA, NA)",0.18152460670939355
485,34,44.938247,-93.177192,2025-02-19T21:44:55Z,-0.236033,Fairview Avenue North,-0.054,0.011505,"c(NA, NA)",0.2424045010184423
486,35,44.938364,-93.177186,2025-02-19T21:44:56Z,-0.14565,Fairview Avenue North,-0.050018,0.042864,"c(NA, NA)",0.15985319927983924
487,36,44.938483,-93.177184,2025-02-19T21:44:57Z,-0.116086,Fairview Avenue North,-6.75e-4,-0.026582,"c(NA, NA)",0.11909247560194557
488,37,44.938604,-93.177184,2025-02-19T21:44:58Z,0.051798,Fairview Avenue North,-0.050995,-0.086493,"c(NA, NA)",0.11298036058536899
489,38,44.938724,-93.177182,2025-02-19T21:44:59Z,0.027632,Fairview Avenue North,0.007334,-0.021471,"c(NA, NA)",0.03575358472936665
490,39,44.938844,-93.177182,2025-02-19T21:45:00Z,0.131341,Fairview Avenue North,0.014097,0.020368,"c(NA, NA)",0.1336564218958446
491,40,44.938966,-93.17718,2025-02-19T21:45:01Z,-0.288621,Fairview Avenue North,0.065255,0.114184,"c(NA, NA)",0.31717232307059834
492,41,44.939084,-93.177179,2025-02-19T21:45:02Z,-0.355718,Fairview Avenue North,-0.164108,0.103653,"c(NA, NA)",0.4052291642971912
493,42,44.939202,-93.177176,2025-02-19T21:45:03Z,-0.155401,Fairview Avenue North,-0.068093,0.021976,"c(NA, NA)",0.1710820622566843
494,43,44.939313,-93.177175,2025-02-19T21:45:04Z,-0.34509,Fairview Avenue North,-0.058981,0.029845,"c(NA, NA)",0.35136390037395704
495,44,44.939424,-93.177175,2025-02-19T21:45:05Z,-0.653681,Fairview Avenue North,-0.070159,0.071615,"c(NA, NA)",0.6613243102041539
496,45,44.939526,-93.177173,2025-02-19T21:45:06Z,-0.791763,Fairview Avenue North,-0.111557,0.168799,"c(NA, NA)",0.8172066536800836
497,46,44.939619,-93.177171,2025-02-19T21:45:07Z,-0.874996,Fairview Avenue North,-0.139608,0.235671,"c(NA, NA)",0.9168692458147999
498,47,44.939708,-93.177169,2025-02-19T21:45:08Z,-0.822448,Fairview Avenue North,-0.056902,0.309349,"c(NA, NA)",0.8805426475242412
499,48,44.939779,-93.177169,2025-02-19T21:45:09Z,-0.906006,Fairview Avenue North,-0.121617,0.211963,"c(NA, NA)",0.9383847185957367
500,49,44.939846,-93.177169,2025-02-19T21:45:10Z,-0.983043,Fairview Avenue North,-0.138425,0.218252,"c(NA, NA)",1.0164491900621495
501,50,44.939898,-93.177166,2025-02-19T21:45:11Z,-0.949057,Fairview Avenue North,-0.087085,0.239658,"c(NA, NA)",0.9827150876210257
502,51,44.939935,-93.177167,2025-02-19T21:45:12Z,-0.837985,Fairview Avenue North,-0.109517,0.196508,"c(NA, NA)",0.8676567452501018
503,52,44.939961,-93.177168,2025-02-19T21:45:13Z,-0.945225,Fairview Avenue North,-0.093892,0.248751,"c(NA, NA)",0.9819078715897943
504,53,44.939973,-93.177168,2025-02-19T21:45:14Z,-0.645286,Fairview Avenue North,-0.075481,0.176938,"c(NA, NA)",0.6733486905021796
505,54,44.939985,-93.177167,2025-02-19T21:45:15Z,-0.065306,Fairview Avenue North,0.005187,0.016239,"c(NA, NA)",0.06749432365762324
506,55,44.939977,-93.177171,2025-02-19T21:45:16Z,0.485656,Fairview Avenue North,0.058307,-0.125948,"c(NA, NA)",0.5050983619939784
507,56,44.939976,-93.177173,2025-02-19T21:45:17Z,0.418691,Fairview Avenue North,0.048935,-0.107385,"c(NA, NA)",0.4350038228923971
508,57,44.939978,-93.177175,2025-02-19T21:45:18Z,0.323748,Fairview Avenue North,0.029591,-0.084175,"c(NA, NA)",0.33581814336036103
509,58,44.939979,-93.177176,2025-02-19T21:45:19Z,0.248044,Fairview Avenue North,0.020792,-0.061723,"c(NA, NA)",0.256452455494191
510,59,44.939979,-93.177177,2025-02-19T21:45:20Z,0.190337,Fairview Avenue North,0.011448,-0.052047,"c(NA, NA)",0.1976565720688285
511,60,44.939979,-93.177178,2025-02-19T21:45:21Z,0.14616,Fairview Avenue North,0.005204,-0.036694,"c(NA, NA)",0.15078553263493155
512,61,44.93998,-93.177177,2025-02-19T21:45:22Z,0.112356,Fairview Avenue North,0.001664,-0.02844,"c(NA, NA)",0.11591148878346788
513,62,44.939979,-93.177177,2025-02-19T21:45:23Z,0.088566,Fairview Avenue North,-0.003972,-0.021596,"c(NA, NA)",0.09124746766897152
514,63,44.939979,-93.177177,2025-02-19T21:45:24Z,0.062739,Fairview Avenue North,-0.003968,-0.015567,"c(NA, NA)",0.06476309623543335
515,64,44.939979,-93.177177,2025-02-19T21:45:25Z,0.051731,Fairview Avenue North,-0.007391,-0.014208,"c(NA, NA)",0.05415339791739758
516,65,44.939979,-93.177177,2025-02-19T21:45:26Z,0.036644,Fairview Avenue North,-0.006936,-0.008355,"c(NA, NA)",0.03821906405185768
517,66,44.939979,-93.177177,2025-02-19T21:45:27Z,0.029728,Fairview Avenue North,-0.00961,-0.011489,"c(NA, NA)",0.03328818416495559
518,67,44.939979,-93.177177,2025-02-19T21:45:28Z,0.022394,Fairview Avenue North,-0.010357,-0.004203,"c(NA, NA)",0.02502846167865696
519,68,44.939979,-93.177177,2025-02-19T21:45:29Z,0.190299,Fairview Avenue North,0.007506,-0.050324,"c(NA, NA)",0.19698363996281518
520,69,44.939997,-93.177186,2025-02-19T21:45:30Z,0.46361,Fairview Avenue North,0.031192,-0.132581,"c(NA, NA)",0.48320274681028047
521,70,44.940005,-93.177186,2025-02-19T21:45:31Z,0.971478,Fairview Avenue North,0.116432,-0.27843,"c(NA, NA)",1.0172753707861013
522,71,44.940026,-93.177188,2025-02-19T21:45:32Z,1.034039,Fairview Avenue North,0.113047,-0.239446,"c(NA, NA)",1.0674037027507446
523,72,44.940055,-93.177186,2025-02-19T21:45:33Z,0.73709,Fairview Avenue North,0.119897,-0.227354,"c(NA, NA)",0.7806194975946988
524,73,44.940094,-93.177186,2025-02-19T21:45:34Z,0.426185,Fairview Avenue North,0.066835,-0.0894,"c(NA, NA)",0.44055979327442035
525,74,44.940135,-93.177186,2025-02-19T21:45:35Z,0.522671,Fairview Avenue North,-0.175708,-0.100818,"c(NA, NA)",0.5605555678333772
526,75,44.940185,-93.177185,2025-02-19T21:45:36Z,0.541655,Fairview Avenue North,0.03401,-0.136553,"c(NA, NA)",0.5596369724508916
527,76,44.94024,-93.177184,2025-02-19T21:45:37Z,0.383358,Fairview Avenue North,0.01426,-0.175048,"c(NA, NA)",0.42167345905095804
528,77,44.9403,-93.177183,2025-02-19T21:45:38Z,0.317704,Fairview Avenue North,0.0651,-0.022873,"c(NA, NA)",0.3251107745753745
529,78,44.940365,-93.177184,2025-02-19T21:45:39Z,0.261515,Fairview Avenue North,-6.11e-4,-0.083918,"c(NA, NA)",0.2746501397596586
530,79,44.940438,-93.177184,2025-02-19T21:45:40Z,0.220264,Fairview Avenue North,-0.008594,-0.022952,"c(NA, NA)",0.22162328586139135
531,80,44.940515,-93.177185,2025-02-19T21:45:41Z,0.196719,Fairview Avenue North,0.020081,-0.041767,"c(NA, NA)",0.2021041657438065
532,81,44.940597,-93.177186,2025-02-19T21:45:42Z,-0.01305,Fairview Avenue North,0.006301,-8.6e-5,"c(NA, NA)",0.014491807927239446
533,82,44.940683,-93.177187,2025-02-19T21:45:43Z,-0.180431,Fairview Avenue North,0.037091,0.105401,"c(NA, NA)",0.2122273753383385
534,83,44.940771,-93.177182,2025-02-19T21:45:44Z,-0.207569,Fairview Avenue North,-0.032452,0.075246,"c(NA, NA)",0.22315909701600783
535,84,44.94086,-93.17718,2025-02-19T21:45:45Z,-0.363228,Fairview Avenue North,-0.136315,0.062493,"c(NA, NA)",0.39296530922970796
536,85,44.940946,-93.177176,2025-02-19T21:45:46Z,-0.632013,Fairview Avenue North,-0.076085,0.161015,"c(NA, NA)",0.656624085469761
537,86,44.941029,-93.177183,2025-02-19T21:45:47Z,-0.561504,Fairview Avenue North,-0.0787,0.143993,"c(NA, NA)",0.5849909538317665
538,87,44.941106,-93.177183,2025-02-19T21:45:48Z,-0.826789,Fairview Avenue North,-0.105083,0.273229,"c(NA, NA)",0.8770841315694863
539,88,44.941176,-93.17718,2025-02-19T21:45:49Z,-1.734825,Fairview Avenue North,-0.214343,0.555315,"c(NA, NA)",1.8341034462371526
540,89,44.941238,-93.177183,2025-02-19T21:45:50Z,-0.498461,Fairview Avenue North,-0.114799,0.761597,"c(NA, NA)",0.9174269286057609
541,90,44.941294,-93.177167,2025-02-19T21:45:51Z,-0.343143,Fairview Avenue North,-0.197846,2.721597,"c(NA, NA)",2.7502691483878445
542,91,44.941332,-93.177126,2025-02-19T21:45:52Z,0.00224,Fairview Avenue North,-0.184705,2.263595,"c(NA, NA)",2.27111938890275
543,1,44.941468,-93.17728,2025-02-19T21:27:59Z,-0.133071,Fairview Avenue South,-0.025173,0.101496,"c(NA, NA)",0.1692424562159271
544,2,44.941463,-93.177284,2025-02-19T21:28:00Z,-0.064472,Fairview Avenue South,-0.014843,0.094215,"c(NA, NA)",0.11512349741907602
545,3,44.941451,-93.177283,2025-02-19T21:28:01Z,-0.306586,Fairview Avenue South,-0.017132,0.180843,"c(NA, NA)",0.3563603112988314
546,4,44.941442,-93.177281,2025-02-19T21:28:02Z,-0.50353,Fairview Avenue South,-0.019154,0.235853,"c(NA, NA)",0.5563595727809489
547,5,44.941437,-93.177282,2025-02-19T21:28:03Z,-0.32375,Fairview Avenue South,-0.025686,0.180593,"c(NA, NA)",0.3716014864676943
548,6,44.941436,-93.177279,2025-02-19T21:28:04Z,-0.156893,Fairview Avenue South,-0.014784,0.127097,"c(NA, NA)",0.202454013331423
549,7,44.941437,-93.177278,2025-02-19T21:28:05Z,0.056043,Fairview Avenue South,-0.025781,0.065577,"c(NA, NA)",0.09003233163147559
550,8,44.941439,-93.177276,2025-02-19T21:28:06Z,0.057342,Fairview Avenue South,-0.023324,0.063374,"c(NA, NA)",0.08859107074643584
551,9,44.941439,-93.177276,2025-02-19T21:28:07Z,0.057342,Fairview Avenue South,-0.021722,0.058134,"c(NA, NA)",0.08449563423041453
552,10,44.941439,-93.177276,2025-02-19T21:28:08Z,0.055071,Fairview Avenue South,-0.023165,0.052159,"c(NA, NA)",0.07930947955320347
553,11,44.941439,-93.177276,2025-02-19T21:28:09Z,0.047455,Fairview Avenue South,-0.022263,0.047288,"c(NA, NA)",0.07059584363119403
554,12,44.941439,-93.177276,2025-02-19T21:28:10Z,0.051459,Fairview Avenue South,-0.0202,0.045327,"c(NA, NA)",0.07148849984438056
555,13,44.941439,-93.177276,2025-02-19T21:28:11Z,0.501434,Fairview Avenue South,-0.028527,-0.090498,"c(NA, NA)",0.5103329639451091
556,14,44.94144,-93.177275,2025-02-19T21:28:12Z,1.456159,Fairview Avenue South,-0.043217,-0.37194,"c(NA, NA)",1.503531212170203
557,15,44.941421,-93.177274,2025-02-19T21:28:13Z,1.193197,Fairview Avenue South,-0.060492,-0.306479,"c(NA, NA)",1.2334130452991001
558,16,44.94139,-93.177275,2025-02-19T21:28:14Z,0.742783,Fairview Avenue South,-0.055889,-0.214823,"c(NA, NA)",0.7752413087155507
559,17,44.941348,-93.177262,2025-02-19T21:28:15Z,0.71919,Fairview Avenue South,-0.023013,-0.185091,"c(NA, NA)",0.7429821885819337
560,18,44.941303,-93.177269,2025-02-19T21:28:16Z,0.744076,Fairview Avenue South,0.006655,-0.278518,"c(NA, NA)",0.7945222835924741
561,19,44.941248,-93.177267,2025-02-19T21:28:17Z,0.499748,Fairview Avenue South,-0.174202,0.030409,"c(NA, NA)",0.5301123537411668
562,20,44.941186,-93.177263,2025-02-19T21:28:18Z,0.371891,Fairview Avenue South,0.063482,-0.056202,"c(NA, NA)",0.3814335394390483
563,21,44.941117,-93.177261,2025-02-19T21:28:19Z,0.279882,Fairview Avenue South,0.086822,0.012398,"c(NA, NA)",0.2933013876748625
564,22,44.941043,-93.17726,2025-02-19T21:28:20Z,0.187344,Fairview Avenue South,-0.101963,0.105557,"c(NA, NA)",0.23798425988707742
565,23,44.940965,-93.177264,2025-02-19T21:28:21Z,-0.055836,Fairview Avenue South,0.008925,0.034931,"c(NA, NA)",0.06646419548899994
566,24,44.940878,-93.177268,2025-02-19T21:28:22Z,0.116512,Fairview Avenue South,-0.0475,-0.029015,"c(NA, NA)",0.12912461565867292
567,25,44.940794,-93.177267,2025-02-19T21:28:23Z,0.228043,Fairview Avenue South,0.017047,-0.154703,"c(NA, NA)",0.276092789233982
568,26,44.940691,-93.177259,2025-02-19T21:28:24Z,-0.076068,Fairview Avenue South,0.020312,0.048407,"c(NA, NA)",0.09242378274556824
569,27,44.940596,-93.177262,2025-02-19T21:28:25Z,-0.09992,Fairview Avenue South,-0.057434,0.211294,"c(NA, NA)",0.24068200014126523
570,28,44.940492,-93.177263,2025-02-19T21:28:26Z,-0.307936,Fairview Avenue South,-0.012078,0.161296,"c(NA, NA)",0.34783165151549966
571,29,44.940387,-93.177262,2025-02-19T21:28:26Z,-0.361804,Fairview Avenue South,0.046349,0.093271,"c(NA, NA)",0.376496804313131
572,30,44.940281,-93.177263,2025-02-19T21:28:27Z,-0.401172,Fairview Avenue South,0.016824,0.11826,"c(NA, NA)",0.41857788780584193
573,31,44.940174,-93.177266,2025-02-19T21:28:28Z,-0.393526,Fairview Avenue South,0.052485,0.096325,"c(NA, NA)",0.4085289384192997
574,32,44.940066,-93.177265,2025-02-19T21:28:29Z,-0.310857,Fairview Avenue South,-0.464378,0.071942,"c(NA, NA)",0.5634311428178247
575,33,44.939958,-93.177264,2025-02-19T21:28:30Z,-0.384123,Fairview Avenue South,0.207919,-0.027011,"c(NA, NA)",0.43761899388737685
576,34,44.939847,-93.177268,2025-02-19T21:28:31Z,-0.436225,Fairview Avenue South,0.090598,0.203547,"c(NA, NA)",0.4898281631735766
577,35,44.939741,-93.177266,2025-02-19T21:28:32Z,-0.388699,Fairview Avenue South,-0.007031,0.098079,"c(NA, NA)",0.40094368407919834
578,36,44.939634,-93.177265,2025-02-19T21:28:33Z,-0.188594,Fairview Avenue South,0.055493,0.129105,"c(NA, NA)",0.23519198734225621
579,37,44.939524,-93.177263,2025-02-19T21:28:34Z,-0.166336,Fairview Avenue South,-0.041209,0.077294,"c(NA, NA)",0.18798991731739234
580,38,44.939412,-93.177264,2025-02-19T21:28:35Z,-0.106051,Fairview Avenue South,-0.059039,0.085304,"c(NA, NA)",0.14835494780424413
581,39,44.9393,-93.177267,2025-02-19T21:28:36Z,-0.130022,Fairview Avenue South,0.013548,-0.005692,"c(NA, NA)",0.1308497904163396
582,40,44.939185,-93.177268,2025-02-19T21:28:37Z,-0.152722,Fairview Avenue South,0.022539,0.006655,"c(NA, NA)",0.15451959367665966
583,41,44.939068,-93.177265,2025-02-19T21:28:38Z,-0.100125,Fairview Avenue South,-0.110862,0.062552,"c(NA, NA)",0.1619510770973753
584,42,44.938951,-93.177229,2025-02-19T21:28:39Z,-0.065177,Fairview Avenue South,-0.084689,0.006078,"c(NA, NA)",0.10703835823666207
585,43,44.938825,-93.177247,2025-02-19T21:28:40Z,-0.149857,Fairview Avenue South,0.09788,0.064285,"c(NA, NA)",0.19018458421754378
586,44,44.938709,-93.177263,2025-02-19T21:28:41Z,-0.246389,Fairview Avenue South,-0.040011,-0.024105,"c(NA, NA)",0.25077773120235375
587,45,44.938591,-93.177262,2025-02-19T21:28:42Z,-0.313702,Fairview Avenue South,-0.033022,0.063453,"c(NA, NA)",0.3217540683456854
588,46,44.938468,-93.177261,2025-02-19T21:28:43Z,-0.256524,Fairview Avenue South,0.048231,0.119805,"c(NA, NA)",0.28720033071359785
589,47,44.938347,-93.177253,2025-02-19T21:28:44Z,-0.06625,Fairview Avenue South,-0.035375,0.04177,"c(NA, NA)",0.08593710505363793
590,48,44.938227,-93.177255,2025-02-19T21:28:45Z,0.048589,Fairview Avenue South,-0.077317,-0.037368,"c(NA, NA)",0.09866699972128472
591,49,44.938104,-93.177262,2025-02-19T21:28:46Z,7.79e-4,Fairview Avenue South,0.021107,0.049958,"c(NA, NA)",0.05423941421143853
592,50,44.937981,-93.177262,2025-02-19T21:28:47Z,-0.19367,Fairview Avenue South,0.082909,0.087578,"c(NA, NA)",0.22814880509220295
593,51,44.937854,-93.17726,2025-02-19T21:28:48Z,-0.158721,Fairview Avenue South,-0.311503,0.010123,"c(NA, NA)",0.3497555574669257
594,52,44.937729,-93.177263,2025-02-19T21:28:49Z,-0.208842,Fairview Avenue South,0.178304,0.026653,"c(NA, NA)",0.2758943272142434
595,53,44.937604,-93.177251,2025-02-19T21:28:50Z,-0.145775,Fairview Avenue South,-0.114668,-2.71e-4,"c(NA, NA)",0.1854701439315773
596,54,44.937474,-93.177246,2025-02-19T21:28:51Z,-0.129113,Fairview Avenue South,0.091983,0.059338,"c(NA, NA)",0.16926912684243398
597,55,44.937352,-93.177255,2025-02-19T21:28:52Z,-0.147164,Fairview Avenue South,-0.119985,0.058001,"c(NA, NA)",0.19853906195507218
598,56,44.93723,-93.177255,2025-02-19T21:28:53Z,-0.119453,Fairview Avenue South,-0.00608,0.008012,"c(NA, NA)",0.11987567623584028
599,57,44.937103,-93.177257,2025-02-19T21:28:54Z,-0.100539,Fairview Avenue South,-0.057907,-0.019976,"c(NA, NA)",0.11772999509895514
600,58,44.936976,-93.17726,2025-02-19T21:28:55Z,-0.096007,Fairview Avenue South,-0.107762,0.121965,"c(NA, NA)",0.18895886832324119
601,59,44.936853,-93.17726,2025-02-19T21:28:56Z,-0.082312,Fairview Avenue South,0.129536,0.068348,"c(NA, NA)",0.16800681457607605
602,60,44.936725,-93.17726,2025-02-19T21:28:57Z,-0.154469,Fairview Avenue South,-0.057266,-0.066085,"c(NA, NA)",0.17750294065733108
603,61,44.936614,-93.177264,2025-02-19T21:28:58Z,-0.088272,Fairview Avenue South,-0.001599,0.10556,"c(NA, NA)",0.13761328564132172
604,62,44.936484,-93.177267,2025-02-19T21:28:59Z,-0.246231,Fairview Avenue South,0.055932,0.05956,"c(NA, NA)",0.2594330117486979
605,63,44.93635,-93.177268,2025-02-19T21:29:00Z,-0.387418,Fairview Avenue South,-0.01654,0.070835,"c(NA, NA)",0.39418761465703106
606,64,44.936232,-93.177268,2025-02-19T21:29:01Z,-0.384512,Fairview Avenue South,-0.049489,0.145438,"c(NA, NA)",0.4140662400015244
607,65,44.936114,-93.177267,2025-02-19T21:29:02Z,-0.369168,Fairview Avenue South,-0.19173,0.191615,"c(NA, NA)",0.4579975036493103
608,66,44.936,-93.177268,2025-02-19T21:29:03Z,-0.299754,Fairview Avenue South,0.067464,0.045568,"c(NA, NA)",0.31061277249334096
609,67,44.935892,-93.177276,2025-02-19T21:29:04Z,-0.334097,Fairview Avenue South,-0.022676,0.12993,"c(NA, NA)",0.3591891024028986
610,68,44.935802,-93.177278,2025-02-19T21:29:05Z,-0.295543,Fairview Avenue South,0.024357,-0.0034390000000000002,"c(NA, NA)",0.29656492546995505
611,69,44.935677,-93.177268,2025-02-19T21:29:06Z,0.023758,Fairview Avenue South,-0.052637,-0.033912,"c(NA, NA)",0.06697103909153568
612,70,44.935566,-93.177274,2025-02-19T21:29:07Z,0.059795,Fairview Avenue South,-0.005428,-0.048651,"c(NA, NA)",0.07727758413666928
613,71,44.935458,-93.177274,2025-02-19T21:29:08Z,-0.005747,Fairview Avenue South,0.017282,-0.017039,"c(NA, NA)",0.02494039001298897
614,72,44.93535,-93.177272,2025-02-19T21:29:09Z,-0.096252,Fairview Avenue South,0.032309,0.059555,"c(NA, NA)",0.1177077610440365
615,73,44.935249,-93.177284,2025-02-19T21:29:10Z,-0.304034,Fairview Avenue South,-0.082437,-0.082251,"c(NA, NA)",0.3255729705089168
616,74,44.935148,-93.177271,2025-02-19T21:29:11Z,-0.346924,Fairview Avenue South,-0.117955,-0.42698,"c(NA, NA)",0.5626558132650902
617,75,44.935046,-93.17726,2025-02-19T21:29:12Z,-0.337526,Fairview Avenue South,0.135828,-0.276176,"c(NA, NA)",0.4567780962743288
618,76,44.934947,-93.177247,2025-02-19T21:29:13Z,-0.277291,Fairview Avenue South,-0.087069,0.277694,"c(NA, NA)",0.40197669967051575
619,77,44.934855,-93.177235,2025-02-19T21:29:14Z,-0.219809,Fairview Avenue South,-0.062743,0.710491,"c(NA, NA)",0.7463579178993146
620,78,44.93477,-93.177236,2025-02-19T21:29:15Z,-0.397972,Fairview Avenue South,-0.032244,0.309489,"c(NA, NA)",0.505178017574993
621,79,44.934685,-93.177234,2025-02-19T21:29:16Z,-0.5237,Fairview Avenue South,-0.012767,0.226327,"c(NA, NA)",0.5706562864089031
622,80,44.934608,-93.177234,2025-02-19T21:29:17Z,-0.977418,Fairview Avenue South,0.02672,0.323318,"c(NA, NA)",1.029851656428245
623,81,44.934542,-93.177235,2025-02-19T21:29:18Z,-1.289293,Fairview Avenue South,-0.01182,0.351933,"c(NA, NA)",1.3365152407428806
624,82,44.93449,-93.177235,2025-02-19T21:29:19Z,-1.451477,Fairview Avenue South,0.007492,0.39166,"c(NA, NA)",1.5034091815580346
625,83,44.934457,-93.177235,2025-02-19T21:29:20Z,-1.277065,Fairview Avenue South,-0.009302,0.365363,"c(NA, NA)",1.3283341684975207
626,84,44.934438,-93.177232,2025-02-19T21:29:21Z,-0.64926,Fairview Avenue South,-0.005224,0.161316,"c(NA, NA)",0.6690206944721515
627,85,44.934433,-93.177233,2025-02-19T21:29:22Z,-0.216439,Fairview Avenue South,-0.007123,0.060882,"c(NA, NA)",0.22495154094604464
628,86,44.934434,-93.177232,2025-02-19T21:29:23Z,0.647222,Fairview Avenue South,-0.022401,-0.214691,"c(NA, NA)",0.6822685303940084
629,87,44.934434,-93.177232,2025-02-19T21:29:24Z,0.609133,Fairview Avenue South,-0.015733,-0.196665,"c(NA, NA)",0.6402871708874074
630,1,44.934256,-93.167217,2025-02-19T21:43:09Z,0.771061,Unknown,-0.09739,1.453,"c(NA, NA)",1.6477951565109665
631,2,44.934255,-93.167298,2025-02-19T21:43:10Z,0.706429,Unknown,0.162979,0.133356,"c(NA, NA)",0.7371484987558476
632,3,44.934262,-93.16739,2025-02-19T21:43:11Z,0.358131,Unknown,-0.00668,-0.378602,"c(NA, NA)",0.521192776201858
633,4,44.934263,-93.167485,2025-02-19T21:43:12Z,0.068084,Unknown,0.054786,-0.368345,"c(NA, NA)",0.3785696446850962
634,5,44.934266,-93.167586,2025-02-19T21:43:13Z,0.163574,Unknown,0.001678,-0.307937,"c(NA, NA)",0.3486896401228462
635,6,44.934266,-93.167698,2025-02-19T21:43:14Z,0.141094,Unknown,0.031898,-0.274161,"c(NA, NA)",0.30998266590407925
636,7,44.934266,-93.167823,2025-02-19T21:43:15Z,-0.053056,Unknown,-0.045135,-0.181714,"c(NA, NA)",0.19460751567449802
637,8,44.934268,-93.167952,2025-02-19T21:43:16Z,-0.175075,Unknown,0.043152,-0.120905,"c(NA, NA)",0.2170976042106407
638,9,44.934271,-93.168085,2025-02-19T21:43:17Z,-0.244903,Unknown,-0.028971,-0.149395,"c(NA, NA)",0.2883325584719839
639,10,44.934273,-93.168225,2025-02-19T21:43:18Z,-0.252661,Unknown,-0.004827,-0.160454,"c(NA, NA)",0.2993432260232391
640,11,44.934272,-93.168372,2025-02-19T21:43:19Z,-0.234543,Unknown,-0.043321,-0.091039,"c(NA, NA)",0.2552943936145093
641,12,44.934274,-93.168522,2025-02-19T21:43:20Z,-0.318756,Unknown,-0.101634,-0.028804,"c(NA, NA)",0.33580430001416
642,13,44.934276,-93.168674,2025-02-19T21:43:21Z,-0.512107,Unknown,0.02004,0.013592,"c(NA, NA)",0.5126791623549761
643,14,44.934278,-93.168827,2025-02-19T21:43:22Z,-0.543209,Unknown,-0.064607,0.029081,"c(NA, NA)",0.5478099914121685
644,15,44.934279,-93.168976,2025-02-19T21:43:23Z,-0.46973,Unknown,-0.075365,0.045825,"c(NA, NA)",0.4779394174474418
645,16,44.934279,-93.16913,2025-02-19T21:43:24Z,-0.441769,Unknown,-0.034982,0.10271,"c(NA, NA)",0.4548988170846348
646,17,44.934278,-93.169282,2025-02-19T21:43:25Z,-0.403832,Unknown,-0.027177,0.060308,"c(NA, NA)",0.40921379304344085
647,18,44.934281,-93.169436,2025-02-19T21:43:26Z,-0.413301,Unknown,-0.030747,0.040545,"c(NA, NA)",0.41642165125627173
648,19,44.934284,-93.169584,2025-02-19T21:43:27Z,-0.333655,Unknown,-0.061691,-0.007449,"c(NA, NA)",0.3393919947597468
649,20,44.934284,-93.169735,2025-02-19T21:43:28Z,-0.303316,Unknown,-0.163374,0.011773,"c(NA, NA)",0.34471765730957266
650,21,44.934287,-93.169887,2025-02-19T21:43:29Z,-0.252373,Unknown,-0.030812,-0.050767,"c(NA, NA)",0.2592658843002681
651,22,44.934287,-93.170038,2025-02-19T21:43:30Z,-0.240811,Unknown,-0.043765,-0.02844,"c(NA, NA)",0.24640240775203476
652,23,44.934288,-93.170194,2025-02-19T21:43:31Z,-0.259405,Unknown,-0.037572,-0.074699,"c(NA, NA)",0.2725482522600356
653,24,44.934289,-93.170351,2025-02-19T21:43:32Z,-0.141318,Unknown,-0.067419,-0.028395,"c(NA, NA)",0.15913005596052557
654,25,44.93429,-93.170504,2025-02-19T21:43:33Z,-0.174323,Unknown,0.009092,-0.021956,"c(NA, NA)",0.17593532541533552
655,26,44.934285,-93.170659,2025-02-19T21:43:34Z,-0.14265,Unknown,-0.053118,0.008078,"c(NA, NA)",0.15243293117958467
656,27,44.934286,-93.170817,2025-02-19T21:43:35Z,-0.139646,Unknown,-0.047844,-6e-6,"c(NA, NA)",0.14761454429696283
657,28,44.934285,-93.170975,2025-02-19T21:43:36Z,-0.220277,Unknown,0.031108,0.005828,"c(NA, NA)",0.22253905270086866
658,29,44.934284,-93.171133,2025-02-19T21:43:37Z,-0.151579,Unknown,-0.101977,0.014135,"c(NA, NA)",0.18323564062430647
659,30,44.934283,-93.17129,2025-02-19T21:43:38Z,-0.218388,Unknown,0.00893,0.104358,"c(NA, NA)",0.24220581249837916
660,31,44.934281,-93.171446,2025-02-19T21:43:39Z,-0.22329,Unknown,-0.056558,0.146678,"c(NA, NA)",0.2730781337785946
661,32,44.934282,-93.171604,2025-02-19T21:43:40Z,-0.203788,Unknown,-0.13898,0.04861,"c(NA, NA)",0.25141185621207285
662,33,44.934282,-93.171757,2025-02-19T21:43:41Z,-0.245858,Unknown,0.003478,0.100486,"c(NA, NA)",0.2656232084061933
663,34,44.934284,-93.171912,2025-02-19T21:43:42Z,-0.259816,Unknown,0.09496,0.085695,"c(NA, NA)",0.28959521487932083
664,35,44.934286,-93.172064,2025-02-19T21:43:43Z,-0.242546,Unknown,-0.144113,9.02e-4,"c(NA, NA)",0.2821310555203025
665,36,44.934288,-93.172214,2025-02-19T21:43:44Z,-0.195643,Unknown,-0.014215,-0.080417,"c(NA, NA)",0.21200269706539113
666,37,44.934284,-93.172363,2025-02-19T21:43:45Z,-0.129276,Unknown,-0.06725,0.07922,"c(NA, NA)",0.16586336266939725
667,38,44.934288,-93.172511,2025-02-19T21:43:46Z,-0.074242,Unknown,0.04702,0.121068,"c(NA, NA)",0.1496001857886547
668,39,44.934289,-93.172655,2025-02-19T21:43:47Z,0.068747,Unknown,-0.071054,-0.036424,"c(NA, NA)",0.10536379217264345
669,40,44.934289,-93.172803,2025-02-19T21:43:48Z,0.049926,Unknown,0.002217,-0.054933,"c(NA, NA)",0.07426408993584988
670,41,44.934292,-93.172954,2025-02-19T21:43:49Z,0.149067,Unknown,-0.027147,-0.071503,"c(NA, NA)",0.16754285752308273
671,42,44.934292,-93.1731,2025-02-19T21:43:50Z,0.065065,Unknown,-0.030419,0.049621,"c(NA, NA)",0.08729841594782806
672,43,44.934299,-93.173257,2025-02-19T21:43:51Z,-0.027528,Unknown,0.148622,-0.094024,"c(NA, NA)",0.17800787129787268
673,44,44.934298,-93.173409,2025-02-19T21:43:52Z,-0.09268,Unknown,-0.107917,-0.064908,"c(NA, NA)",0.1563608319017266
674,45,44.934298,-93.173564,2025-02-19T21:43:53Z,-0.024654,Unknown,0.028073,-0.057332,"c(NA, NA)",0.06843150786735595
675,46,44.934298,-93.173719,2025-02-19T21:43:54Z,-0.016711,Unknown,-0.014031,0.001113,"c(NA, NA)",0.021848689914958287
676,47,44.934298,-93.173871,2025-02-19T21:43:55Z,-0.031673,Unknown,-0.075304,-0.02995,"c(NA, NA)",0.0870107685576906
677,48,44.934297,-93.174024,2025-02-19T21:43:56Z,-0.02806,Unknown,0.025095,-0.033698,"c(NA, NA)",0.050524032192611076
678,49,44.934296,-93.174178,2025-02-19T21:43:57Z,-0.041171,Unknown,-0.030862,0.004629,"c(NA, NA)",0.051661803356057946
679,50,44.934295,-93.174333,2025-02-19T21:43:58Z,0.012887,Unknown,-0.016452,0.14561,"c(NA, NA)",0.14710205699785436
680,51,44.934296,-93.174487,2025-02-19T21:43:59Z,-0.062317,Unknown,0.018572,0.034518,"c(NA, NA)",0.07361942676359277
681,52,44.934297,-93.174641,2025-02-19T21:44:00Z,-0.135119,Unknown,0.024557,0.030067,"c(NA, NA)",0.1405852584697272
682,53,44.934299,-93.174793,2025-02-19T21:44:01Z,-0.042037,Unknown,-0.152211,-0.041888,"c(NA, NA)",0.16337044541164722
683,54,44.934301,-93.174945,2025-02-19T21:44:02Z,-0.098715,Unknown,0.036225,0.032045,"c(NA, NA)",0.10992626562837474
684,55,44.934303,-93.175095,2025-02-19T21:44:03Z,-0.137167,Unknown,0.035512,0.051813,"c(NA, NA)",0.15086575158729698
685,56,44.934301,-93.175245,2025-02-19T21:44:04Z,-0.086563,Unknown,-0.046786,0.074789,"c(NA, NA)",0.12359400182047671
686,57,44.934301,-93.175392,2025-02-19T21:44:05Z,-0.056065,Unknown,-0.067516,0.096638,"c(NA, NA)",0.1305396396693357
687,58,44.9343,-93.17554,2025-02-19T21:44:06Z,-0.034716,Unknown,0.041774,0.066123,"c(NA, NA)",0.08557171764666174
688,59,44.934304,-93.175685,2025-02-19T21:44:07Z,0.00495,Unknown,-0.059426,-0.02819,"c(NA, NA)",0.06595929105137502
689,60,44.934311,-93.175829,2025-02-19T21:44:08Z,-0.0175,Unknown,0.022776,-0.068188,"c(NA, NA)",0.07399053669220139
690,61,44.934304,-93.175978,2025-02-19T21:44:09Z,-0.015238,Unknown,-0.018417,0.019048,"c(NA, NA)",0.030564830066597784
691,62,44.934305,-93.176123,2025-02-19T21:44:10Z,-0.171732,Unknown,-0.038055,0.012472,"c(NA, NA)",0.17633948404427183
692,63,44.934303,-93.176268,2025-02-19T21:44:11Z,-0.325525,Unknown,-0.018122,0.12435,"c(NA, NA)",0.3489381822171371
693,64,44.934306,-93.176406,2025-02-19T21:44:12Z,-0.645972,Unknown,-0.143465,0.167662,"c(NA, NA)",0.6826218405918463
694,65,44.934308,-93.176536,2025-02-19T21:44:13Z,-0.334382,Unknown,-0.101001,0.492115,"c(NA, NA)",0.6034813146651684
695,66,44.934313,-93.176656,2025-02-19T21:44:14Z,-0.141016,Unknown,0.010556,0.2154,"c(NA, NA)",0.25767052876105173
696,67,44.934328,-93.176775,2025-02-19T21:44:15Z,-0.166253,Unknown,-0.041211,-0.144317,"c(NA, NA)",0.223977237725176
697,68,44.934323,-93.176883,2025-02-19T21:44:16Z,-0.926517,Unknown,-0.092262,-0.24339,"c(NA, NA)",0.9623849126170879
698,1,44.93435,-93.177234,2025-02-19T21:29:42Z,1.482441,Unknown,0.026933,-1.310194,"c(NA, NA)",1.9786270549565423
699,2,44.93432,-93.177225,2025-02-19T21:29:43Z,0.221797,Unknown,0.076367,-1.773767,"c(NA, NA)",1.7892107752266082
700,3,44.934287,-93.177198,2025-02-19T21:29:44Z,-0.31424,Unknown,0.001977,-2.091748,"c(NA, NA)",2.1152211188509344
701,4,44.934267,-93.177138,2025-02-19T21:29:45Z,-0.094397,Unknown,0.116612,-1.758012,"c(NA, NA)",1.764402262608218
702,5,44.934267,-93.177052,2025-02-19T21:29:46Z,0.338873,Unknown,-0.153402,-0.500965,"c(NA, NA)",0.6239655559067343
703,6,44.934274,-93.176963,2025-02-19T21:29:47Z,0.596887,Unknown,0.13846,0.004652,"c(NA, NA)",0.6127535421953919
704,7,44.934276,-93.176866,2025-02-19T21:29:48Z,0.393778,Unknown,-0.072477,0.013532,"c(NA, NA)",0.4006209478259967
705,8,44.934275,-93.176756,2025-02-19T21:29:49Z,0.251866,Unknown,-0.01026,0.064451,"c(NA, NA)",0.26018393677742674
706,9,44.934275,-93.176634,2025-02-19T21:29:50Z,0.156927,Unknown,0.034938,0.103435,"c(NA, NA)",0.19116889495417397
707,10,44.934276,-93.176506,2025-02-19T21:29:51Z,0.098205,Unknown,-0.046067,0.142886,"c(NA, NA)",0.17939565075552977
708,11,44.934275,-93.17637,2025-02-19T21:29:52Z,-0.127523,Unknown,0.043365,0.193345,"c(NA, NA)",0.23563728011288873
709,12,44.934275,-93.176229,2025-02-19T21:29:53Z,-0.085469,Unknown,0.057702,0.115223,"c(NA, NA)",0.15463120802089078
710,13,44.934272,-93.176079,2025-02-19T21:29:54Z,-0.134699,Unknown,-0.100485,0.101582,"c(NA, NA)",0.1963668977959371
711,14,44.934274,-93.175929,2025-02-19T21:29:55Z,-0.520528,Unknown,0.051577,0.212868,"c(NA, NA)",0.564732123344334
712,15,44.934274,-93.175778,2025-02-19T21:29:56Z,-0.427331,Unknown,-0.046091,0.199558,"c(NA, NA)",0.47387715623988463
713,16,44.934275,-93.175624,2025-02-19T21:29:57Z,-0.379399,Unknown,-0.040821,0.314952,"c(NA, NA)",0.494777442438517
714,17,44.934284,-93.175478,2025-02-19T21:29:58Z,-0.503054,Unknown,0.053253,0.221652,"c(NA, NA)",0.5522941408606468
715,18,44.934285,-93.175324,2025-02-19T21:29:59Z,-0.389207,Unknown,-0.073736,0.347672,"c(NA, NA)",0.5270625258249727
716,19,44.93428,-93.175165,2025-02-19T21:30:00Z,-0.382163,Unknown,0.027056,0.182199,"c(NA, NA)",0.4242370343404734
717,20,44.934278,-93.175006,2025-02-19T21:30:01Z,-0.339003,Unknown,-0.010889,0.126669,"c(NA, NA)",0.3620588900869581
718,21,44.934275,-93.174848,2025-02-19T21:30:02Z,-0.21818100000000001,Unknown,-0.006253,0.091581,"c(NA, NA)",0.2367047281551427
719,22,44.934275,-93.174688,2025-02-19T21:30:03Z,-0.14942,Unknown,-0.124813,0.042862,"c(NA, NA)",0.19935338575755365
720,23,44.934275,-93.174524,2025-02-19T21:30:04Z,-0.171368,Unknown,0.095723,0.01084,"c(NA, NA)",0.19658939379579968
721,24,44.934276,-93.174356,2025-02-19T21:30:05Z,-0.186334,Unknown,-6.45e-4,0.098881,"c(NA, NA)",0.21094603040114313
722,25,44.934276,-93.174188,2025-02-19T21:30:06Z,-0.17078,Unknown,0.018849,0.088385,"c(NA, NA)",0.1932174977221266
723,26,44.934276,-93.17402,2025-02-19T21:30:07Z,-0.138392,Unknown,-0.040034,0.134109,"c(NA, NA)",0.1968255336611589
724,27,44.934275,-93.173847,2025-02-19T21:30:08Z,-0.15529,Unknown,0.025766,0.131906,"c(NA, NA)",0.20537298676310864
725,28,44.934274,-93.173675,2025-02-19T21:30:09Z,-0.263753,Unknown,-0.059531,0.076295,"c(NA, NA)",0.28094574564317576
726,29,44.934276,-93.173503,2025-02-19T21:30:10Z,-0.251649,Unknown,-0.018885,0.11595,"c(NA, NA)",0.277719759696713
727,30,44.934274,-93.173332,2025-02-19T21:30:11Z,-0.295816,Unknown,0.019981,0.154692,"c(NA, NA)",0.33441884079848133
728,31,44.934273,-93.173159,2025-02-19T21:30:12Z,-0.257908,Unknown,-0.022516,0.09405,"c(NA, NA)",0.27544311430856283
729,32,44.934271,-93.172988,2025-02-19T21:30:13Z,-0.189917,Unknown,0.089297,0.078711,"c(NA, NA)",0.22413799905192336
730,33,44.934273,-93.172824,2025-02-19T21:30:14Z,-0.158473,Unknown,-0.099202,0.017861,"c(NA, NA)",0.18781305560050932
731,34,44.934269,-93.172651,2025-02-19T21:30:15Z,-0.098055,Unknown,0.025369,0.005666,"c(NA, NA)",0.10144196736065404
732,35,44.93427,-93.172478,2025-02-19T21:30:16Z,-0.071696,Unknown,0.045178,0.044116,"c(NA, NA)",0.09553841926680595
733,36,44.934273,-93.172305,2025-02-19T21:30:17Z,-0.085664,Unknown,-0.101391,-0.034902,"c(NA, NA)",0.13724651318339567
734,37,44.934273,-93.172131,2025-02-19T21:30:18Z,0.110587,Unknown,-0.003752,0.066108,"c(NA, NA)",0.12889464588182087
735,38,44.934274,-93.171952,2025-02-19T21:30:19Z,0.01931,Unknown,-0.052143,0.003607,"c(NA, NA)",0.05572054376978028
736,39,44.934273,-93.171771,2025-02-19T21:30:20Z,0.001182,Unknown,0.063846,-0.022192,"c(NA, NA)",0.06760320779371345
737,40,44.934274,-93.171588,2025-02-19T21:30:21Z,-0.104995,Unknown,-0.003758,0.103756,"c(NA, NA)",0.14765967670626942
738,41,44.934277,-93.171406,2025-02-19T21:30:22Z,-0.106157,Unknown,-0.104197,0.176803,"c(NA, NA)",0.23105329313169287
739,42,44.934276,-93.171227,2025-02-19T21:30:23Z,-0.127692,Unknown,-0.068108,0.061258,"c(NA, NA)",0.1571511663717454
740,43,44.934273,-93.171047,2025-02-19T21:30:24Z,-0.033537,Unknown,0.049125,0.056027,"c(NA, NA)",0.08171303887997312
741,44,44.934271,-93.170867,2025-02-19T21:30:25Z,0.089883,Unknown,-0.107164,0.06613,"c(NA, NA)",0.15471345605667272
742,45,44.934269,-93.170685,2025-02-19T21:30:26Z,-0.305984,Unknown,-0.031165000000000002,-0.051183,"c(NA, NA)",0.3117966724806408
743,46,44.934267,-93.170503,2025-02-19T21:30:27Z,-0.479444,Unknown,0.016022,0.056665,"c(NA, NA)",0.4830467636212875
744,47,44.934267,-93.170326,2025-02-19T21:30:28Z,-0.498028,Unknown,0.031305,0.118696,"c(NA, NA)",0.5129333604134166
745,48,44.934269,-93.170157,2025-02-19T21:30:29Z,-0.38052,Unknown,-0.048795,0.120831,"c(NA, NA)",0.4022145608826215
746,49,44.934265,-93.169991,2025-02-19T21:30:30Z,-0.343731,Unknown,-0.075316,0.09102,"c(NA, NA)",0.36346683564941656
747,50,44.934266,-93.169828,2025-02-19T21:30:31Z,-0.187621,Unknown,-0.064402,0.104851,"c(NA, NA)",0.2243724346839424
748,51,44.934266,-93.169668,2025-02-19T21:30:32Z,-0.240401,Unknown,0.038158,0.11419,"c(NA, NA)",0.26886433356806555
749,52,44.934265,-93.169511,2025-02-19T21:30:33Z,-0.254837,Unknown,-0.102797,0.11292,"c(NA, NA)",0.29708592389744753
750,53,44.934265,-93.169357,2025-02-19T21:30:34Z,-0.332448,Unknown,-0.038843,0.018042,"c(NA, NA)",0.33519541332929964
751,54,44.934264,-93.169207,2025-02-19T21:30:35Z,-0.362203,Unknown,0.007148,0.06918,"c(NA, NA)",0.3688197113943342
752,55,44.934265,-93.169063,2025-02-19T21:30:36Z,-0.54143,Unknown,-0.02918,0.144373,"c(NA, NA)",0.5611073697867458
753,56,44.934264,-93.168926,2025-02-19T21:30:37Z,-0.534589,Unknown,-0.027662,0.220837,"c(NA, NA)",0.5790678420824281
754,57,44.934264,-93.168798,2025-02-19T21:30:38Z,-0.277807,Unknown,-0.034764,0.080132,"c(NA, NA)",0.29121538827644394
755,58,44.934263,-93.168676,2025-02-19T21:30:39Z,-0.197286,Unknown,0.024482,0.072948,"c(NA, NA)",0.2117605837355007
756,59,44.934263,-93.168556,2025-02-19T21:30:40Z,-0.07657,Unknown,-0.034607,0.013905,"c(NA, NA)",0.08517017303023401
757,60,44.93426,-93.168438,2025-02-19T21:30:41Z,-0.079916,Unknown,-0.029665,0.003275,"c(NA, NA)",0.08530712107438627
758,61,44.934259,-93.168324,2025-02-19T21:30:42Z,-0.037285,Unknown,-0.065553,-0.002529,"c(NA, NA)",0.07545702667744071
759,62,44.934259,-93.168216,2025-02-19T21:30:43Z,-0.049967,Unknown,0.047603,0.054784,"c(NA, NA)",0.08811375235455587
760,63,44.934261,-93.168109,2025-02-19T21:30:44Z,-0.521976,Unknown,-0.02635,0.138081,"c(NA, NA)",0.5405734266841092
761,64,44.934261,-93.168014,2025-02-19T21:30:45Z,-0.997107,Unknown,-0.036038,0.267646,"c(NA, NA)",1.0330321815940682
762,65,44.934262,-93.167936,2025-02-19T21:30:46Z,-1.244994,Unknown,0.001065,0.36464800000000003,"c(NA, NA)",1.2972969429413606
763,66,44.934263,-93.167879,2025-02-19T21:30:47Z,-1.260445,Unknown,0.003345,0.367305,"c(NA, NA)",1.3128768982943526
764,67,44.934263,-93.167842,2025-02-19T21:30:48Z,-0.621573,Unknown,-0.005101,0.197736,"c(NA, NA)",0.6522871608624533
765,68,44.934264,-93.167819,2025-02-19T21:30:49Z,-0.130162,Unknown,-0.013327,0.045249,"c(NA, NA)",0.13844575534843961
766,69,44.934264,-93.167803,2025-02-19T21:30:50Z,0.134871,Unknown,-0.002947,-0.034194,"c(NA, NA)",0.13916932523368788
767,70,44.934264,-93.167793,2025-02-19T21:30:51Z,0.325567,Unknown,-0.007032,-0.091854,"c(NA, NA)",0.33834963843485927
768,71,44.934263,-93.167785,2025-02-19T21:30:52Z,0.28676,Unknown,-0.006024,-0.075052,"c(NA, NA)",0.2964799974365893
769,72,44.934264,-93.167782,2025-02-19T21:30:53Z,0.307601,Unknown,-0.011054,-0.087429,"c(NA, NA)",0.3199756180680022
770,73,44.934263,-93.167781,2025-02-19T21:30:54Z,0.497652,Unknown,-0.010281,-0.143392,"c(NA, NA)",0.5180004611281731
771,74,44.934263,-93.167779,2025-02-19T21:30:55Z,0.46597,Unknown,-0.017196,-0.129578,"c(NA, NA)",0.4839568177017449
772,75,44.934263,-93.167776,2025-02-19T21:30:56Z,0.417001,Unknown,-0.010529,-0.121585,"c(NA, NA)",0.4344923544402134
773,1,44.941509,-93.166803,2025-02-19T21:26:16Z,1.532961,Summit Avenue West,-0.010845,-0.409629,"c(NA, NA)",1.5867838413555264
774,2,44.941504,-93.166837,2025-02-19T21:26:17Z,1.340552,Summit Avenue West,-0.023934,-0.386225,"c(NA, NA)",1.3952857240311032
775,3,44.941505,-93.1669,2025-02-19T21:26:18Z,0.989578,Summit Avenue West,-0.003259,-0.248158,"c(NA, NA)",1.0202243048119368
776,4,44.941507,-93.166971,2025-02-19T21:26:19Z,0.962208,Summit Avenue West,0.082906,-0.391475,"c(NA, NA)",1.0420989951655264
777,5,44.941507,-93.167046,2025-02-19T21:26:20Z,0.699593,Summit Avenue West,-0.235259,-0.191918,"c(NA, NA)",0.7626333860079823
778,6,44.941503,-93.167152,2025-02-19T21:26:21Z,0.614983,Summit Avenue West,0.030553,-0.151677,"c(NA, NA)",0.6341478442973688
779,7,44.941512,-93.16725,2025-02-19T21:26:22Z,0.654308,Summit Avenue West,-0.255784,-0.11992,"c(NA, NA)",0.7126887258263596
780,8,44.941519,-93.167357,2025-02-19T21:26:23Z,0.437721,Summit Avenue West,0.04287,-0.101125,"c(NA, NA)",0.45129123231678236
781,9,44.941509,-93.167499,2025-02-19T21:26:24Z,0.429638,Summit Avenue West,-0.05193,-0.169458,"c(NA, NA)",0.46475966876225394
782,10,44.941509,-93.167636,2025-02-19T21:26:25Z,0.408351,Summit Avenue West,0.035803,-0.127397,"c(NA, NA)",0.42925795230723457
783,11,44.941507,-93.167779,2025-02-19T21:26:26Z,-0.087597,Summit Avenue West,-0.086486,0.164887,"c(NA, NA)",0.20576876676016698
784,12,44.941506,-93.16793,2025-02-19T21:26:27Z,-0.20813,Summit Avenue West,-0.018456,0.069989,"c(NA, NA)",0.22035693988844554
785,13,44.941506,-93.168079,2025-02-19T21:26:28Z,-0.219148,Summit Avenue West,-0.021382,0.08039,"c(NA, NA)",0.23440475235796737
786,14,44.941506,-93.168233,2025-02-19T21:26:29Z,-0.089092,Summit Avenue West,-0.106051,0.165464,"c(NA, NA)",0.21578353588955762
787,15,44.941506,-93.168388,2025-02-19T21:26:30Z,-0.159314,Summit Avenue West,-0.008104,0.045213,"c(NA, NA)",0.16580362113355668
788,16,44.941509,-93.168561,2025-02-19T21:26:31Z,-0.243025,Summit Avenue West,-0.043953,0.052042,"c(NA, NA)",0.2523913362181832
789,17,44.941513,-93.168719,2025-02-19T21:26:32Z,-0.268507,Summit Avenue West,-0.009243,0.137516,"c(NA, NA)",0.3018146655714397
790,18,44.941506,-93.16888,2025-02-19T21:26:33Z,-0.140793,Summit Avenue West,0.064524,0.032052,"c(NA, NA)",0.158156081542886
791,19,44.941513,-93.169044,2025-02-19T21:26:34Z,-0.166894,Summit Avenue West,0.156455,0.102365,"c(NA, NA)",0.2506199662556836
792,20,44.94151,-93.16922,2025-02-19T21:26:35Z,-0.229876,Summit Avenue West,-0.078348,0.14672,"c(NA, NA)",0.28373956875980477
793,21,44.941516,-93.169393,2025-02-19T21:26:36Z,-0.389026,Summit Avenue West,0.048834,0.011103,"c(NA, NA)",0.3922362360121767
794,22,44.941513,-93.169559,2025-02-19T21:26:37Z,-0.295735,Summit Avenue West,-0.005733,0.14602,"c(NA, NA)",0.32986951649705376
795,23,44.941513,-93.169735,2025-02-19T21:26:38Z,-0.283161,Summit Avenue West,-0.089369,-0.011855,"c(NA, NA)",0.29716579733710946
796,24,44.941511,-93.169907,2025-02-19T21:26:39Z,-0.194422,Summit Avenue West,0.072759,0.094473,"c(NA, NA)",0.22807659655036946
797,25,44.941514,-93.170081,2025-02-19T21:26:40Z,-0.178995,Summit Avenue West,0.00124,0.065522,"c(NA, NA)",0.1906144803235053
798,26,44.941512,-93.17026,2025-02-19T21:26:41Z,-0.214868,Summit Avenue West,-0.079318,0.068544,"c(NA, NA)",0.23907714755701767
799,27,44.941516,-93.170434,2025-02-19T21:26:42Z,-0.201499,Summit Avenue West,0.053072,0.056067,"c(NA, NA)",0.21578228072295466
800,28,44.941514,-93.170616,2025-02-19T21:26:43Z,-0.237199,Summit Avenue West,-0.013137,0.044784,"c(NA, NA)",0.24174687800672834
801,29,44.941514,-93.170792,2025-02-19T21:26:44Z,-0.200106,Summit Avenue West,0.05869,0.097732,"c(NA, NA)",0.23030082752782285
802,30,44.941512,-93.170963,2025-02-19T21:26:45Z,-0.315229,Summit Avenue West,-0.201566,0.041449,"c(NA, NA)",0.3764521143492224
803,31,44.941514,-93.171151,2025-02-19T21:26:46Z,-0.043707,Summit Avenue West,0.051869,-9.08e-4,"c(NA, NA)",0.06783450061731125
804,32,44.941514,-93.171326,2025-02-19T21:26:47Z,-0.17171,Summit Avenue West,-0.09427,0.084126,"c(NA, NA)",0.21318616483252378
805,33,44.941495,-93.171513,2025-02-19T21:26:48Z,-0.227226,Summit Avenue West,-0.020685,0.135311,"c(NA, NA)",0.26527078810528687
806,34,44.941492,-93.171692,2025-02-19T21:26:49Z,-0.181365,Summit Avenue West,0.078952,0.120828,"c(NA, NA)",0.2317888847917432
807,35,44.941495,-93.171874,2025-02-19T21:26:50Z,-0.228913,Summit Avenue West,-0.094677,-0.011396,"c(NA, NA)",0.24798137977275633
808,36,44.941503,-93.172065,2025-02-19T21:26:51Z,-0.144574,Summit Avenue West,-0.083304,0.0894,"c(NA, NA)",0.18929753799772464
809,37,44.941502,-93.172246,2025-02-19T21:26:52Z,-0.222814,Summit Avenue West,0.052515,0.06228,"c(NA, NA)",0.23723975683051102
810,38,44.941499,-93.172425,2025-02-19T21:26:53Z,-0.251779,Summit Avenue West,-0.035416,0.069451,"c(NA, NA)",0.2635723796189578
811,39,44.941502,-93.172604,2025-02-19T21:26:54Z,-0.181497,Summit Avenue West,0.008752,0.05874,"c(NA, NA)",0.190966348116625
812,40,44.941501,-93.172782,2025-02-19T21:26:55Z,-0.193322,Summit Avenue West,-0.14163799999999999,-0.015332,"c(NA, NA)",0.2401453496364233
813,41,44.941501,-93.172959,2025-02-19T21:26:56Z,-0.147014,Summit Avenue West,0.076974,0.116872,"c(NA, NA)",0.20297087785197165
814,42,44.941498,-93.173137,2025-02-19T21:26:57Z,-0.133855,Summit Avenue West,-0.072625,0.100278,"c(NA, NA)",0.18233822674908298
815,43,44.941497,-93.173312,2025-02-19T21:26:58Z,-0.252864,Summit Avenue West,0.069061,0.068381,"c(NA, NA)",0.27089773970633274
816,44,44.941496,-93.173484,2025-02-19T21:26:59Z,-0.186538,Summit Avenue West,-0.223433,0.12601299999999999,"c(NA, NA)",0.3171718888899204
817,45,44.941496,-93.173655,2025-02-19T21:27:00Z,-0.311104,Summit Avenue West,0.05659,0.20521,"c(NA, NA)",0.3769605695772437
818,46,44.9415,-93.173822,2025-02-19T21:27:01Z,-0.351461,Summit Avenue West,-0.057315,0.68594,"c(NA, NA)",0.7728670825866503
819,47,44.941501,-93.173981,2025-02-19T21:27:02Z,0.002309,Summit Avenue West,-0.15957,1.042485,"c(NA, NA)",1.0546292673759818
820,48,44.941521,-93.174138,2025-02-19T21:27:03Z,0.234992,Summit Avenue West,-0.015858,0.92162,"c(NA, NA)",0.9512392657097372
821,49,44.941548,-93.174294,2025-02-19T21:27:04Z,0.064733,Summit Avenue West,-0.17409,0.284906,"c(NA, NA)",0.3401016292595494
822,50,44.94158,-93.174436,2025-02-19T21:27:05Z,-0.111642,Summit Avenue West,0.14262,-0.466183,"c(NA, NA)",0.5001309728990998
823,51,44.941583,-93.174555,2025-02-19T21:27:06Z,-0.09522,Summit Avenue West,0.042698,-1.055541,"c(NA, NA)",1.0606869332112092
824,52,44.941615,-93.174761,2025-02-19T21:27:07Z,-0.016219,Summit Avenue West,0.127574,-0.784894,"c(NA, NA)",0.795359524160615
825,53,44.941623,-93.174918,2025-02-19T21:27:08Z,0.262246,Summit Avenue West,-0.069843,-0.609654,"c(NA, NA)",0.6673297602242837
826,54,44.941629,-93.175086,2025-02-19T21:27:09Z,0.01512,Summit Avenue West,0.067482,-0.598961,"c(NA, NA)",0.60294005858377
827,55,44.941631,-93.175256,2025-02-19T21:27:10Z,-0.08131,Summit Avenue West,-0.087165,-0.242083,"c(NA, NA)",0.2698392710744676
828,56,44.941632,-93.175434,2025-02-19T21:27:11Z,-0.333463,Summit Avenue West,-0.067414,0.071833,"c(NA, NA)",0.34770993608753836
829,57,44.941632,-93.175587,2025-02-19T21:27:12Z,-0.474179,Summit Avenue West,-0.019447,0.246251,"c(NA, NA)",0.5346620099193509
830,58,44.941643,-93.175746,2025-02-19T21:27:13Z,-0.479511,Summit Avenue West,0.02138,0.222373,"c(NA, NA)",0.5289968380340283
831,59,44.941642,-93.175912,2025-02-19T21:27:14Z,-0.342179,Summit Avenue West,-0.064661,0.0297,"c(NA, NA)",0.3494990743363994
832,60,44.941647,-93.176078,2025-02-19T21:27:15Z,-0.223103,Summit Avenue West,-0.034333,0.016313,"c(NA, NA)",0.2263179565721642
833,61,44.941636,-93.176209,2025-02-19T21:27:16Z,-0.117667,Summit Avenue West,4.9e-5,0.049333,"c(NA, NA)",0.12759024327510313
834,62,44.941637,-93.176354,2025-02-19T21:27:17Z,-0.26772,Summit Avenue West,0.140587,0.22676,"c(NA, NA)",0.3779666659495252
835,63,44.94164,-93.176494,2025-02-19T21:27:18Z,-0.844997,Summit Avenue West,-0.167449,0.293109,"c(NA, NA)",0.9099296585401533
836,64,44.941644,-93.176621,2025-02-19T21:27:19Z,-0.924912,Summit Avenue West,-0.003871,0.340917,"c(NA, NA)",0.9857492547671542
837,65,44.941639,-93.176731,2025-02-19T21:27:20Z,-1.328444,Summit Avenue West,-0.001902,0.365404,"c(NA, NA)",1.3777834234581283
838,66,44.94164,-93.176817,2025-02-19T21:27:21Z,-1.455316,Summit Avenue West,-0.009574,0.494673,"c(NA, NA)",1.5371199361991894
839,67,44.941641,-93.176885,2025-02-19T21:27:22Z,-1.155864,Summit Avenue West,-0.017265,0.385848,"c(NA, NA)",1.2186871402558574
840,68,44.941641,-93.176928,2025-02-19T21:27:23Z,-0.813246,Summit Avenue West,-0.012659,0.301358,"c(NA, NA)",0.8673787817101593
841,69,44.941641,-93.176957,2025-02-19T21:27:24Z,-0.530747,Summit Avenue West,-0.024662,0.167431,"c(NA, NA)",0.5570760558613159
842,70,44.94164,-93.176974,2025-02-19T21:27:25Z,-0.133289,Summit Avenue West,-0.00766,0.075352,"c(NA, NA)",0.15330543703665567
843,71,44.941641,-93.176982,2025-02-19T21:27:26Z,0.048211,Summit Avenue West,0.004183,0.003486,"c(NA, NA)",0.048517524730760944
844,72,44.941639,-93.176986,2025-02-19T21:27:27Z,0.147402,Summit Avenue West,0.001423,-0.013837,"c(NA, NA)",0.14805687117455915
845,73,44.941639,-93.176983,2025-02-19T21:27:28Z,0.577854,Summit Avenue West,-0.003803,-0.13809,"c(NA, NA)",0.5941368160827941
846,1,44.941368,-93.176912,2025-02-19T21:45:55Z,0.598077,Summit Avenue East,0.057972,-0.16432,"c(NA, NA)",0.6229429453112059
847,2,44.941373,-93.176824,2025-02-19T21:45:56Z,0.45094,Summit Avenue East,0.04253,-0.307652,"c(NA, NA)",0.5475449183436917
848,3,44.941374,-93.176723,2025-02-19T21:45:57Z,0.343693,Summit Avenue East,0.105363,-0.339273,"c(NA, NA)",0.49429991760772124
849,4,44.941376,-93.176611,2025-02-19T21:45:58Z,0.171708,Summit Avenue East,0.063363,-0.366222,"c(NA, NA)",0.4094106255545891
850,5,44.941373,-93.176487,2025-02-19T21:45:59Z,-0.166231,Summit Avenue East,0.005364,-0.256071,"c(NA, NA)",0.3053422258679595
851,6,44.941371,-93.176356,2025-02-19T21:46:00Z,-0.154752,Summit Avenue East,0.012435,-0.268038,"c(NA, NA)",0.30975341833949144
852,7,44.941371,-93.176218,2025-02-19T21:46:01Z,-0.194605,Summit Avenue East,0.051108,-0.336012,"c(NA, NA)",0.3916467768704346
853,8,44.941369,-93.176077,2025-02-19T21:46:02Z,-0.224036,Summit Avenue East,-0.031437,-0.332234,"c(NA, NA)",0.40194507711999655
854,9,44.941368,-93.175933,2025-02-19T21:46:03Z,-0.290879,Summit Avenue East,0.002907,-0.382467,"c(NA, NA)",0.48052060245009265
855,10,44.941367,-93.175783,2025-02-19T21:46:04Z,-0.347333,Summit Avenue East,0.063088,-0.177421,"c(NA, NA)",0.3950930521712575
856,11,44.941368,-93.175628,2025-02-19T21:46:05Z,-0.472219,Summit Avenue East,-0.137234,-0.100905,"c(NA, NA)",0.5020017666721901
857,12,44.941368,-93.175472,2025-02-19T21:46:06Z,-0.515087,Summit Avenue East,-0.054801,-0.090372,"c(NA, NA)",0.5258182818750219
858,13,44.941365,-93.175318,2025-02-19T21:46:07Z,-0.520996,Summit Avenue East,-6.82e-4,-0.158513,"c(NA, NA)",0.5445765954473255
859,14,44.941366,-93.175162,2025-02-19T21:46:08Z,-0.467394,Summit Avenue East,-0.013501,-0.318352,"c(NA, NA)",0.5656743092460537
860,15,44.941368,-93.175008,2025-02-19T21:46:09Z,-0.680559,Summit Avenue East,-0.078521,-0.544233,"c(NA, NA)",0.8749375167467675
861,16,44.941372,-93.174851,2025-02-19T21:46:10Z,-0.836763,Summit Avenue East,-0.048642,-0.67753,"c(NA, NA)",1.0777686501438979
862,17,44.94138,-93.174697,2025-02-19T21:46:11Z,-0.733766,Summit Avenue East,-0.066326,-0.864345,"c(NA, NA)",1.135739389145679
863,18,44.941399,-93.174551,2025-02-19T21:46:12Z,-0.525772,Summit Avenue East,0.150426,-0.548526,"c(NA, NA)",0.7745611338919607
864,19,44.941407,-93.174402,2025-02-19T21:46:13Z,-0.03337,Summit Avenue East,0.050288,0.448211,"c(NA, NA)",0.4522560561949392
865,20,44.94143,-93.174258,2025-02-19T21:46:14Z,0.393867,Summit Avenue East,-0.244005,0.922555,"c(NA, NA)",1.032364946004561
866,21,44.94146,-93.174111,2025-02-19T21:46:15Z,0.279499,Summit Avenue East,0.053635,0.800011,"c(NA, NA)",0.8491254349900256
867,22,44.941491,-93.173963,2025-02-19T21:46:16Z,0.2397,Summit Avenue East,-7.4e-4,0.604026,"c(NA, NA)",0.6498492488846932
868,23,44.941495,-93.173806,2025-02-19T21:46:17Z,0.065709,Summit Avenue East,0.008112,0.216002,"c(NA, NA)",0.22592109513943137
869,24,44.941495,-93.173645,2025-02-19T21:46:18Z,0.047566,Summit Avenue East,-0.011966,0.038706,"c(NA, NA)",0.06248090866816838
870,25,44.941495,-93.173481,2025-02-19T21:46:19Z,-0.053812,Summit Avenue East,-0.08316,0.030165,"c(NA, NA)",0.10354344097527375
871,26,44.941493,-93.173314,2025-02-19T21:46:20Z,-0.160244,Summit Avenue East,-0.051498,-0.09302,"c(NA, NA)",0.19230939639029604
872,27,44.941493,-93.173146,2025-02-19T21:46:21Z,-0.124775,Summit Avenue East,-0.102644,-0.05883,"c(NA, NA)",0.17194638775211302
873,28,44.941494,-93.172979,2025-02-19T21:46:22Z,-0.012713,Summit Avenue East,0.026174,-0.065128,"c(NA, NA)",0.07133270658681053
874,29,44.941494,-93.172809,2025-02-19T21:46:23Z,-0.028086,Summit Avenue East,-0.002088,-0.158043,"c(NA, NA)",0.16053277855005188
875,30,44.941493,-93.172638,2025-02-19T21:46:24Z,-0.128925,Summit Avenue East,-0.023978,-0.156429,"c(NA, NA)",0.20412406068369307
876,31,44.941493,-93.172467,2025-02-19T21:46:25Z,-0.027083,Summit Avenue East,-0.133883,-0.035325,"c(NA, NA)",0.14108863243720238
877,32,44.941495,-93.17229,2025-02-19T21:46:26Z,-0.01388,Summit Avenue East,0.064915,-0.02043,"c(NA, NA)",0.06945499640054702
878,33,44.941494,-93.172113,2025-02-19T21:46:27Z,-0.17998,Summit Avenue East,-0.021834,0.002793,"c(NA, NA)",0.18132105450002214
879,34,44.941494,-93.171933,2025-02-19T21:46:28Z,-0.307495,Summit Avenue East,-0.033801,0.073297,"c(NA, NA)",0.3179121464099791
880,35,44.941493,-93.171756,2025-02-19T21:46:29Z,-0.286264,Summit Avenue East,-0.037459,-0.024242,"c(NA, NA)",0.28972043238439366
881,36,44.941491,-93.17158,2025-02-19T21:46:30Z,-0.262838,Summit Avenue East,-0.06206,0.007705,"c(NA, NA)",0.27017517441282424
882,37,44.941491,-93.171406,2025-02-19T21:46:31Z,-0.288854,Summit Avenue East,-0.029915,-0.071643,"c(NA, NA)",0.2991057672295872
883,38,44.941491,-93.171235,2025-02-19T21:46:32Z,-0.05654,Summit Avenue East,-0.012841,-0.101827,"c(NA, NA)",0.11717679296686695
884,39,44.94149,-93.171067,2025-02-19T21:46:33Z,-0.030325,Summit Avenue East,-0.099627,-0.097495,"c(NA, NA)",0.1426548974939171
885,40,44.941492,-93.170894,2025-02-19T21:46:34Z,-0.005872,Summit Avenue East,-0.073546,-0.001899,"c(NA, NA)",0.07380447615829273
886,41,44.941494,-93.170721,2025-02-19T21:46:35Z,-0.1336,Summit Avenue East,0.098547,0.054748,"c(NA, NA)",0.17480793664190422
887,42,44.941495,-93.170547,2025-02-19T21:46:36Z,-0.048015,Summit Avenue East,-0.210861,0.128344,"c(NA, NA)",0.2514756128971555
888,43,44.941495,-93.170373,2025-02-19T21:46:37Z,-0.128718,Summit Avenue East,0.092459,-0.033853,"c(NA, NA)",0.16205868015629402
889,44,44.941494,-93.170202,2025-02-19T21:46:38Z,-0.202601,Summit Avenue East,-0.078608,0.013995,"c(NA, NA)",0.21776648706814372
890,45,44.941495,-93.170032,2025-02-19T21:46:39Z,-0.222714,Summit Avenue East,0.034446,-0.027871,"c(NA, NA)",0.22707894079592672
891,46,44.941496,-93.169866,2025-02-19T21:46:40Z,0.032215,Summit Avenue East,0.035628,-0.024051,"c(NA, NA)",0.05371788538280337
892,47,44.941494,-93.169698,2025-02-19T21:46:41Z,0.053003,Summit Avenue East,-0.073765,-0.084973,"c(NA, NA)",0.12438249058046714
893,48,44.941494,-93.169528,2025-02-19T21:46:42Z,0.077592,Summit Avenue East,0.055572,-0.045985,"c(NA, NA)",0.10594048269193415
894,49,44.941493,-93.169355,2025-02-19T21:46:43Z,0.077631,Summit Avenue East,-0.031888,0.048586,"c(NA, NA)",0.09697430639607586
895,50,44.941492,-93.169183,2025-02-19T21:46:44Z,-0.085754,Summit Avenue East,0.138348,0.084457,"c(NA, NA)",0.18337639561568442
896,51,44.94149,-93.169011,2025-02-19T21:46:45Z,-0.399185,Summit Avenue East,-0.02534,0.113256,"c(NA, NA)",0.4157134846994983
897,52,44.941487,-93.16884,2025-02-19T21:46:46Z,-0.390806,Summit Avenue East,-0.025687,0.099011,"c(NA, NA)",0.4039707040442413
898,53,44.941487,-93.168677,2025-02-19T21:46:47Z,-0.409262,Summit Avenue East,-0.027356,0.015062,"c(NA, NA)",0.41045170145097465
899,54,44.941484,-93.168518,2025-02-19T21:46:48Z,-0.374055,Summit Avenue East,-0.061451,0.054017,"c(NA, NA)",0.3828984261067157
900,55,44.941486,-93.168367,2025-02-19T21:46:49Z,-0.337568,Summit Avenue East,-0.010197,0.167922,"c(NA, NA)",0.37716565527232193
901,56,44.941485,-93.16822,2025-02-19T21:46:50Z,-0.43084,Summit Avenue East,-0.14828,0.110579,"c(NA, NA)",0.46886861618261466
902,57,44.941484,-93.168081,2025-02-19T21:46:51Z,-0.481314,Summit Avenue East,-0.074514,0.14691,"c(NA, NA)",0.5087219779919087
903,58,44.941482,-93.167948,2025-02-19T21:46:52Z,-0.99268,Summit Avenue East,-0.147779,0.200152,"c(NA, NA)",1.0233831337016455
904,59,44.941481,-93.167829,2025-02-19T21:46:53Z,-0.990054,Summit Avenue East,-0.129713,0.259256,"c(NA, NA)",1.0316230216610134
905,60,44.94148,-93.167727,2025-02-19T21:46:54Z,-1.175687,Summit Avenue East,-0.159949,0.279054,"c(NA, NA)",1.2188907824272033
906,61,44.941479,-93.16764,2025-02-19T21:46:55Z,-1.032176,Summit Avenue East,-0.103949,0.28174,"c(NA, NA)",1.074974472802494
907,62,44.941479,-93.167578,2025-02-19T21:46:56Z,-0.618435,Summit Avenue East,-0.078197,0.139003,"c(NA, NA)",0.6386692837791715
908,63,44.94148,-93.167533,2025-02-19T21:46:57Z,-0.415536,Summit Avenue East,-0.065566,0.100973,"c(NA, NA)",0.43262525860263873
909,64,44.94148,-93.167497,2025-02-19T21:46:58Z,-0.099497,Summit Avenue East,-0.020032,-0.005339,"c(NA, NA)",0.10163384748202736
910,65,44.941478,-93.167475,2025-02-19T21:46:59Z,0.207073,Summit Avenue East,0.007657,-0.047446,"c(NA, NA)",0.21257699756558798
911,66,44.941476,-93.16746,2025-02-19T21:47:00Z,0.303833,Summit Avenue East,0.01451,-0.089416,"c(NA, NA)",0.31704929119144865
912,67,44.941475,-93.167449,2025-02-19T21:47:01Z,0.235601,Summit Avenue East,0.014974,-0.053788,"c(NA, NA)",0.24212641495921092
913,68,44.941476,-93.167442,2025-02-19T21:47:02Z,0.19935,Summit Avenue East,0.006837,-0.056766,"c(NA, NA)",0.20738742928393705
914,69,44.941476,-93.167438,2025-02-19T21:47:03Z,0.450583,Summit Avenue East,0.031566,-0.120152,"c(NA, NA)",0.4673948602081542
915,70,44.941478,-93.16744,2025-02-19T21:47:04Z,0.43961,Summit Avenue East,0.027899,-0.120282,"c(NA, NA)",0.4566213593613422
916,71,44.94148,-93.167441,2025-02-19T21:47:05Z,0.411769,Summit Avenue East,0.027708,-0.106545,"c(NA, NA)",0.4262314859908874
917,1,44.941741,-93.167282,2025-02-19T21:56:45Z,0.996203,Summit Avenue West S,0.098362,-0.193463,"c(NA, NA)",1.0195702195641063
918,2,44.941701,-93.167356,2025-02-19T21:56:46Z,0.530557,Summit Avenue West S,-0.013383,-0.220299,"c(NA, NA)",0.5746316075008405
919,3,44.941701,-93.167434,2025-02-19T21:56:47Z,-0.027834,Summit Avenue West S,0.058039,-0.120146,"c(NA, NA)",0.13630230516392597
920,4,44.941702,-93.167518,2025-02-19T21:56:48Z,0.073167,Summit Avenue West S,0.127396,-0.214088,"c(NA, NA)",0.25964749651980085
921,5,44.941702,-93.167606,2025-02-19T21:56:49Z,-0.00356,Summit Avenue West S,-0.014808,-0.188465,"c(NA, NA)",0.18907936611116508
922,6,44.941702,-93.167701,2025-02-19T21:56:50Z,-0.025407,Summit Avenue West S,0.020613,-0.166702,"c(NA, NA)",0.16988221867517506
923,7,44.941703,-93.167801,2025-02-19T21:56:51Z,-0.200925,Summit Avenue West S,-0.039473,-0.23733,"c(NA, NA)",0.3134557420976684
924,8,44.941703,-93.167907,2025-02-19T21:56:52Z,-0.329632,Summit Avenue West S,-0.103607,-0.097662,"c(NA, NA)",0.3590675871155735
925,9,44.941716,-93.168015,2025-02-19T21:56:53Z,-0.172186,Summit Avenue West S,-0.148028,-0.177016,"c(NA, NA)",0.2879148687303245
926,10,44.941716,-93.168121,2025-02-19T21:56:54Z,-0.257445,Summit Avenue West S,-0.013583,-0.18852,"c(NA, NA)",0.3193778582087368
927,11,44.941714,-93.168237,2025-02-19T21:56:55Z,-0.378206,Summit Avenue West S,-0.08972,-0.099755,"c(NA, NA)",0.4012985383240263
928,12,44.941714,-93.168354,2025-02-19T21:56:56Z,-0.447252,Summit Avenue West S,-0.093527,0.05025,"c(NA, NA)",0.45968110003892915
929,13,44.941714,-93.168467,2025-02-19T21:56:57Z,-0.335037,Summit Avenue West S,-0.119792,-0.046409,"c(NA, NA)",0.35882267196207096
930,14,44.941703,-93.168588,2025-02-19T21:56:58Z,-0.643069,Summit Avenue West S,-0.07689,-0.057343,"c(NA, NA)",0.6501830746105285
931,15,44.941705,-93.168685,2025-02-19T21:56:59Z,-1.072794,Summit Avenue West S,-0.264341,0.123542,"c(NA, NA)",1.1117669524144886
932,16,44.941714,-93.168792,2025-02-19T21:57:00Z,-1.466933,Summit Avenue West S,-0.386125,0.191287,"c(NA, NA)",1.5289132279115778
933,17,44.941709,-93.168873,2025-02-19T21:57:01Z,-1.796184,Summit Avenue West S,-0.413987,0.270159,"c(NA, NA)",1.862967547571884
934,18,44.941708,-93.168962,2025-02-19T21:57:02Z,-1.694299,Summit Avenue West S,-0.355449,0.234702,"c(NA, NA)",1.7470197828891347
935,19,44.941708,-93.169002,2025-02-19T21:57:03Z,-1.551676,Summit Avenue West S,-0.351652,0.222753,"c(NA, NA)",1.6065417632570278
936,20,44.941714,-93.16901,2025-02-19T21:57:04Z,-0.750382,Summit Avenue West S,-0.157656,0.091392,"c(NA, NA)",0.7721923710604761
937,21,44.941713,-93.169007,2025-02-19T21:57:05Z,0.754816,Summit Avenue West S,0.153437,-0.184766,"c(NA, NA)",0.792103895698664
938,22,44.94171,-93.168988,2025-02-19T21:57:06Z,1.644206,Summit Avenue West S,0.402363,-0.384031,"c(NA, NA)",1.7357387946249287
939,23,44.941708,-93.169013,2025-02-19T21:57:07Z,1.36219,Summit Avenue West S,0.293249,-0.259996,"c(NA, NA)",1.4174464688717525
940,24,44.941708,-93.169047,2025-02-19T21:57:08Z,1.301562,Summit Avenue West S,0.176551,-0.319065,"c(NA, NA)",1.3516790927102484
941,25,44.941707,-93.169124,2025-02-19T21:57:09Z,1.417648,Summit Avenue West S,0.243602,-0.295444,"c(NA, NA)",1.4684532486408957
942,26,44.941706,-93.169213,2025-02-19T21:57:10Z,0.936696,Summit Avenue West S,0.122215,-0.224739,"c(NA, NA)",0.9710012980228193
943,27,44.941708,-93.169294,2025-02-19T21:57:11Z,0.685406,Summit Avenue West S,0.227542,-0.220261,"c(NA, NA)",0.7550308965340424
944,28,44.941709,-93.169393,2025-02-19T21:57:12Z,0.281341,Summit Avenue West S,-0.003225,-0.048092,"c(NA, NA)",0.28544001010720277
945,29,44.941713,-93.169515,2025-02-19T21:57:13Z,0.154776,Summit Avenue West S,-0.070736,-0.005441,"c(NA, NA)",0.17026096544128955
946,30,44.941716,-93.169627,2025-02-19T21:57:14Z,-0.377593,Summit Avenue West S,-0.036694,0.110472,"c(NA, NA)",0.3951290752007501
947,31,44.941707,-93.169744,2025-02-19T21:57:15Z,-0.467565,Summit Avenue West S,-0.01747,-0.029231,"c(NA, NA)",0.4688034572035492
948,32,44.94171,-93.169857,2025-02-19T21:57:16Z,-0.277658,Summit Avenue West S,-0.264714,0.071665,"c(NA, NA)",0.3902606039366516
949,33,44.941713,-93.169966,2025-02-19T21:57:17Z,-0.262994,Summit Avenue West S,-0.075706,-0.032695,"c(NA, NA)",0.2756196754533319
950,34,44.941711,-93.170072,2025-02-19T21:57:18Z,-0.263311,Summit Avenue West S,-0.010861,0.080401,"c(NA, NA)",0.27552670440993554
951,35,44.941713,-93.17018,2025-02-19T21:57:19Z,-0.343088,Summit Avenue West S,-0.095638,0.027705,"c(NA, NA)",0.35724441187092065
952,36,44.941711,-93.170287,2025-02-19T21:57:20Z,-0.290728,Summit Avenue West S,-0.084679,0.038148,"c(NA, NA)",0.30520251134124043
953,37,44.941711,-93.170387,2025-02-19T21:57:21Z,-0.4161,Summit Avenue West S,-0.116113,0.131479,"c(NA, NA)",0.45156191846744564
954,38,44.941716,-93.170484,2025-02-19T21:57:22Z,-0.921715,Summit Avenue West S,-0.248111,0.138149,"c(NA, NA)",0.9644701943279532
955,39,44.941712,-93.170571,2025-02-19T21:57:23Z,-1.427767,Summit Avenue West S,-0.352082,0.257647,"c(NA, NA)",1.4929374794752794
956,40,44.941713,-93.170643,2025-02-19T21:57:24Z,-1.649195,Summit Avenue West S,-0.353224,0.311568,"c(NA, NA)",1.7151343856459178
957,41,44.941715,-93.170689,2025-02-19T21:57:25Z,-1.580475,Summit Avenue West S,-0.393213,0.304837,"c(NA, NA)",1.656937924474843
958,42,44.941715,-93.170713,2025-02-19T21:57:26Z,-0.773081,Summit Avenue West S,-0.156207,0.123609,"c(NA, NA)",0.7983320388729241
959,43,44.941715,-93.170706,2025-02-19T21:57:27Z,1.041575,Summit Avenue West S,0.227731,-0.213198,"c(NA, NA)",1.0872871176418857
960,44,44.941717,-93.170722,2025-02-19T21:57:28Z,1.981775,Summit Avenue West S,0.499921,-0.360886,"c(NA, NA)",2.0754738885040207
961,45,44.941716,-93.170776,2025-02-19T21:57:29Z,1.16083,Summit Avenue West S,0.302772,-0.298861,"c(NA, NA)",1.2363312946799494
962,46,44.941716,-93.170834,2025-02-19T21:57:30Z,1.123466,Summit Avenue West S,0.101029,-0.388098,"c(NA, NA)",1.1928967975483042
963,47,44.941713,-93.170902,2025-02-19T21:57:31Z,0.910213,Summit Avenue West S,-0.009483,-0.266972,"c(NA, NA)",0.9486051240858865
964,48,44.941709,-93.170982,2025-02-19T21:57:32Z,0.390353,Summit Avenue West S,0.103138,-0.001893,"c(NA, NA)",0.40375301249897816
965,49,44.941705,-93.171065,2025-02-19T21:57:33Z,0.166084,Summit Avenue West S,-0.006702,0.103573,"c(NA, NA)",0.1958473338827976
966,50,44.941701,-93.17115,2025-02-19T21:57:34Z,0.155808,Summit Avenue West S,-0.035058,0.129637,"c(NA, NA)",0.2056962517816015
967,51,44.941698,-93.171237,2025-02-19T21:57:35Z,0.019041,Summit Avenue West S,0.122841,0.012355,"c(NA, NA)",0.12492044263049984
968,52,44.941697,-93.171327,2025-02-19T21:57:36Z,-0.052672,Summit Avenue West S,-0.00568,0.028957,"c(NA, NA)",0.06037474499325028
969,53,44.941695,-93.171417,2025-02-19T21:57:37Z,0.071588,Summit Avenue West S,-0.084575,0.060055,"c(NA, NA)",0.12603323130825456
970,54,44.941693,-93.171507,2025-02-19T21:57:38Z,0.020917,Summit Avenue West S,-0.08667,0.023604,"c(NA, NA)",0.09222992250349124
971,55,44.941693,-93.1716,2025-02-19T21:57:39Z,0.012558,Summit Avenue West S,0.026937,0.065209,"c(NA, NA)",0.07166253563752821
972,56,44.941685,-93.171693,2025-02-19T21:57:40Z,0.12378,Summit Avenue West S,-0.131917,0.087203,"c(NA, NA)",0.2008181926469811
973,57,44.941683,-93.171778,2025-02-19T21:57:41Z,0.030345,Summit Avenue West S,0.10554,0.141352,"c(NA, NA)",0.1789969232389205
974,58,44.941697,-93.171887,2025-02-19T21:57:42Z,-0.016765,Summit Avenue West S,-0.020821,-0.155424,"c(NA, NA)",0.1577060526485905
975,59,44.941702,-93.171989,2025-02-19T21:57:43Z,-0.030944,Summit Avenue West S,-0.055478,-0.078577,"c(NA, NA)",0.10104298367031726
976,60,44.941704,-93.172092,2025-02-19T21:57:44Z,-0.285878,Summit Avenue West S,0.039127,-0.261444,"c(NA, NA)",0.38937143982192635
977,61,44.941695,-93.172186,2025-02-19T21:57:45Z,-0.308088,Summit Avenue West S,-0.111077,0.08589,"c(NA, NA)",0.338575556963287
978,62,44.9417,-93.172296,2025-02-19T21:57:46Z,-0.268588,Summit Avenue West S,-0.113048,0.083619,"c(NA, NA)",0.3031690967249136
979,63,44.941698,-93.172393,2025-02-19T21:57:47Z,0.115187,Summit Avenue West S,-0.119146,-0.05927,"c(NA, NA)",0.17600212267185872
980,64,44.941698,-93.172491,2025-02-19T21:57:48Z,0.148463,Summit Avenue West S,0.105481,0.091801,"c(NA, NA)",0.2039483447616087
981,65,44.941698,-93.172593,2025-02-19T21:57:49Z,0.250279,Summit Avenue West S,0.065144,0.245953,"c(NA, NA)",0.3568980201486133
982,66,44.941697,-93.172702,2025-02-19T21:57:50Z,0.23779,Summit Avenue West S,-0.020873,-0.082195,"c(NA, NA)",0.25245947051754664
983,67,44.941701,-93.172814,2025-02-19T21:57:51Z,0.183991,Summit Avenue West S,-0.009009,-0.071631,"c(NA, NA)",0.19764829957022145
984,68,44.941703,-93.172935,2025-02-19T21:57:52Z,-0.058549,Summit Avenue West S,0.041848,-0.071322,"c(NA, NA)",0.10132160771030037
985,69,44.941704,-93.173046,2025-02-19T21:57:53Z,-0.031814,Summit Avenue West S,-0.03186,-0.189008,"c(NA, NA)",0.19429671705924423
986,70,44.941707,-93.173168,2025-02-19T21:57:54Z,0.005466,Summit Avenue West S,-0.007314,-0.040648,"c(NA, NA)",0.04166091280805066
987,71,44.941709,-93.173287,2025-02-19T21:57:55Z,-0.069333,Summit Avenue West S,0.122773,0.068242,"c(NA, NA)",0.15664368797369396
988,72,44.941708,-93.173408,2025-02-19T21:57:56Z,0.072386,Summit Avenue West S,-0.325079,-0.01656,"c(NA, NA)",0.3334521297532826
989,73,44.94171,-93.173533,2025-02-19T21:57:57Z,-0.20069,Summit Avenue West S,-0.055202,0.199164,"c(NA, NA)",0.2880799121771596
990,74,44.941713,-93.173655,2025-02-19T21:57:58Z,-0.422441,Summit Avenue West S,-0.081643,2.58e-4,"c(NA, NA)",0.4302581138037957
991,75,44.941714,-93.17377,2025-02-19T21:57:59Z,-0.789264,Summit Avenue West S,-0.127152,0.229154,"c(NA, NA)",0.8316350452668526
992,76,44.941717,-93.173882,2025-02-19T21:58:00Z,-1.491198,Summit Avenue West S,-0.397415,0.017006,"c(NA, NA)",1.543340325872748
993,77,44.941716,-93.173978,2025-02-19T21:58:01Z,-1.84235,Summit Avenue West S,-0.403295,0.0342,"c(NA, NA)",1.8862847132723628
994,78,44.941711,-93.174047,2025-02-19T21:58:02Z,-1.616472,Summit Avenue West S,-0.362459,0.120277,"c(NA, NA)",1.6609710443574865
995,1,44.941338,-93.17458,2025-02-19T22:00:25Z,-0.33131,Summit Avenue East S,-0.202792,0.363553,"c(NA, NA)",0.5320354266146193
996,2,44.94133,-93.174464,2025-02-19T22:00:26Z,-0.402631,Summit Avenue East S,-0.11007,0.039503,"c(NA, NA)",0.4192703353088554
997,3,44.941321,-93.174349,2025-02-19T22:00:27Z,-0.493432,Summit Avenue East S,-0.104407,-0.015464,"c(NA, NA)",0.5045939908173699
998,4,44.941312,-93.174242,2025-02-19T22:00:28Z,-0.120358,Summit Avenue East S,-0.018334,-0.224124,"c(NA, NA)",0.25505636846783497
999,5,44.941305,-93.174134,2025-02-19T22:00:29Z,-0.026526,Summit Avenue East S,-0.025296,-0.234649,"c(NA, NA)",0.23749456729154877
1000,6,44.941299,-93.17403,2025-02-19T22:00:30Z,0.127483,Summit Avenue East S,-0.039626,-0.291009,"c(NA, NA)",0.32016928841786185
1001,7,44.941295,-93.173927,2025-02-19T22:00:31Z,0.240678,Summit Avenue East S,0.131745,-0.334629,"c(NA, NA)",0.4327345749417303
1002,8,44.941295,-93.173821,2025-02-19T22:00:32Z,0.28197,Summit Avenue East S,0.026935,-0.061974,"c(NA, NA)",0.28995405118914963
1003,9,44.941295,-93.173708,2025-02-19T22:00:33Z,0.413133,Summit Avenue East S,0.029312,-0.150888,"c(NA, NA)",0.44080070051781906
1004,10,44.941299,-93.173595,2025-02-19T22:00:34Z,0.306797,Summit Avenue East S,0.089094,0.212425,"c(NA, NA)",0.3836489549966219
1005,11,44.9413,-93.173478,2025-02-19T22:00:35Z,0.155882,Summit Avenue East S,-0.048416,0.00326,"c(NA, NA)",0.16326032763656942
1006,12,44.941297,-93.173356,2025-02-19T22:00:36Z,0.139021,Summit Avenue East S,0.025683,-0.142072,"c(NA, NA)",0.20042681485769315
1007,13,44.9413,-93.173237,2025-02-19T22:00:37Z,0.177105,Summit Avenue East S,0.009793,0.002003,"c(NA, NA)",0.17738685374908705
1008,14,44.941305,-93.173109,2025-02-19T22:00:38Z,0.00995,Summit Avenue East S,2.58e-4,0.077853,"c(NA, NA)",0.07848667831549505
1009,15,44.941306,-93.172982,2025-02-19T22:00:39Z,-0.092895,Summit Avenue East S,-0.114272,0.049708,"c(NA, NA)",0.15542990791028605
1010,16,44.941305,-93.172857,2025-02-19T22:00:40Z,-0.070677,Summit Avenue East S,-0.036927,-0.003533,"c(NA, NA)",0.07982057220416301
1011,17,44.941303,-93.172732,2025-02-19T22:00:41Z,-0.032732,Summit Avenue East S,-0.03284,0.052492,"c(NA, NA)",0.07003755769585344
1012,18,44.941301,-93.172604,2025-02-19T22:00:42Z,0.170534,Summit Avenue East S,0.006612,-0.05928,"c(NA, NA)",0.18066455684499935
1013,19,44.9413,-93.172477,2025-02-19T22:00:43Z,0.212848,Summit Avenue East S,-0.013519,0.021189,"c(NA, NA)",0.21432687229090056
1014,20,44.941301,-93.172347,2025-02-19T22:00:44Z,0.028643,Summit Avenue East S,0.074324,0.075474,"c(NA, NA)",0.10973059327735361
1015,21,44.941299,-93.172216,2025-02-19T22:00:45Z,0.035859,Summit Avenue East S,-0.086301,-0.116207,"c(NA, NA)",0.1491234298525889
1016,22,44.941299,-93.172084,2025-02-19T22:00:46Z,-0.124191,Summit Avenue East S,-0.08765,4.71e-4,"c(NA, NA)",0.15200706832907473
1017,23,44.941303,-93.171955,2025-02-19T22:00:47Z,-0.300976,Summit Avenue East S,0.011125,0.035968,"c(NA, NA)",0.3033216365922484
1018,24,44.941303,-93.171823,2025-02-19T22:00:48Z,-0.056131,Summit Avenue East S,-0.112244,0.059351,"c(NA, NA)",0.1388234342537311
1019,25,44.941304,-93.171694,2025-02-19T22:00:49Z,-0.064177,Summit Avenue East S,0.007525,0.079358,"c(NA, NA)",0.10233770135194556
1020,26,44.941306,-93.171566,2025-02-19T22:00:50Z,0.007011,Summit Avenue East S,-0.075923,0.121896,"c(NA, NA)",0.14377792203951203
1021,27,44.941307,-93.171438,2025-02-19T22:00:51Z,-0.118163,Summit Avenue East S,0.033456,0.049733,"c(NA, NA)",0.1324959236882403
1022,28,44.941307,-93.17131,2025-02-19T22:00:52Z,-0.264617,Summit Avenue East S,-0.153728,-0.001293,"c(NA, NA)",0.3060328847068563
1023,29,44.941305,-93.171185,2025-02-19T22:00:53Z,-0.521053,Summit Avenue East S,-0.105676,0.142058,"c(NA, NA)",0.55031274848853
1024,30,44.941305,-93.171064,2025-02-19T22:00:54Z,-0.829322,Summit Avenue East S,-0.268542,0.153475,"c(NA, NA)",0.8851239241332256
1025,31,44.941305,-93.170956,2025-02-19T22:00:55Z,-1.055884,Summit Avenue East S,-0.183176,0.146917,"c(NA, NA)",1.0816788217030968
1026,32,44.941308,-93.170862,2025-02-19T22:00:56Z,-1.373592,Summit Avenue East S,-0.312127,0.319804,"c(NA, NA)",1.444455899295302
1027,33,44.941307,-93.170786,2025-02-19T22:00:57Z,-1.334036,Summit Avenue East S,-0.312148,0.299021,"c(NA, NA)",1.4023202136605604
1028,34,44.941306,-93.170728,2025-02-19T22:00:58Z,-1.293285,Summit Avenue East S,-0.244013,0.22062,"c(NA, NA)",1.3344667923159423
1029,35,44.941306,-93.17069,2025-02-19T22:00:59Z,-0.719979,Summit Avenue East S,-0.216797,0.197321,"c(NA, NA)",0.7773713891641498
1030,36,44.941305,-93.170673,2025-02-19T22:01:00Z,0.415493,Summit Avenue East S,0.09575,-0.109461,"c(NA, NA)",0.44020927531118653
1031,37,44.941306,-93.170668,2025-02-19T22:01:01Z,1.246545,Summit Avenue East S,0.257289,-0.242266,"c(NA, NA)",1.2956715946959707
1032,38,44.941308,-93.170656,2025-02-19T22:01:02Z,1.803934,Summit Avenue East S,0.407655,-0.403505,"c(NA, NA)",1.8929280917155833
1033,39,44.941309,-93.17063,2025-02-19T22:01:03Z,1.478555,Summit Avenue East S,0.307288,-0.374079,"c(NA, NA)",1.5557910853356887
1034,40,44.941309,-93.17058,2025-02-19T22:01:04Z,1.283532,Summit Avenue East S,0.289323,-0.204198,"c(NA, NA)",1.3314875202408019
1035,41,44.94131,-93.170518,2025-02-19T22:01:05Z,1.047488,Summit Avenue East S,0.262127,-0.141393,"c(NA, NA)",1.0890058102333522
1036,42,44.941308,-93.170446,2025-02-19T22:01:06Z,0.545747,Summit Avenue East S,-0.118241,-0.10718,"c(NA, NA)",0.5686020352496111
1037,43,44.941307,-93.170366,2025-02-19T22:01:07Z,0.422918,Summit Avenue East S,0.336347,-0.115507,"c(NA, NA)",0.5525674675385803
1038,44,44.941306,-93.170283,2025-02-19T22:01:08Z,0.30788,Summit Avenue East S,-0.162494,0.053307,"c(NA, NA)",0.35218749365217383
1039,45,44.941304,-93.1702,2025-02-19T22:01:09Z,-0.092369,Summit Avenue East S,-0.06113,-0.020855,"c(NA, NA)",0.1127113130346728
1040,46,44.941314,-93.17012,2025-02-19T22:01:10Z,-0.399379,Summit Avenue East S,-0.061668,0.001318,"c(NA, NA)",0.4041141732097502
1041,47,44.941309,-93.170037,2025-02-19T22:01:11Z,-0.430661,Summit Avenue East S,-0.090491,0.049129,"c(NA, NA)",0.4427992509512635
1042,48,44.94131,-93.169962,2025-02-19T22:01:12Z,-0.406581,Summit Avenue East S,-0.134453,0.125834,"c(NA, NA)",0.4463405810880297
1043,49,44.941308,-93.169896,2025-02-19T22:01:13Z,-0.439458,Summit Avenue East S,-0.165365,0.037621,"c(NA, NA)",0.4710459177511254
1044,50,44.941304,-93.16983,2025-02-19T22:01:14Z,-0.971045,Summit Avenue East S,-0.222956,0.165659,"c(NA, NA)",1.0099904327477562
1045,51,44.941301,-93.169776,2025-02-19T22:01:15Z,-1.267612,Summit Avenue East S,-0.235008,0.290194,"c(NA, NA)",1.3214694473365625
1046,52,44.941305,-93.169739,2025-02-19T22:01:16Z,-1.085719,Summit Avenue East S,-0.27469,0.222777,"c(NA, NA)",1.141871242649538
1047,53,44.941304,-93.169721,2025-02-19T22:01:17Z,-0.140873,Summit Avenue East S,-0.041088,0.031901,"c(NA, NA)",0.15017023564608267
1048,54,44.941304,-93.169716,2025-02-19T22:01:18Z,0.876799,Summit Avenue East S,0.182598,-0.141716,"c(NA, NA)",0.9067535170381199
1049,55,44.941303,-93.169703,2025-02-19T22:01:19Z,1.389649,Summit Avenue East S,0.311624,-0.291719,"c(NA, NA)",1.4537310052200165
1050,56,44.941306,-93.169675,2025-02-19T22:01:20Z,1.255866,Summit Avenue East S,0.26126,-0.337879,"c(NA, NA)",1.3265060935393398
1051,57,44.941307,-93.169631999999993,2025-02-19T22:01:21Z,0.727161,Summit Avenue East S,0.088782,-0.291655,"c(NA, NA)",0.7884846241176805
1052,58,44.941311,-93.169577,2025-02-19T22:01:22Z,0.503323,Summit Avenue East S,0.044445,0.003139,"c(NA, NA)",0.5052912562819586
1053,59,44.941281,-93.169521,2025-02-19T22:01:23Z,-0.095639,Summit Avenue East S,-0.14184,0.070804,"c(NA, NA)",0.18514483610676263
1054,60,44.941278,-93.169461,2025-02-19T22:01:24Z,-1.296368,Summit Avenue East S,-0.274792,0.410199,"c(NA, NA)",1.3872072138974048
1055,61,44.941276,-93.169414,2025-02-19T22:01:25Z,-0.605438,Summit Avenue East S,-0.181051,0.183616,"c(NA, NA)",0.6580649450479793
1056,62,44.941274,-93.169385,2025-02-19T22:01:26Z,0.003271,Summit Avenue East S,-0.001945,0.046589,"c(NA, NA)",0.04674416955086484
1057,63,44.941282,-93.169353,2025-02-19T22:01:27Z,0.42473,Summit Avenue East S,0.082958,-0.068972,"c(NA, NA)",0.4382176850014157
1058,64,44.941282,-93.169325,2025-02-19T22:01:28Z,0.893489,Summit Avenue East S,0.168907,-0.128154,"c(NA, NA)",0.918300395015705
1059,65,44.941281,-93.169285,2025-02-19T22:01:29Z,0.969128,Summit Avenue East S,0.157105,-0.194836,"c(NA, NA)",1.0009256357517275
1060,66,44.941281,-93.169234,2025-02-19T22:01:30Z,0.727339,Summit Avenue East S,0.148363,-0.129145,"c(NA, NA)",0.7534666759153984
1061,67,44.941281,-93.169174,2025-02-19T22:01:31Z,0.256178,Summit Avenue East S,0.018992,-0.050635,"c(NA, NA)",0.26182392360706847
1062,68,44.941281,-93.169104,2025-02-19T22:01:32Z,0.025992,Summit Avenue East S,-0.064414,-0.097358,"c(NA, NA)",0.1195965201165987
1063,69,44.941281,-93.169037,2025-02-19T22:01:33Z,0.060431,Summit Avenue East S,0.074554,0.05745,"c(NA, NA)",0.11185127257657822
1064,70,44.94128,-93.168965,2025-02-19T22:01:34Z,0.091498,Summit Avenue East S,0.046874,-0.049578,"c(NA, NA)",0.11413603271535241
1065,71,44.94128,-93.168887,2025-02-19T22:01:35Z,0.265492,Summit Avenue East S,0.08062,-0.069194,"c(NA, NA)",0.2859604799618297
1066,72,44.941292,-93.168808,2025-02-19T22:01:36Z,0.208222,Summit Avenue East S,-0.032758,-0.007964,"c(NA, NA)",0.2109334329687923
1067,73,44.94129,-93.168724,2025-02-19T22:01:37Z,0.070349,Summit Avenue East S,0.012486,-0.210231,"c(NA, NA)",0.2220404363128482
1068,74,44.941292,-93.168637,2025-02-19T22:01:38Z,-0.018735,Summit Avenue East S,-0.01627,0.172952,"c(NA, NA)",0.17472294476971248
1069,75,44.941292,-93.16855,2025-02-19T22:01:39Z,-0.223053,Summit Avenue East S,-0.070062,0.025835,"c(NA, NA)",0.2352206876063413
1070,76,44.941286,-93.168458,2025-02-19T22:01:40Z,-0.122794,Summit Avenue East S,-0.023219,0.049882,"c(NA, NA)",0.1345574313109462
1071,77,44.941292,-93.168371,2025-02-19T22:01:41Z,-0.124248,Summit Avenue East S,-0.070077,0.040004,"c(NA, NA)",0.14815084018999014
1072,78,44.941287,-93.168283,2025-02-19T22:01:42Z,-0.365344,Summit Avenue East S,-0.107509,0.04087,"c(NA, NA)",0.383020600382016
1073,79,44.94129,-93.168195,2025-02-19T22:01:43Z,-0.410331,Summit Avenue East S,-0.051542,0.017821,"c(NA, NA)",0.41393924115261166
1074,80,44.941288,-93.168107,2025-02-19T22:01:44Z,-0.153468,Summit Avenue East S,-0.065268,0.054708,"c(NA, NA)",0.17551439858883372
1075,81,44.941284,-93.168018,2025-02-19T22:01:45Z,-0.303704,Summit Avenue East S,-0.056673,-0.032548,"c(NA, NA)",0.3106562744400956
1076,82,44.941286,-93.167941,2025-02-19T22:01:46Z,0.205832,Summit Avenue East S,0.047954,0.078127,"c(NA, NA)",0.22532249436973661
1077,83,44.941287,-93.167857,2025-02-19T22:01:47Z,0.28486,Summit Avenue East S,0.036753,-0.097054,"c(NA, NA)",0.3031756611685707
1078,84,44.941287,-93.167771,2025-02-19T22:01:48Z,-0.09926,Summit Avenue East S,-0.129112,0.049714,"c(NA, NA)",0.17027606390799618
1079,85,44.941288,-93.167681,2025-02-19T22:01:49Z,-0.695632,Summit Avenue East S,-0.050426,0.177363,"c(NA, NA)",0.719655677855042
1080,86,44.941291,-93.167601,2025-02-19T22:01:50Z,-0.061508,Summit Avenue East S,-0.051945,-0.059709,"c(NA, NA)",0.10023313708549683
1081,87,44.941295,-93.167527,2025-02-19T22:01:51Z,-0.445609,Summit Avenue East S,-0.111297,0.144895,"c(NA, NA)",0.48161080149328045
1082,88,44.941288,-93.167448,2025-02-19T22:01:52Z,-0.682103,Summit Avenue East S,-0.188371,0.176299,"c(NA, NA)",0.729266394159912
1083,89,44.94129,-93.167382,2025-02-19T22:01:53Z,-0.420459,Summit Avenue East S,-0.14218,0.537516,"c(NA, NA)",0.6970827593169981
1084,90,44.941293,-93.167325,2025-02-19T22:01:54Z,-0.317091,Summit Avenue East S,-0.123547,0.010783,"c(NA, NA)",0.34048030277682734
1085,1,44.941474,-93.170613,2025-02-19T22:13:01Z,-0.112662,Unknown,-0.152917,1.273433,"c(NA, NA)",1.2875200738714718
1086,2,44.94146,-93.17056,2025-02-19T22:13:02Z,0.163966,Unknown,-0.11719,1.819725,"c(NA, NA)",1.8308515562112075
1087,3,44.941431,-93.170521,2025-02-19T22:13:03Z,0.549243,Unknown,-0.119751,1.753556,"c(NA, NA)",1.841457797557685
1088,4,44.941383,-93.170498,2025-02-19T22:13:04Z,0.345477,Unknown,0.079225,1.175017,"c(NA, NA)",1.2273124738398937
1089,5,44.941332,-93.170499,2025-02-19T22:13:05Z,0.352678,Unknown,-0.179496,1.039937,"c(NA, NA)",1.1126857371553749
1090,6,44.941281,-93.170518,2025-02-19T22:13:06Z,0.054189,Unknown,-0.015037,0.760545,"c(NA, NA)",0.7626213058359962
1091,7,44.941227,-93.170544,2025-02-19T22:13:07Z,0.121109,Unknown,-0.114886,0.477703,"c(NA, NA)",0.5060299784459414
1092,8,44.941173,-93.170576,2025-02-19T22:13:08Z,0.198877,Unknown,0.04755,0.475942,"c(NA, NA)",0.5180095085932304
1093,9,44.941119,-93.170621,2025-02-19T22:13:09Z,0.118608,Unknown,-0.072549,0.349334,"c(NA, NA)",0.3759859819474657
1094,10,44.941065,-93.170675,2025-02-19T22:13:10Z,-0.367479,Unknown,-0.112099,0.263314,"c(NA, NA)",0.46576953940548754
1095,11,44.941009,-93.170733,2025-02-19T22:13:11Z,-0.464903,Unknown,-0.123343,0.370596,"c(NA, NA)",0.6071982298014381
1096,12,44.940958,-93.170797,2025-02-19T22:13:12Z,-0.29952,Unknown,-0.119024,0.445663,"c(NA, NA)",0.5499949568359696
1097,13,44.940911,-93.170865,2025-02-19T22:13:13Z,-0.087423,Unknown,-0.079567,0.233351,"c(NA, NA)",0.26158436042508354
1098,14,44.940867,-93.170942,2025-02-19T22:13:14Z,-0.289022,Unknown,-0.012565,0.239754,"c(NA, NA)",0.3757307230251473
1099,15,44.940823,-93.17102,2025-02-19T22:13:15Z,-0.554361,Unknown,-0.19763,-0.01259,"c(NA, NA)",0.5886698933366645
1100,16,44.940782,-93.1711,2025-02-19T22:13:16Z,-0.650735,Unknown,-0.19332,-0.370458,"c(NA, NA)",0.7733484288398083
1101,17,44.940743,-93.171176,2025-02-19T22:13:17Z,-0.63138,Unknown,-0.117347,-0.406117,"c(NA, NA)",0.7598302708486943
1102,18,44.940703,-93.171246,2025-02-19T22:13:18Z,-0.634795,Unknown,-0.116135,-0.734803,"c(NA, NA)",0.9779506526706755
1103,19,44.940657,-93.171307,2025-02-19T22:13:19Z,-0.6462,Unknown,-0.023019,-0.791128,"c(NA, NA)",1.021757224953658
1104,20,44.940608,-93.17136,2025-02-19T22:13:20Z,-0.460229,Unknown,-0.149902,-0.566709,"c(NA, NA)",0.7452787617569684
1105,21,44.940556,-93.171403,2025-02-19T22:13:21Z,-0.405104,Unknown,-0.187988,-0.533911,"c(NA, NA)",0.6960673062865401
1106,22,44.940506,-93.171445,2025-02-19T22:13:22Z,-0.510455,Unknown,0.010165,-0.519255,"c(NA, NA)",0.7282124616312193
1107,23,44.940455,-93.171472,2025-02-19T22:13:23Z,-0.311139,Unknown,-0.126262,-0.402137,"c(NA, NA)",0.5238928676113085
1108,24,44.940402,-93.171492,2025-02-19T22:13:24Z,-0.363649,Unknown,-0.040494,-0.342684,"c(NA, NA)",0.5013109644651711
1109,25,44.940351,-93.171507,2025-02-19T22:13:25Z,-0.820649,Unknown,-0.129719,-0.062648,"c(NA, NA)",0.8331965986884488
1110,26,44.940304,-93.171518,2025-02-19T22:13:26Z,-0.915302,Unknown,-0.398378,0.066662,"c(NA, NA)",1.0004631948912464
1111,27,44.94027,-93.171522,2025-02-19T22:13:27Z,-0.728926,Unknown,-0.092901,0.196745,"c(NA, NA)",0.7607051362400545
1112,28,44.94024,-93.171521,2025-02-19T22:13:28Z,-0.864856,Unknown,-0.220129,0.329896,"c(NA, NA)",0.9514536500497541
1113,29,44.940218,-93.171521,2025-02-19T22:13:29Z,-0.625812,Unknown,-0.187859,0.3912,"c(NA, NA)",0.7615570255896797
1114,30,44.940207,-93.171519,2025-02-19T22:13:30Z,-0.250533,Unknown,-0.117542,0.263846,"c(NA, NA)",0.3823579704530821
1115,31,44.940198,-93.17152,2025-02-19T22:13:31Z,-0.297097,Unknown,-0.091813,0.24121,"c(NA, NA)",0.39354608177188094
1116,32,44.940195,-93.171521,2025-02-19T22:13:32Z,0.325219,Unknown,0.062829,0.085847,"c(NA, NA)",0.3421762537216748
1117,33,44.940194,-93.171521,2025-02-19T22:13:33Z,0.587592,Unknown,0.129564,-1.01e-4,"c(NA, NA)",0.6017069043654061
1118,34,44.940188,-93.171519,2025-02-19T22:13:34Z,0.369319,Unknown,0.07169,0.002095,"c(NA, NA)",0.37621851215218
1119,35,44.940179,-93.17152,2025-02-19T22:13:34Z,-0.359414,Unknown,-0.106528,0.138131,"c(NA, NA)",0.3995082118567777
1120,36,44.940171,-93.171519,2025-02-19T22:13:35Z,0.445478,Unknown,0.103043,-0.05056,"c(NA, NA)",0.4600269795707638
1121,37,44.940164,-93.17152,2025-02-19T22:13:36Z,2.25991,Unknown,0.540205,-0.387176,"c(NA, NA)",2.3556145493482163
1122,38,44.940137,-93.171523,2025-02-19T22:13:37Z,1.181518,Unknown,0.343122,-0.303947,"c(NA, NA)",1.2673205080077414
1123,39,44.940095,-93.171526,2025-02-19T22:13:38Z,0.705319,Unknown,-0.08257,-0.573585,"c(NA, NA)",0.9128485355665529
1124,40,44.940045,-93.171528,2025-02-19T22:13:39Z,0.811509,Unknown,0.157405,-0.286886,"c(NA, NA)",0.8750010103434167
1125,41,44.939991,-93.171521,2025-02-19T22:13:40Z,0.700327,Unknown,0.260197,0.328513,"c(NA, NA)",0.816137964382861
1126,42,44.939922,-93.171509,2025-02-19T22:13:41Z,-0.420468,Unknown,-0.129772,0.323322,"c(NA, NA)",0.5460505715517566
1127,43,44.939858,-93.171526,2025-02-19T22:13:42Z,-0.201833,Unknown,-0.061123,0.154627,"c(NA, NA)",0.26149969435354986
1128,44,44.939792,-93.171528,2025-02-19T22:13:43Z,0.131826,Unknown,0.032178,-0.044002,"c(NA, NA)",0.1426523535172133
1129,45,44.93972,-93.171527,2025-02-19T22:13:44Z,0.17077,Unknown,0.012673,0.04837,"c(NA, NA)",0.17794003127177424
1130,46,44.939643,-93.171527,2025-02-19T22:13:45Z,-0.465598,Unknown,-0.086487,0.245784,"c(NA, NA)",0.5335459431286119
1131,47,44.939568,-93.171527,2025-02-19T22:13:46Z,-0.602442,Unknown,-0.214214,0.272251,"c(NA, NA)",0.6949421617379392
1132,48,44.939497,-93.171527,2025-02-19T22:13:47Z,-0.61277,Unknown,-0.134686,0.140297,"c(NA, NA)",0.6428924013433353
1133,49,44.939429,-93.171505,2025-02-19T22:13:48Z,-0.351371,Unknown,-0.098596,0.025973,"c(NA, NA)",0.3658652041203153
1134,50,44.939364,-93.171506,2025-02-19T22:13:49Z,-0.281842,Unknown,-0.091972,0.049353,"c(NA, NA)",0.30054863226606104
1135,51,44.939298,-93.171527,2025-02-19T22:13:50Z,-0.478047,Unknown,-0.097688,0.050579,"c(NA, NA)",0.49054063521180385
1136,52,44.939233,-93.171525,2025-02-19T22:13:51Z,-0.426164,Unknown,-0.090464,0.051673,"c(NA, NA)",0.4387135615877403
1137,53,44.939174,-93.171524,2025-02-19T22:13:52Z,-0.374077,Unknown,-0.172513,-0.057827,"c(NA, NA)",0.4159787242480077
1138,54,44.939118,-93.171522,2025-02-19T22:13:53Z,-0.207678,Unknown,0.032048,-0.016693,"c(NA, NA)",0.21079820264176827
1139,55,44.939061,-93.171494,2025-02-19T22:13:54Z,-0.245741,Unknown,0.011635,0.046346,"c(NA, NA)",0.2503436917958989
1140,56,44.939004,-93.171489,2025-02-19T22:13:55Z,-0.094351,Unknown,-0.168671,0.010259,"c(NA, NA)",0.19353879332836607
1141,57,44.938948,-93.171484,2025-02-19T22:13:56Z,-0.1509,Unknown,-0.130409,0.029069,"c(NA, NA)",0.2015498053633394
1142,58,44.938896,-93.171482,2025-02-19T22:13:57Z,-0.434789,Unknown,0.03299,0.108949,"c(NA, NA)",0.44944376647362677
1143,59,44.938848,-93.171478,2025-02-19T22:13:58Z,-0.236271,Unknown,-0.043081,0.055332,"c(NA, NA)",0.24645808614448017
1144,60,44.938801,-93.171494,2025-02-19T22:14:00Z,-0.297362,Unknown,-0.078945,0.051147,"c(NA, NA)",0.3118853758642749
1145,61,44.938759,-93.171491,2025-02-19T22:14:01Z,-0.19421,Unknown,-0.144111,0.008355,"c(NA, NA)",0.24198204571000717
1146,62,44.938720000000004,-93.171488,2025-02-19T22:14:02Z,-0.38387,Unknown,-0.082473,0.179682,"c(NA, NA)",0.43179114598727014
1147,63,44.938684,-93.171486,2025-02-19T22:14:03Z,-0.95466,Unknown,-0.260692,0.180282,"c(NA, NA)",1.0059014037111191
1148,64,44.938659,-93.171461,2025-02-19T22:14:04Z,-0.354612,Unknown,-0.135617,0.053614,"c(NA, NA)",0.3834267886168101
1149,65,44.938642,-93.171464,2025-02-19T22:14:05Z,1.340005,Unknown,0.222924,-0.106694,"c(NA, NA)",1.3626049021770763
1150,66,44.938614,-93.171481,2025-02-19T22:14:06Z,1.160395,Unknown,0.289609,0.189809,"c(NA, NA)",1.2109572186444078
1151,67,44.938577,-93.171459,2025-02-19T22:14:07Z,0.657626,Unknown,0.224715,-0.290746,"c(NA, NA)",0.7533273017865475
1152,68,44.938534,-93.171456,2025-02-19T22:14:08Z,0.623239,Unknown,0.108888,-0.279408,"c(NA, NA)",0.6916301599330382
1153,69,44.938489,-93.171462,2025-02-19T22:14:09Z,0.645207,Unknown,0.150133,-0.188261,"c(NA, NA)",0.6886756817682762
1154,70,44.938432,-93.171455,2025-02-19T22:14:10Z,0.503343,Unknown,0.057803,-0.200705,"c(NA, NA)",0.5449567501031618
1155,71,44.938367,-93.171457,2025-02-19T22:14:11Z,0.089303,Unknown,-0.06881,0.024723,"c(NA, NA)",0.11541693393085782
1156,72,44.938303,-93.171449,2025-02-19T22:14:12Z,-0.105445,Unknown,0.066995,0.026915,"c(NA, NA)",0.12779434758626845
1157,73,44.938236,-93.17144,2025-02-19T22:14:13Z,-0.001409,Unknown,-0.11012,-0.034885,"c(NA, NA)",0.11552213167181428
1158,74,44.938173,-93.171432,2025-02-19T22:14:14Z,0.023276,Unknown,-0.017777,0.047459,"c(NA, NA)",0.05576872408438264
1159,75,44.938108,-93.171427,2025-02-19T22:14:15Z,-0.101769,Unknown,-0.169437,0.367508,"c(NA, NA)",0.4172864200929621
1160,76,44.938042,-93.171423,2025-02-19T22:14:16Z,-0.122433,Unknown,-0.112169,0.21028,"c(NA, NA)",0.26793544455707985
1161,77,44.937977,-93.171423,2025-02-19T22:14:17Z,-0.130986,Unknown,-0.023584,0.44774,"c(NA, NA)",0.46710239225677275
1162,78,44.937912,-93.171427,2025-02-19T22:14:18Z,-0.091025,Unknown,-0.041822,0.348796,"c(NA, NA)",0.3628956873882631
1163,79,44.937848,-93.171437,2025-02-19T22:14:19Z,-0.126569,Unknown,-0.077713,0.205336,"c(NA, NA)",0.25342039189062904
1164,80,44.937784,-93.17145,2025-02-19T22:14:20Z,-0.080745,Unknown,-0.127683,0.291583,"c(NA, NA)",0.3283951117221448
1165,81,44.93772,-93.171465,2025-02-19T22:14:21Z,-0.046945,Unknown,-0.096167,0.158971,"c(NA, NA)",0.19163429691733158
1166,82,44.93766,-93.171491,2025-02-19T22:14:22Z,-0.061409,Unknown,0.028662,0.158024,"c(NA, NA)",0.17194231620226594
1167,83,44.937605,-93.171529,2025-02-19T22:14:23Z,-0.041761,Unknown,0.001804,0.251128,"c(NA, NA)",0.25458300791883187
1168,84,44.93754,-93.171538,2025-02-19T22:14:24Z,-0.039887,Unknown,-0.051001,0.283902,"c(NA, NA)",0.29119138100912256
1169,85,44.937477,-93.171568,2025-02-19T22:14:25Z,0.002747,Unknown,0.033132,0.476421,"c(NA, NA)",0.4775795689453224
1170,86,44.937417,-93.171607,2025-02-19T22:14:26Z,-0.058581,Unknown,-0.024757,0.086772,"c(NA, NA)",0.1075826314699543
1171,87,44.937358,-93.171648,2025-02-19T22:14:27Z,0.288946,Unknown,-0.035748,0.172002,"c(NA, NA)",0.33816031467929525
1172,88,44.9373,-93.171696,2025-02-19T22:14:28Z,0.067851,Unknown,-0.064823,0.011171,"c(NA, NA)",0.09450169718581779
1173,89,44.93724,-93.17175,2025-02-19T22:14:29Z,-0.004096,Unknown,-0.030876,0.134497,"c(NA, NA)",0.13805632039497504
1174,90,44.937182,-93.171803,2025-02-19T22:14:30Z,0.028174,Unknown,0.053002,-0.021269,"c(NA, NA)",0.06368168214643831
1175,91,44.937122,-93.171864,2025-02-19T22:14:31Z,-0.111178,Unknown,0.014521,-0.080038,"c(NA, NA)",0.13775880577661814
1176,92,44.937065,-93.171922,2025-02-19T22:14:32Z,-0.0467,Unknown,-0.060256,0.129049,"c(NA, NA)",0.14988435521094254
1177,93,44.937006,-93.171984,2025-02-19T22:14:33Z,0.032461,Unknown,-0.129311,0.049799,"c(NA, NA)",0.14232003247259328
1178,94,44.936951,-93.172049,2025-02-19T22:14:34Z,-0.235761,Unknown,-0.031561,0.308577,"c(NA, NA)",0.3896140536107495
1179,95,44.936896,-93.172121,2025-02-19T22:14:35Z,-0.294878,Unknown,-0.101404,0.239801,"c(NA, NA)",0.3933704687708522
1180,96,44.936847,-93.172191,2025-02-19T22:14:36Z,-0.499857,Unknown,-0.092552,0.147055,"c(NA, NA)",0.5291956785329979
1181,97,44.936804,-93.172265,2025-02-19T22:14:37Z,-0.919147,Unknown,-0.209146,0.369108,"c(NA, NA)",1.012330960007151
1182,98,44.936766,-93.172329,2025-02-19T22:14:38Z,-1.086283,Unknown,-0.2447,0.050399,"c(NA, NA)",1.1146429496883745
1183,99,44.936735,-93.172382,2025-02-19T22:14:39Z,-1.214928,Unknown,-0.280202,0.030847,"c(NA, NA)",1.2472027675550597
1184,100,44.936712,-93.172427,2025-02-19T22:14:40Z,-1.477558,Unknown,-0.450414,0.014081,"c(NA, NA)",1.5447487463406468
1185,1,44.936636,-93.17248,2025-02-19T22:06:23Z,0.575225,Unknown,0.065583,0.840258,"c(NA, NA)",1.020401115776536
1186,2,44.936664,-93.172443,2025-02-19T22:06:24Z,0.03558,Unknown,0.13261,-0.366982,"c(NA, NA)",0.39182539073418915
1187,3,44.936688,-93.172384,2025-02-19T22:06:25Z,0.040441,Unknown,-0.055127,-0.481877,"c(NA, NA)",0.4867030960852827
1188,4,44.936713,-93.172324,2025-02-19T22:06:26Z,-0.076652,Unknown,0.041582,-0.275122,"c(NA, NA)",0.28861168845353435
1189,5,44.936742,-93.172266,2025-02-19T22:06:27Z,0.103717,Unknown,-0.011374,-0.496746,"c(NA, NA)",0.5075856306880644
1190,6,44.936779,-93.172207,2025-02-19T22:06:28Z,0.056602,Unknown,0.078668,-0.375032,"c(NA, NA)",0.3873518318686514
1191,7,44.936823,-93.17214,2025-02-19T22:06:29Z,-0.061939,Unknown,0.036671,-0.434141,"c(NA, NA)",0.44006773324455406
1192,8,44.936874,-93.172072,2025-02-19T22:06:30Z,-0.502316,Unknown,-0.108316,-0.401786,"c(NA, NA)",0.6522926563345627
1193,9,44.936929,-93.172001,2025-02-19T22:06:31Z,-0.945777,Unknown,-0.196847,-0.492567,"c(NA, NA)",1.084373148241416
1194,10,44.936984,-93.171942,2025-02-19T22:06:32Z,-0.94452,Unknown,-0.035475,-0.318671,"c(NA, NA)",0.9974606319379227
1195,11,44.93704,-93.171892,2025-02-19T22:06:33Z,-0.671968,Unknown,-0.308451,-0.042641,"c(NA, NA)",0.7406087140359611
1196,12,44.937084,-93.171837,2025-02-19T22:06:34Z,-0.583607,Unknown,-0.132361,-0.100017,"c(NA, NA)",0.6067289057387986
1197,13,44.937135,-93.171793,2025-02-19T22:06:35Z,-0.592493,Unknown,-0.085889,0.074593,"c(NA, NA)",0.6033150014867855
1198,14,44.937183,-93.171751,2025-02-19T22:06:36Z,-0.435873,Unknown,-0.261633,-0.116464,"c(NA, NA)",0.5215371148000879
1199,15,44.937224,-93.171703,2025-02-19T22:06:37Z,-0.034484,Unknown,0.059513,-0.028971,"c(NA, NA)",0.07463418965862763
1200,16,44.937269,-93.171666,2025-02-19T22:06:38Z,0.353189,Unknown,0.123711,-0.335283,"c(NA, NA)",0.5024555416462236
1201,17,44.937319,-93.171626,2025-02-19T22:06:39Z,-0.018162,Unknown,-0.071588,-0.237962,"c(NA, NA)",0.2491598150424743
1202,18,44.937374,-93.171586,2025-02-19T22:06:40Z,-0.162623,Unknown,0.067186,-0.288794,"c(NA, NA)",0.3381747671855486
1203,19,44.937429,-93.17155,2025-02-19T22:06:41Z,-0.132046,Unknown,-0.176351,-0.50982,"c(NA, NA)",0.5553847798751781
1204,20,44.937484,-93.171518,2025-02-19T22:06:42Z,-0.079609,Unknown,0.074851,-0.397012,"c(NA, NA)",0.41177517315399187
1205,21,44.937547,-93.171492,2025-02-19T22:06:43Z,0.134844,Unknown,-0.113462,-0.265408,"c(NA, NA)",0.3185874075414783
1206,22,44.93761,-93.171471,2025-02-19T22:06:44Z,-0.44203,Unknown,0.022063,-0.180142,"c(NA, NA)",0.47783724952435425
1207,23,44.937677,-93.171456,2025-02-19T22:06:45Z,-0.451234,Unknown,-0.21739,0.11199,"c(NA, NA)",0.5132370748065654
1208,24,44.937738,-93.171447,2025-02-19T22:06:46Z,-0.425147,Unknown,-0.090641,0.228228,"c(NA, NA)",0.4909722827960862
1209,25,44.937793,-93.171436,2025-02-19T22:06:47Z,-0.122973,Unknown,-0.065994,-0.06263,"c(NA, NA)",0.15297085887514655
1210,26,44.93785,-93.171425,2025-02-19T22:06:48Z,-0.266143,Unknown,-0.040313,0.16723,"c(NA, NA)",0.3168960512818044
1211,27,44.937908,-93.171414,2025-02-19T22:06:49Z,-0.388024,Unknown,-0.098923,-0.206684,"c(NA, NA)",0.4506291827667178
1212,28,44.937963,-93.171407,2025-02-19T22:06:50Z,0.344488,Unknown,0.040085,-0.308636,"c(NA, NA)",0.4642574392134175
1213,29,44.938017,-93.171401,2025-02-19T22:06:51Z,0.196925,Unknown,0.040155,-0.145877,"c(NA, NA)",0.24833843596793467
1214,30,44.938076,-93.17139,2025-02-19T22:06:52Z,0.373258,Unknown,-0.003164,-0.13762,"c(NA, NA)",0.3978326405160843
1215,31,44.938138,-93.171398,2025-02-19T22:06:53Z,0.270828,Unknown,-0.046422,-0.053417,"c(NA, NA)",0.2799217454164646
1216,32,44.938205,-93.171413,2025-02-19T22:06:54Z,-0.050382,Unknown,-0.16635,0.258198,"c(NA, NA)",0.31125050301646096
1217,33,44.938273,-93.171424,2025-02-19T22:06:55Z,0.165324,Unknown,0.042245,0.025272,"c(NA, NA)",0.1724973593566
1218,34,44.938346,-93.171432,2025-02-19T22:06:56Z,0.257763,Unknown,0.004413,0.115397,"c(NA, NA)",0.2824494757421228
1219,35,44.93842,-93.17144,2025-02-19T22:06:57Z,0.051971,Unknown,0.047558,0.095505,"c(NA, NA)",0.11867583254395143
1220,36,44.938497,-93.171448,2025-02-19T22:06:58Z,-0.166567,Unknown,-0.200064,0.271199,"c(NA, NA)",0.37592428384715987
1221,37,44.938571,-93.171432,2025-02-19T22:06:59Z,-0.170186,Unknown,-0.006794,0.345178,"c(NA, NA)",0.38491204802655893
1222,38,44.938642,-93.171458,2025-02-19T22:07:00Z,-0.139957,Unknown,-0.067825,0.276103,"c(NA, NA)",0.3168928195510274
1223,39,44.938716,-93.171461,2025-02-19T22:07:01Z,-0.180564,Unknown,-0.149397,0.269049,"c(NA, NA)",0.3568055298142112
1224,40,44.938788,-93.171465,2025-02-19T22:07:02Z,-0.145175,Unknown,-0.055302,0.072622,"c(NA, NA)",0.171487745081099
1225,41,44.938861,-93.17147,2025-02-19T22:07:03Z,-0.07908,Unknown,-0.09837,0.248234,"c(NA, NA)",0.27847876410239975
1226,42,44.93893,-93.171474,2025-02-19T22:07:04Z,-0.060703,Unknown,0.124958,0.128176,"c(NA, NA)",0.18901968931569008
1227,43,44.939003,-93.171474,2025-02-19T22:07:05Z,0.250731,Unknown,-0.112005,0.211923,"c(NA, NA)",0.3468753555890069
1228,44,44.939076,-93.171474,2025-02-19T22:07:06Z,0.249944,Unknown,-0.009987,0.04526,"c(NA, NA)",0.2542050568045412
1229,45,44.939151,-93.171471,2025-02-19T22:07:07Z,0.102831,Unknown,0.052434,-0.042762,"c(NA, NA)",0.1230939785732836
1230,46,44.939229,-93.171468,2025-02-19T22:07:08Z,0.029136,Unknown,-0.049469,0.05729,"c(NA, NA)",0.0811063040521512
1231,47,44.939308,-93.171465,2025-02-19T22:07:09Z,-0.127167,Unknown,0.081454,0.051947,"c(NA, NA)",0.15970188105967945
1232,48,44.939387,-93.17146,2025-02-19T22:07:10Z,-0.288268,Unknown,-0.144068,-1.36e-4,"c(NA, NA)",0.3222639398753761
1233,49,44.939463,-93.171456,2025-02-19T22:07:11Z,-0.048376,Unknown,-0.002314,-0.275025,"c(NA, NA)",0.2792567682205751
1234,50,44.93954,-93.171453,2025-02-19T22:07:12Z,-0.07796,Unknown,-0.09261,-0.077707,"c(NA, NA)",0.14384975338525957
1235,51,44.93962,-93.171455,2025-02-19T22:07:13Z,-0.554268,Unknown,-0.108046,0.128496,"c(NA, NA)",0.5791357146265459
1236,52,44.939698,-93.171459,2025-02-19T22:07:14Z,-0.735348,Unknown,-0.23017,0.179695,"c(NA, NA)",0.7912049058423488
1237,53,44.939765,-93.171461,2025-02-19T22:07:15Z,-0.594085,Unknown,-0.109316,0.232664,"c(NA, NA)",0.6473171649021829
1238,54,44.939827,-93.171462,2025-02-19T22:07:16Z,-0.861755,Unknown,-0.195741,0.206099,"c(NA, NA)",0.9074210802637329
1239,55,44.939884,-93.17146,2025-02-19T22:07:16Z,-1.195143,Unknown,-0.310269,0.215165,"c(NA, NA)",1.25336731249662
1240,56,44.939929,-93.17146,2025-02-19T22:07:17Z,-0.990883,Unknown,-0.238444,0.153609,"c(NA, NA)",1.0306795747010804
1241,57,44.939959,-93.171465,2025-02-19T22:07:18Z,-0.467259,Unknown,-0.107814,0.071887,"c(NA, NA)",0.48489439308575216
1242,58,44.93998,-93.17147,2025-02-19T22:07:19Z,-0.102088,Unknown,-0.002302,0.063137,"c(NA, NA)",0.12005640223245073
1243,59,44.939998,-93.171476,2025-02-19T22:07:21Z,-0.534397,Unknown,-0.14927,0.1133,"c(NA, NA)",0.5663025485630451
1244,60,44.94001,-93.171476,2025-02-19T22:07:22Z,-0.343667,Unknown,-0.049979,0.091299,"c(NA, NA)",0.3590827407868554
1245,61,44.940012,-93.171477,2025-02-19T22:07:23Z,0.684055,Unknown,0.154453,-0.112251,"c(NA, NA)",0.7102022664248544
1246,62,44.940012,-93.171479,2025-02-19T22:07:23Z,0.624529,Unknown,0.129408,-0.10143,"c(NA, NA)",0.6458103028018367
1247,63,44.940016,-93.171482,2025-02-19T22:07:25Z,1.342977,Unknown,0.307514,-0.230181,"c(NA, NA)",1.396830474855843
1248,64,44.940026,-93.171483,2025-02-19T22:07:26Z,2.019536,Unknown,0.488989,-0.412956,"c(NA, NA)",2.1185298098806635
1249,65,44.940055,-93.171484,2025-02-19T22:07:27Z,1.262609,Unknown,0.22807,-0.146373,"c(NA, NA)",1.2913645755207939
1250,66,44.940103,-93.171485,2025-02-19T22:07:28Z,0.870961,Unknown,-0.072257,-0.178876,"c(NA, NA)",0.8920710515121539
1251,67,44.940156,-93.171488,2025-02-19T22:07:29Z,0.606276,Unknown,0.118586,-0.071787,"c(NA, NA)",0.6219217000081281
1252,68,44.940215,-93.171492,2025-02-19T22:07:30Z,0.295653,Unknown,0.233864,0.027111,"c(NA, NA)",0.3779392454165087
1253,69,44.940277,-93.171469,2025-02-19T22:07:31Z,0.07103,Unknown,-0.130273,0.348209,"c(NA, NA)",0.37850472006303965
1254,70,44.940339,-93.171457,2025-02-19T22:07:32Z,0.324317,Unknown,-0.124772,0.908837,"c(NA, NA)",0.9730027035121742
1255,71,44.9404,-93.171437,2025-02-19T22:07:33Z,0.294109,Unknown,-0.06577,1.11416,"c(NA, NA)",1.1542002869437349
1256,72,44.940464,-93.171404,2025-02-19T22:07:34Z,-0.14921,Unknown,-0.212454,1.337086,"c(NA, NA)",1.362057009677642
1257,73,44.940528,-93.17136,2025-02-19T22:07:35Z,-0.357897,Unknown,-0.172731,0.997964,"c(NA, NA)",1.0741780142350708
1258,74,44.940589,-93.171309,2025-02-19T22:07:36Z,-0.49592,Unknown,-0.21552,0.667007,"c(NA, NA)",0.8586523480716745
1259,75,44.94064,-93.171258,2025-02-19T22:07:37Z,-0.198005,Unknown,-0.116368,0.668102,"c(NA, NA)",0.7064756003238895
1260,76,44.940688,-93.171195,2025-02-19T22:07:38Z,-0.394475,Unknown,-0.089445,0.147514,"c(NA, NA)",0.4305476905593619
1261,77,44.940724,-93.17112,2025-02-19T22:07:39Z,-0.343197,Unknown,-0.060621,-0.19633,"c(NA, NA)",0.40000569414697085
1262,78,44.940761,-93.171042,2025-02-19T22:07:40Z,-0.325295,Unknown,-0.147792,-0.336579,"c(NA, NA)",0.4908612181971601
1263,79,44.940798,-93.170971,2025-02-19T22:07:41Z,-0.366589,Unknown,-0.004389,-0.474667,"c(NA, NA)",0.5997628857565296
1264,80,44.940841,-93.170894,2025-02-19T22:07:42Z,-0.337581,Unknown,-0.048901,-0.30616,"c(NA, NA)",0.4583515953523016
1265,81,44.940883,-93.170826,2025-02-19T22:07:43Z,-0.325417,Unknown,-0.098784,-0.253955,"c(NA, NA)",0.42443803384004125
1266,82,44.940927,-93.170765,2025-02-19T22:07:44Z,-0.291657,Unknown,-0.094798,-0.217963,"c(NA, NA)",0.37624238971971247
1267,83,44.940975,-93.170706,2025-02-19T22:07:45Z,-0.425174,Unknown,0.006306,-0.834962,"c(NA, NA)",0.9370027947428973
1268,84,44.94102,-93.170659,2025-02-19T22:07:46Z,-0.179615,Unknown,-0.032921,-0.526343,"c(NA, NA)",0.5571196407550177
1269,85,44.941074,-93.170626,2025-02-19T22:07:47Z,-0.291139,Unknown,-0.084622,-0.601121,"c(NA, NA)",0.6732527436602097
1270,86,44.941119,-93.17058,2025-02-19T22:07:48Z,-0.3055,Unknown,0.020119,-0.525141,"c(NA, NA)",0.6078717743422538
1271,87,44.94117,-93.170546,2025-02-19T22:07:49Z,-0.297912,Unknown,-0.090672,-0.419756,"c(NA, NA)",0.5226548295615377
1272,88,44.941219,-93.170517,2025-02-19T22:07:50Z,-0.296373,Unknown,0.078329,-0.252194,"c(NA, NA)",0.3969561701321696
1273,89,44.941266,-93.170491,2025-02-19T22:07:51Z,-0.673668,Unknown,-0.277347,-0.155283,"c(NA, NA)",0.7448910945379869
1274,90,44.941312,-93.170472,2025-02-19T22:07:52Z,-0.947919,Unknown,-0.259444,0.007872,"c(NA, NA)",0.9828141167489405
1275,91,44.941345,-93.170438,2025-02-19T22:07:53Z,-1.177867,Unknown,-0.241042,0.262125,"c(NA, NA)",1.2305207966865086
1276,1,44.936497,-93.172288,2025-02-19T22:14:53Z,0.034685,Vernon and Cambridge,0.010201,-0.226118,"c(NA, NA)",0.22899008613911653
1277,2,44.936499,-93.172218,2025-02-19T22:14:54Z,0.046601,Vernon and Cambridge,0.039248,-0.052373,"c(NA, NA)",0.08034295136475882
1278,3,44.936498,-93.172134,2025-02-19T22:14:55Z,-0.196844,Vernon and Cambridge,-0.033825,0.15164,"c(NA, NA)",0.2507715704799888
1279,4,44.936494,-93.172042,2025-02-19T22:14:56Z,-0.392781,Vernon and Cambridge,-0.10914,0.319391,"c(NA, NA)",0.5178793917911776
1280,5,44.936497,-93.171951,2025-02-19T22:14:57Z,-0.357154,Vernon and Cambridge,0.012852,0.356797,"c(NA, NA)",0.5050032206125026
1281,6,44.936501,-93.171858,2025-02-19T22:14:58Z,-0.160226,Vernon and Cambridge,-0.16066,0.244822,"c(NA, NA)",0.33379906884232013
1282,7,44.936496,-93.171766,2025-02-19T22:14:59Z,-0.303186,Vernon and Cambridge,-0.029012,0.246554,"c(NA, NA)",0.391857527241726
1283,8,44.936501,-93.171669,2025-02-19T22:15:00Z,-0.649621,Vernon and Cambridge,-0.182308,0.302694,"c(NA, NA)",0.7395047722232765
1284,9,44.936503,-93.171575,2025-02-19T22:15:01Z,-0.720158,Vernon and Cambridge,-0.117351,0.306909,"c(NA, NA)",0.7915756037460983
1285,10,44.936505,-93.171488,2025-02-19T22:15:02Z,-0.597799,Vernon and Cambridge,-0.205482,0.287809,"c(NA, NA)",0.6945649841490715
1286,11,44.93649,-93.171406,2025-02-19T22:15:03Z,-0.625761,Vernon and Cambridge,-0.167718,0.251177,"c(NA, NA)",0.6948352624716163
1287,12,44.936489,-93.171332,2025-02-19T22:15:04Z,-0.683278,Vernon and Cambridge,-0.085636,0.436713,"c(NA, NA)",0.8154266332104931
1288,13,44.936488,-93.171262,2025-02-19T22:15:05Z,-0.587943,Vernon and Cambridge,-0.294256,1.59993,"c(NA, NA)",1.7297513028424059
1289,14,44.936486,-93.171208,2025-02-19T22:15:06Z,-0.157442,Vernon and Cambridge,-0.233303,1.428816,"c(NA, NA)",1.4562738186992856
1290,15,44.936485,-93.171153,2025-02-19T22:15:07Z,0.046804,Vernon and Cambridge,-0.121817,1.445078,"c(NA, NA)",1.4509584494357517
1291,16,44.936457,-93.171114,2025-02-19T22:15:08Z,0.144265,Vernon and Cambridge,0.071783,1.348929,"c(NA, NA)",1.3585192808182738
1292,17,44.93642,-93.171091,2025-02-19T22:15:09Z,0.65645,Vernon and Cambridge,0.142369,0.595354,"c(NA, NA)",0.8975755789776145
1293,18,44.936371,-93.171081,2025-02-19T22:15:10Z,0.513199,Vernon and Cambridge,0.106641,0.145934,"c(NA, NA)",0.5440976464183611
1294,19,44.936314,-93.171077,2025-02-19T22:15:11Z,0.04053,Vernon and Cambridge,-0.046339,-0.150829,"c(NA, NA)",0.16290908833456774
1295,20,44.936255,-93.171074,2025-02-19T22:15:12Z,0.007909,Vernon and Cambridge,0.050009,0.061798,"c(NA, NA)",0.07989020694678416
1296,21,44.936191,-93.171097,2025-02-19T22:15:13Z,-0.33214,Vernon and Cambridge,-0.042209000000000003,0.291384,"c(NA, NA)",0.4438504418573896
1297,22,44.93613,-93.171078,2025-02-19T22:15:14Z,-0.516517,Vernon and Cambridge,-0.2074,-0.397524,"c(NA, NA)",0.6839809221498798
1298,23,44.936073,-93.171091,2025-02-19T22:15:15Z,-0.26819,Vernon and Cambridge,-0.080808,-0.392153,"c(NA, NA)",0.48191263147275976
1299,24,44.936009,-93.171095,2025-02-19T22:15:16Z,-0.436015,Vernon and Cambridge,-0.034895,-0.352808,"c(NA, NA)",0.5619610539121016
1300,25,44.935939,-93.171097,2025-02-19T22:15:17Z,-0.564557,Vernon and Cambridge,-0.155819,-0.340328,"c(NA, NA)",0.6773679314774209
1301,26,44.935875,-93.171099,2025-02-19T22:15:18Z,-0.674218,Vernon and Cambridge,-0.191282,-0.027176,"c(NA, NA)",0.701353869329884
1302,27,44.935815,-93.171096,2025-02-19T22:15:19Z,-1.111808,Vernon and Cambridge,-0.266099,0.1715,"c(NA, NA)",1.156000846308081
1303,28,44.935761,-93.17109,2025-02-19T22:15:20Z,-1.365353,Vernon and Cambridge,-0.36058,0.066204,"c(NA, NA)",1.4137148653901184
1304,29,44.935719,-93.17109,2025-02-19T22:15:21Z,-0.844291,Vernon and Cambridge,-0.242663,-0.214718,"c(NA, NA)",0.9043320428769512
1305,30,44.935687,-93.171095,2025-02-19T22:15:22Z,-0.37194,Vernon and Cambridge,-0.022906,-0.340171,"c(NA, NA)",0.5045595680165029
1306,31,44.935655,-93.171094,2025-02-19T22:15:23Z,0.300747,Vernon and Cambridge,0.00432,-0.687225,"c(NA, NA)",0.7501637294844372
1307,32,44.93562,-93.171085,2025-02-19T22:15:24Z,1.121225,Vernon and Cambridge,0.18483,0.290068,"c(NA, NA)",1.1727945575201992
1308,33,44.935576,-93.17107,2025-02-19T22:15:25Z,1.073609,Vernon and Cambridge,0.189851,0.34212,"c(NA, NA)",1.1426835876488295
1309,34,44.935522,-93.171093,2025-02-19T22:15:26Z,0.910172,Vernon and Cambridge,0.175013,0.19298,"c(NA, NA)",0.9467227155577287
1310,35,44.935459,-93.171072,2025-02-19T22:15:27Z,0.155176,Vernon and Cambridge,0.108862,-0.601425,"c(NA, NA)",0.6305890552848186
1311,36,44.935391,-93.171081,2025-02-19T22:15:28Z,0.01111,Vernon and Cambridge,-0.066594,-0.381891,"c(NA, NA)",0.3878130075397162
1312,37,44.935322,-93.171086,2025-02-19T22:15:29Z,0.127949,Vernon and Cambridge,-0.0047,-0.198414,"c(NA, NA)",0.23613799354826406
1313,38,44.93525,-93.171084,2025-02-19T22:15:30Z,-0.070111,Vernon and Cambridge,-0.02832,-0.036944,"c(NA, NA)",0.08415719729767622
1314,39,44.935176,-93.171079,2025-02-19T22:15:31Z,0.002675,Vernon and Cambridge,-0.152485,0.011293,"c(NA, NA)",0.152926003998666
1315,40,44.935101,-93.171077,2025-02-19T22:15:32Z,-0.126051,Vernon and Cambridge,-0.0228,0.108839,"c(NA, NA)",0.16809111375084645
1316,41,44.935024,-93.171078,2025-02-19T22:15:33Z,-0.202757,Vernon and Cambridge,-0.257641,0.280601,"c(NA, NA)",0.43153934598249555
1317,42,44.934948,-93.171082,2025-02-19T22:15:34Z,-0.253219,Vernon and Cambridge,-0.008653,0.125508,"c(NA, NA)",0.28274899546063825
1318,43,44.934874,-93.171087,2025-02-19T22:15:35Z,-0.382948,Vernon and Cambridge,-0.012973,-0.268262,"c(NA, NA)",0.46774134954801677
1319,44,44.934801,-93.171094,2025-02-19T22:15:36Z,-0.271781,Vernon and Cambridge,-0.119972,0.097399,"c(NA, NA)",0.3126415806414751
1320,45,44.93473,-93.171098,2025-02-19T22:15:37Z,-0.37768,Vernon and Cambridge,-0.024941,-0.082738,"c(NA, NA)",0.3874400760440252
1321,46,44.934661,-93.171104,2025-02-19T22:15:38Z,-0.806112,Vernon and Cambridge,-0.291584,0.162646,"c(NA, NA)",0.8725202043024562
1322,47,44.934596,-93.171106,2025-02-19T22:15:39Z,-1.041271,Vernon and Cambridge,-0.296531,0.171039,"c(NA, NA)",1.0960977460623664
1323,48,44.934543,-93.171108,2025-02-19T22:15:40Z,-1.051258,Vernon and Cambridge,-0.271206,0.075445,"c(NA, NA)",1.0882959271379269
1324,49,44.9345,-93.171107,2025-02-19T22:15:41Z,-0.82333,Vernon and Cambridge,-0.246848,0.302266,"c(NA, NA)",0.9111371788923993
1325,50,44.934464,-93.171109,2025-02-19T22:15:42Z,-0.471669,Vernon and Cambridge,-0.006884,0.068874,"c(NA, NA)",0.476720738895425
1326,51,44.934434,-93.171111,2025-02-19T22:15:43Z,-0.724053,Vernon and Cambridge,-0.206152,0.135713,"c(NA, NA)",0.764963667295382
1327,1,44.934349,-93.171056,2025-02-19T22:05:25Z,-0.289486,Vernon and Cambridge,-0.218987,2.012329,"c(NA, NA)",2.0448045027840682
1328,2,44.934392,-93.171083,2025-02-19T22:05:26Z,0.500863,Vernon and Cambridge,-0.047988,0.805986,"c(NA, NA)",0.9501473702058012
1329,3,44.934442,-93.171085,2025-02-19T22:05:27Z,0.347553,Vernon and Cambridge,0.119103,0.196879,"c(NA, NA)",0.41682124832954476
1330,4,44.934503,-93.171044,2025-02-19T22:05:29Z,0.075376,Vernon and Cambridge,0.040269,-0.138127,"c(NA, NA)",0.16242598888724674
1331,5,44.934568,-93.171044,2025-02-19T22:05:30Z,0.019924,Vernon and Cambridge,-0.103668,-0.091138,"c(NA, NA)",0.13946381266837646
1332,6,44.934639,-93.171044,2025-02-19T22:05:31Z,-0.456182,Vernon and Cambridge,-0.039922,0.030901,"c(NA, NA)",0.45896694326389126
1333,7,44.93471,-93.171066,2025-02-19T22:05:32Z,-0.590412,Vernon and Cambridge,-0.191878,-0.190227,"c(NA, NA)",0.6492994749397231
1334,8,44.934783,-93.171061,2025-02-19T22:05:33Z,-0.935572,Vernon and Cambridge,-0.003231,-0.384605,"c(NA, NA)",1.0115465449350316
1335,9,44.934854,-93.171055,2025-02-19T22:05:34Z,-0.630972,Vernon and Cambridge,-0.200582,-0.024862,"c(NA, NA)",0.6625533356281591
1336,10,44.934924,-93.171057,2025-02-19T22:05:35Z,-0.336693,Vernon and Cambridge,-0.065564,-0.019343,"c(NA, NA)",0.3435621719485427
1337,11,44.934996,-93.171061,2025-02-19T22:05:36Z,-0.481305,Vernon and Cambridge,-0.087099,-0.18247,"c(NA, NA)",0.5220498441011164
1338,12,44.935067,-93.171063,2025-02-19T22:05:37Z,-0.373956,Vernon and Cambridge,-0.184188,-0.033826,"c(NA, NA)",0.4182254267210448
1339,13,44.93514,-93.171065,2025-02-19T22:05:38Z,0.043396,Vernon and Cambridge,0.017803,-0.408718,"c(NA, NA)",0.41140073304382924
1340,14,44.935215,-93.171066,2025-02-19T22:05:39Z,-0.12724,Vernon and Cambridge,-0.130676,-0.132468,"c(NA, NA)",0.2254196211513097
1341,15,44.935292,-93.171058,2025-02-19T22:05:40Z,-0.445524,Vernon and Cambridge,-0.015426,-0.052586,"c(NA, NA)",0.4488818145659278
1342,16,44.935366,-93.171064,2025-02-19T22:05:41Z,-0.276167,Vernon and Cambridge,-0.213219,0.249589,"c(NA, NA)",0.42898161122710143
1343,17,44.93544,-93.171064,2025-02-19T22:05:42Z,-0.182634,Vernon and Cambridge,-0.096581,0.21833,"c(NA, NA)",0.3005845245800256
1344,18,44.935515,-93.171058,2025-02-19T22:05:43Z,-0.144878,Vernon and Cambridge,0.033933,-0.020609,"c(NA, NA)",0.15021922065434903
1345,19,44.935592,-93.171059,2025-02-19T22:05:44Z,-0.20792,Vernon and Cambridge,-0.205926,-0.202596,"c(NA, NA)",0.3559232825933139
1346,20,44.935668,-93.171058,2025-02-19T22:05:45Z,-0.346381,Vernon and Cambridge,-6.82e-4,-0.236813,"c(NA, NA)",0.4195958284516184
1347,21,44.935744,-93.171062,2025-02-19T22:05:46Z,-0.343602,Vernon and Cambridge,-0.099906,0.139537,"c(NA, NA)",0.3840756665150762
1348,22,44.93582,-93.171065,2025-02-19T22:05:47Z,-0.411211,Vernon and Cambridge,-0.13203,0.311605,"c(NA, NA)",0.5325636895677361
1349,23,44.935894,-93.171044,2025-02-19T22:05:48Z,-0.508234,Vernon and Cambridge,-0.074953,-0.138286,"c(NA, NA)",0.5320176395205332
1350,24,44.935967,-93.171057,2025-02-19T22:05:49Z,-0.329897,Vernon and Cambridge,-0.143257,0.091515,"c(NA, NA)",0.37111937955730634
1351,25,44.936034,-93.171059,2025-02-19T22:05:50Z,-0.316652,Vernon and Cambridge,-0.076621,0.185257,"c(NA, NA)",0.3747791653680871
1352,26,44.936101,-93.171058,2025-02-19T22:05:51Z,-0.248849,Vernon and Cambridge,-0.110312,0.045154,"c(NA, NA)",0.27592289839917233
1353,27,44.936164,-93.171057,2025-02-19T22:05:52Z,-0.198471,Vernon and Cambridge,-0.052381,-0.008992,"c(NA, NA)",0.20546377555666595
1354,28,44.936226,-93.171053,2025-02-19T22:05:53Z,-0.343291,Vernon and Cambridge,-0.074061,-0.344118,"c(NA, NA)",0.49168174699291006
1355,29,44.936283,-93.17105,2025-02-19T22:05:54Z,-0.397859,Vernon and Cambridge,-0.14181,-0.599989,"c(NA, NA)",0.7337497257934752
1356,30,44.936344,-93.171051,2025-02-19T22:05:55Z,-0.808785,Vernon and Cambridge,-0.116935,-0.34622000000000003,"c(NA, NA)",0.8875107091466559
1357,31,44.9364,-93.171059,2025-02-19T22:05:56Z,-0.907444,Vernon and Cambridge,-0.07659,-0.90922,"c(NA, NA)",1.2868572763270991
1358,32,44.936443,-93.171078,2025-02-19T22:05:57Z,-0.475275,Vernon and Cambridge,-0.087018,-1.019675,"c(NA, NA)",1.1283596782825944
1359,33,44.936493,-93.171084,2025-02-19T22:05:58Z,-0.415831,Vernon and Cambridge,0.093093,-1.164555,"c(NA, NA)",1.2400685768275075
1360,34,44.936526,-93.171137,2025-02-19T22:05:59Z,-0.407339,Vernon and Cambridge,-0.05034,-0.922337,"c(NA, NA)",1.0095368829765459
1361,35,44.936527,-93.171217,2025-02-19T22:06:00Z,-0.25093,Vernon and Cambridge,-0.040106,-0.310741,"c(NA, NA)",0.40141540231660267
1362,36,44.936528,-93.171276,2025-02-19T22:06:01Z,-0.134932,Vernon and Cambridge,0.04425,0.277955,"c(NA, NA)",0.3121276808439136
1363,37,44.936526,-93.171343,2025-02-19T22:06:02Z,0.025285,Vernon and Cambridge,-0.100313,0.371132,"c(NA, NA)",0.38528040518303036
1364,38,44.936529,-93.171406,2025-02-19T22:06:03Z,0.222074,Vernon and Cambridge,-0.020664,0.582089,"c(NA, NA)",0.6233550082360773
1365,39,44.936528,-93.171477,2025-02-19T22:06:04Z,0.210598,Vernon and Cambridge,-0.033872,0.549024,"c(NA, NA)",0.5890043994436713
1366,40,44.93653,-93.171554,2025-02-19T22:06:05Z,0.164222,Vernon and Cambridge,0.006485,0.371374,"c(NA, NA)",0.4061152156531444
1367,41,44.936529,-93.171626,2025-02-19T22:06:06Z,0.055225,Vernon and Cambridge,-0.027692,0.268818,"c(NA, NA)",0.2758256054339408
1368,42,44.936533,-93.171714,2025-02-19T22:06:07Z,0.080446,Vernon and Cambridge,0.028203,0.386881,"c(NA, NA)",0.39616142705467927
1369,43,44.936535,-93.171805,2025-02-19T22:06:08Z,-0.099009,Vernon and Cambridge,-0.144519,0.133527,"c(NA, NA)",0.22026798035801756
1370,44,44.936538,-93.171901,2025-02-19T22:06:09Z,-0.267939,Vernon and Cambridge,-0.015744,0.409363,"c(NA, NA)",0.48950714706324766
1371,45,44.936538,-93.171996,2025-02-19T22:06:10Z,-0.281069,Vernon and Cambridge,-0.18039,0.263125,"c(NA, NA)",0.42517655213569805
1372,46,44.936541,-93.172089,2025-02-19T22:06:11Z,-0.838377,Vernon and Cambridge,-0.145837,0.406353,"c(NA, NA)",0.9430096422131642
1373,47,44.936542,-93.17218,2025-02-19T22:06:12Z,-1.198351,Vernon and Cambridge,-0.284267,0.509303,"c(NA, NA)",1.332757439408612
1374,48,44.936537,-93.172255,2025-02-19T22:06:13Z,-1.260503,Vernon and Cambridge,-0.339616,0.494609,"c(NA, NA)",1.3960103521629057
1375,49,44.936537,-93.172314,2025-02-19T22:06:14Z,-1.309401,Vernon and Cambridge,-0.298123,0.449512,"c(NA, NA)",1.416145945894702
1376,1,44.93995,-93.169626,2025-02-19T22:03:07Z,-0.246652,Macalester Street,0.107174,-0.855251,"c(NA, NA)",0.8965365293065308
1377,2,44.939903,-93.169618,2025-02-19T22:03:08Z,-0.048983,Macalester Street,-0.002279,-0.00427,"c(NA, NA)",0.049221550463186346
1378,3,44.939854,-93.16961,2025-02-19T22:03:09Z,0.080862,Macalester Street,-0.046723,-0.192682,"c(NA, NA)",0.21412158904930628
1379,4,44.939798,-93.169604,2025-02-19T22:03:10Z,0.312347,Macalester Street,0.065073,0.248189,"c(NA, NA)",0.40421890537059246
1380,5,44.93974,-93.169598,2025-02-19T22:03:12Z,0.027364,Macalester Street,-0.068831,0.591568,"c(NA, NA)",0.5961872136175012
1381,6,44.939685,-93.169593,2025-02-19T22:03:13Z,-0.612466,Macalester Street,-0.169512,0.441209,"c(NA, NA)",0.7736370602427213
1382,7,44.939628,-93.169592,2025-02-19T22:03:14Z,0.011393,Macalester Street,0.004455,0.126516,"c(NA, NA)",0.12710604128049932
1383,8,44.939566,-93.169593,2025-02-19T22:03:15Z,0.231362,Macalester Street,0.017451,0.069795,"c(NA, NA)",0.2422896086711108
1384,9,44.939499,-93.169591,2025-02-19T22:03:16Z,0.013352,Macalester Street,-0.016553,0.162353,"c(NA, NA)",0.16373995945400743
1385,10,44.93943,-93.169588,2025-02-19T22:03:17Z,-0.453969,Macalester Street,-0.010487,0.090005,"c(NA, NA)",0.4629241084184318
1386,11,44.939361,-93.169585,2025-02-19T22:03:18Z,-0.122015,Macalester Street,-0.145717,0.120865,"c(NA, NA)",0.2252319971473858
1387,12,44.939291,-93.169584,2025-02-19T22:03:19Z,-0.105061,Macalester Street,-0.05168,0.119333,"c(NA, NA)",0.16717954722393524
1388,13,44.939219,-93.169584,2025-02-19T22:03:20Z,-0.219464,Macalester Street,-0.037881,0.122632,"c(NA, NA)",0.2542400929849578
1389,14,44.939148,-93.169585,2025-02-19T22:03:21Z,-0.413088,Macalester Street,-0.136259,0.152184,"c(NA, NA)",0.4608342225583946
1390,15,44.93908,-93.169589,2025-02-19T22:03:22Z,-0.553365,Macalester Street,-0.125675,0.155363,"c(NA, NA)",0.5883406246546298
1391,16,44.939013,-93.169591,2025-02-19T22:03:23Z,-0.304403,Macalester Street,-0.138494,0.053021,"c(NA, NA)",0.33860449035120604
1392,17,44.938947,-93.169591,2025-02-19T22:03:24Z,0.071783,Macalester Street,-0.1282,-0.052864,"c(NA, NA)",0.15614942070017424
1393,18,44.938879,-93.169591,2025-02-19T22:03:25Z,-0.128065,Macalester Street,0.09414,0.155713,"c(NA, NA)",0.22250735312344175
1394,19,44.938811,-93.169588,2025-02-19T22:03:26Z,-0.118886,Macalester Street,0.022361,0.053471,"c(NA, NA)",0.1322612685482791
1395,20,44.938743,-93.169588,2025-02-19T22:03:27Z,-0.014771,Macalester Street,-0.049169,0.149954,"c(NA, NA)",0.1584991328619813
1396,21,44.938674,-93.169588,2025-02-19T22:03:28Z,-0.227012,Macalester Street,0.021716,0.0827,"c(NA, NA)",0.24258054909658358
1397,22,44.938606,-93.169589,2025-02-19T22:03:29Z,-0.32019,Macalester Street,-0.170839,0.056983,"c(NA, NA)",0.3673617594551724
1398,23,44.938541,-93.169589,2025-02-19T22:03:30Z,-0.721531,Macalester Street,-0.21978,0.184793,"c(NA, NA)",0.7765685322043381
1399,24,44.938482,-93.169592,2025-02-19T22:03:31Z,-0.909064,Macalester Street,-0.202699,0.331338,"c(NA, NA)",0.9885692241522593
1400,25,44.938431,-93.169596,2025-02-19T22:03:32Z,-0.795428,Macalester Street,-0.212684,0.513782,"c(NA, NA)",0.9705215765576776
1401,26,44.938389,-93.169603,2025-02-19T22:03:33Z,-0.14168,Macalester Street,-0.061175,1.190973,"c(NA, NA)",1.20092976054139
1402,27,44.938349,-93.169638,2025-02-19T22:03:34Z,-0.193822,Macalester Street,-0.118262,1.70333,"c(NA, NA)",1.7183963329884058
1403,28,44.938324,-93.169625,2025-02-19T22:03:35Z,-0.152076,Macalester Street,-0.192777,1.245855,"c(NA, NA)",1.26982076000119
1404,29,44.938312,-93.169637,2025-02-19T22:03:36Z,0.158509,Macalester Street,-0.021493,0.576771,"c(NA, NA)",0.5985414259439359
1405,30,44.938309,-93.169797,2025-02-19T22:03:37Z,0.203295,Macalester Street,-0.181627,0.332526,"c(NA, NA)",0.4299892612961398
1406,31,44.938313,-93.169865,2025-02-19T22:03:38Z,0.699137,Macalester Street,0.280452,-0.229277,"c(NA, NA)",0.7874095578553768
1407,32,44.938314,-93.169948,2025-02-19T22:03:39Z,0.185467,Macalester Street,0.116192,-0.357216,"c(NA, NA)",0.41892942079663015
1408,33,44.938317,-93.170037,2025-02-19T22:03:40Z,-0.330656,Macalester Street,-0.072791,-0.430156,"c(NA, NA)",0.5474176690179081
1409,34,44.938321,-93.170126,2025-02-19T22:03:41Z,-0.350053,Macalester Street,0.008144,-0.465648,"c(NA, NA)",0.5826074900385335
1410,35,44.938321,-93.170215,2025-02-19T22:03:42Z,-0.941005,Macalester Street,-0.213038,-0.232166,"c(NA, NA)",0.9923591340966234
1411,36,44.938325,-93.170292,2025-02-19T22:03:43Z,-0.949294,Macalester Street,-0.232749,-0.232367,"c(NA, NA)",1.0046519885641993
1412,37,44.938325,-93.170367,2025-02-19T22:03:44Z,-1.009449,Macalester Street,-0.232599,-0.440674,"c(NA, NA)",1.125736715523661
1413,38,44.938322,-93.170435,2025-02-19T22:03:45Z,-0.952768,Macalester Street,-0.083832,-0.868123,"c(NA, NA)",1.2916780594161223
1414,39,44.938311,-93.170495,2025-02-19T22:03:46Z,-0.882475,Macalester Street,-0.163708,-1.556789,"c(NA, NA)",1.7969848150193144
1415,40,44.938316,-93.170546,2025-02-19T22:03:47Z,-0.323753,Macalester Street,0.071341,-1.695995,"c(NA, NA)",1.7280927588862236
1416,41,44.938309,-93.170586,2025-02-19T22:03:48Z,-0.068563,Macalester Street,0.010114,-1.825784,"c(NA, NA)",1.8270989006129363
1417,42,44.938195,-93.170609,2025-02-19T22:03:49Z,0.15115,Macalester Street,0.08806,-1.087932,"c(NA, NA)",1.1019060407875072
1418,43,44.938137,-93.170622,2025-02-19T22:03:50Z,0.10442,Macalester Street,0.107597,-0.806209,"c(NA, NA)",0.8200326837937619
1419,44,44.938076,-93.170628,2025-02-19T22:03:51Z,-0.468924,Macalester Street,-0.003312,-0.0745,"c(NA, NA)",0.4748167405641886
1420,45,44.938021,-93.170627,2025-02-19T22:03:52Z,-1.155248,Macalester Street,-0.270384,0.352467,"c(NA, NA)",1.2377150055844843
1421,46,44.937978,-93.170621,2025-02-19T22:03:53Z,-1.204782,Macalester Street,-0.302979,0.589396,"c(NA, NA)",1.375021304118958
1422,47,44.937945,-93.170619,2025-02-19T22:03:54Z,-1.170487,Macalester Street,-0.320437,0.504626,"c(NA, NA)",1.3142933797345249
1423,48,44.93792,-93.170617,2025-02-19T22:03:55Z,-0.856844,Macalester Street,-0.225634,0.433989,"c(NA, NA)",0.9866300190106726
1424,49,44.937905,-93.170615,2025-02-19T22:03:56Z,-0.13083,Macalester Street,0.080112,0.273011,"c(NA, NA)",0.3131603863278368
1425,50,44.937886,-93.170614,2025-02-19T22:03:57Z,0.25675,Macalester Street,-0.260418,0.178265,"c(NA, NA)",0.4068372001784006
1426,51,44.937866,-93.170613,2025-02-19T22:03:58Z,0.985568,Macalester Street,0.279238,-0.013161,"c(NA, NA)",1.0244468532769282
1427,52,44.937835,-93.170612,2025-02-19T22:03:59Z,1.1163,Macalester Street,0.209831,-0.066948,"c(NA, NA)",1.1378210638167146
1428,53,44.937792,-93.170611,2025-02-19T22:04:00Z,0.982097,Macalester Street,0.200814,-0.042085,"c(NA, NA)",1.0033005169090665
1429,54,44.93774,-93.170609,2025-02-19T22:04:01Z,0.747411,Macalester Street,0.178635,0.006342,"c(NA, NA)",0.7684880526787649
1430,55,44.937683,-93.170608,2025-02-19T22:04:02Z,0.36611,Macalester Street,0.170091,0.053771,"c(NA, NA)",0.407257659009625
1431,56,44.937622,-93.170604,2025-02-19T22:04:03Z,0.013057,Macalester Street,0.128955,0.161205,"c(NA, NA)",0.2068500164346138
1432,57,44.937559,-93.170598,2025-02-19T22:04:04Z,-0.10776,Macalester Street,0.019868,-0.07974,"c(NA, NA)",0.13551908582926614
1433,58,44.937497,-93.170594,2025-02-19T22:04:05Z,-0.865899,Macalester Street,-0.21578,-6.25e-4,"c(NA, NA)",0.89238023130614
1434,59,44.937442,-93.170585,2025-02-19T22:04:06Z,-0.732884,Macalester Street,-0.220354,0.308656,"c(NA, NA)",0.8251929284161371
1435,60,44.937392,-93.170611,2025-02-19T22:04:07Z,-0.664882,Macalester Street,-0.281095,0.258147,"c(NA, NA)",0.7666305150188061
1436,61,44.937349,-93.170609,2025-02-19T22:04:08Z,-1.265345,Macalester Street,-0.320013,0.403333,"c(NA, NA)",1.3660833788912738
1437,62,44.937319,-93.170609,2025-02-19T22:04:09Z,-1.105108,Macalester Street,-0.422073,0.430936,"c(NA, NA)",1.2590135603276877
1438,63,44.937299,-93.170608,2025-02-19T22:04:10Z,-0.857577,Macalester Street,-0.079299,0.166737,"c(NA, NA)",0.8772273761682315
1439,64,44.937285,-93.170608,2025-02-19T22:04:11Z,0.367243,Macalester Street,0.033667,0.052552,"c(NA, NA)",0.3725085242541437
1440,65,44.937267,-93.170584,2025-02-19T22:04:12Z,0.702833,Macalester Street,-0.037616,0.128664,"c(NA, NA)",0.7155023509681853
1441,66,44.937241,-93.170561,2025-02-19T22:04:13Z,0.831795,Macalester Street,0.235577,-0.273827,"c(NA, NA)",0.9068410394788052
1442,67,44.937208,-93.170564,2025-02-19T22:04:14Z,0.95697,Macalester Street,0.204082,-0.171285,"c(NA, NA)",0.9933678044153635
1443,68,44.937164,-93.170566,2025-02-19T22:04:15Z,0.96969,Macalester Street,0.166673,-0.160586,"c(NA, NA)",0.9969285071784235
1444,69,44.937111,-93.170567,2025-02-19T22:04:16Z,0.85248,Macalester Street,0.150898,-0.177425,"c(NA, NA)",0.8837261948301635
1445,70,44.937049,-93.170569,2025-02-19T22:04:17Z,0.419511,Macalester Street,0.102556,-0.167104,"c(NA, NA)",0.4630669056119213
1446,71,44.936986,-93.170571,2025-02-19T22:04:18Z,-0.420941,Macalester Street,-0.131726,0.054451,"c(NA, NA)",0.44441869442902604
1447,72,44.93693,-93.17057,2025-02-19T22:04:19Z,-0.628074,Macalester Street,-0.153595,0.110937,"c(NA, NA)",0.656030023299239
1448,73,44.936878,-93.17057,2025-02-19T22:04:20Z,-1.498128,Macalester Street,-0.319314,0.156409,"c(NA, NA)",1.539744365231125
1449,74,44.936842,-93.170569,2025-02-19T22:04:21Z,-2.220029,Macalester Street,-0.503391,0.34909,"c(NA, NA)",2.3029969795512106
1450,75,44.936827,-93.170566,2025-02-19T22:04:22Z,-0.82374,Macalester Street,-0.113293,0.061737,"c(NA, NA)",0.833783154434053
1451,76,44.936817,-93.170567,2025-02-19T22:04:23Z,0.54846,Macalester Street,-0.008101,-0.054558,"c(NA, NA)",0.55122642640298
1452,77,44.936799,-93.170563,2025-02-19T22:04:24Z,0.927117,Macalester Street,0.245433,-0.297242,"c(NA, NA)",1.0040598068551494
1453,78,44.936772,-93.170558,2025-02-19T22:04:25Z,1.110009,Macalester Street,0.203727,-0.301612,"c(NA, NA)",1.1681585804821193
1454,79,44.936735,-93.17055,2025-02-19T22:04:26Z,0.92965,Macalester Street,0.214954,-0.418796,"c(NA, NA)",1.0420385953658338
1455,80,44.936689,-93.170533,2025-02-19T22:04:27Z,0.747834,Macalester Street,0.242938,-0.49447,"c(NA, NA)",0.9288569019499182
1456,81,44.93664,-93.170506,2025-02-19T22:04:28Z,0.086919,Macalester Street,0.07299,-0.718754,"c(NA, NA)",0.7276604738317178
1457,82,44.936594,-93.170463,2025-02-19T22:04:29Z,-0.397869,Macalester Street,-0.026639,-0.700478,"c(NA, NA)",0.8060265541320585
1458,83,44.936555,-93.170418,2025-02-19T22:04:30Z,-0.15845,Macalester Street,-0.034528,-0.402685,"c(NA, NA)",0.43411265186469744
1459,84,44.936519,-93.170363,2025-02-19T22:04:31Z,0.025241,Macalester Street,-0.138386,0.979968,"c(NA, NA)",0.9900126636063804
1460,85,44.93648,-93.170316,2025-02-19T22:04:32Z,-0.519221,Macalester Street,-0.343551,1.860082,"c(NA, NA)",1.96151033215887
1461,86,44.936436,-93.170308,2025-02-19T22:04:33Z,-1.674684,Macalester Street,-0.475299,1.216555,"c(NA, NA)",2.1237894686813945
1462,87,44.936412,-93.170307,2025-02-19T22:04:34Z,-1.096024,Macalester Street,-0.283451,0.334899,"c(NA, NA)",1.1805805428593172
1463,88,44.936395,-93.170309,2025-02-19T22:04:35Z,-0.15377,Macalester Street,-0.073505,0.105699,"c(NA, NA)",0.20055043387138308
1464,89,44.936379,-93.170308,2025-02-19T22:04:36Z,0.309221,Macalester Street,0.219768,-0.291706,"c(NA, NA)",0.4785477939568837
1465,90,44.936358,-93.170306,2025-02-19T22:04:37Z,1.003488,Macalester Street,0.107887,-0.235017,"c(NA, NA)",1.036272532301228
1466,91,44.936327,-93.170303,2025-02-19T22:04:38Z,0.864859,Macalester Street,0.190436,-0.236494,"c(NA, NA)",0.9166113527624454
1467,92,44.936288,-93.170299,2025-02-19T22:04:39Z,0.83626,Macalester Street,0.204462,-0.128619,"c(NA, NA)",0.8704472093154185
1468,93,44.936242,-93.170298,2025-02-19T22:04:40Z,0.748142,Macalester Street,0.107389,-0.064651,"c(NA, NA)",0.7585701030794715
1469,94,44.936189,-93.170298,2025-02-19T22:04:41Z,0.664545,Macalester Street,0.04928,-0.079061,"c(NA, NA)",0.6710433794815355
1470,95,44.936128,-93.170304,2025-02-19T22:04:42Z,0.405301,Macalester Street,0.143207,-0.273195,"c(NA, NA)",0.5093256850729208
1471,96,44.936063,-93.170311,2025-02-19T22:04:43Z,0.218241,Macalester Street,0.108337,-0.325548,"c(NA, NA)",0.40662948731492654
1472,97,44.935995,-93.170315,2025-02-19T22:04:44Z,0.027641,Macalester Street,-0.03721,-0.130044,"c(NA, NA)",0.1380581432476911
1473,98,44.935925,-93.170311,2025-02-19T22:04:45Z,0.113343,Macalester Street,-0.051795,0.001028,"c(NA, NA)",0.1246210835212084
1474,99,44.935849,-93.17031,2025-02-19T22:04:46Z,0.069955,Macalester Street,-0.007242,0.005772,"c(NA, NA)",0.07056532132003651
1475,100,44.935772,-93.170313,2025-02-19T22:04:47Z,-0.232625,Macalester Street,0.167315,0.051667,"c(NA, NA)",0.2911669259016209
1476,101,44.935693,-93.170313,2025-02-19T22:04:48Z,-0.310966,Macalester Street,-0.256809,-0.044778,"c(NA, NA)",0.4057779995527111
1477,102,44.935617,-93.170314,2025-02-19T22:04:49Z,-0.471481,Macalester Street,-0.060687,-0.04207,"c(NA, NA)",0.4772285932653239
1478,103,44.935541,-93.170314,2025-02-19T22:04:50Z,-0.35645,Macalester Street,-0.094775,-0.007622,"c(NA, NA)",0.36891326624153814
1479,104,44.935467,-93.170311,2025-02-19T22:04:51Z,-0.319756,Macalester Street,-0.124622,0.069321,"c(NA, NA)",0.3501141863178354
1480,105,44.935393,-93.170311,2025-02-19T22:04:52Z,-0.048695,Macalester Street,-0.045235,0.036483,"c(NA, NA)",0.07581831928366653
1481,106,44.935317,-93.170311,2025-02-19T22:04:53Z,0.039221,Macalester Street,-0.019027,-0.052196,"c(NA, NA)",0.068005411446443
1482,107,44.935239,-93.170314,2025-02-19T22:04:54Z,-0.240009,Macalester Street,-0.010849,0.032216,"c(NA, NA)",0.24240439669692462
1483,108,44.935164,-93.170311,2025-02-19T22:04:55Z,-0.459365,Macalester Street,-0.083576,-0.182365,"c(NA, NA)",0.501256565269723
1484,109,44.935091,-93.170309,2025-02-19T22:04:56Z,-0.436665,Macalester Street,-0.074555,0.151277,"c(NA, NA)",0.4681020198407608
1485,110,44.935022,-93.170305,2025-02-19T22:04:57Z,-1.5714920000000001,Macalester Street,-0.398362,0.327697,"c(NA, NA)",1.6539844959723777
1486,111,44.934973,-93.170306,2025-02-19T22:04:58Z,-2.445898,Macalester Street,-0.56772,0.45893,"c(NA, NA)",2.5525163603205367
1487,112,44.934946,-93.170305,2025-02-19T22:04:59Z,-1.215798,Macalester Street,-0.309889,0.22337,"c(NA, NA)",1.2743979464927742
1488,113,44.93493,-93.170305,2025-02-19T22:05:00Z,0.270703,Macalester Street,-0.208572,0.006312,"c(NA, NA)",0.3417926780037864
1489,114,44.934911,-93.170311,2025-02-19T22:05:01Z,0.136918,Macalester Street,0.194449,-0.071874,"c(NA, NA)",0.24844078610606593
1490,115,44.934888,-93.170311,2025-02-19T22:05:02Z,0.736541,Macalester Street,0.201881,-0.18353,"c(NA, NA)",0.7854500899115106
1491,116,44.934864,-93.170311,2025-02-19T22:05:03Z,1.059874,Macalester Street,0.234437,-0.17779,"c(NA, NA)",1.0999558568165362
1492,117,44.934829,-93.170311,2025-02-19T22:05:04Z,1.114374,Macalester Street,0.229655,-0.262374,"c(NA, NA)",1.167651894520366
1493,118,44.934788,-93.170311,2025-02-19T22:05:05Z,0.984544,Macalester Street,0.196469,-0.245713,"c(NA, NA)",1.0335868779478579
1494,119,44.934736,-93.170312,2025-02-19T22:05:06Z,0.912326,Macalester Street,0.214464,-0.243657,"c(NA, NA)",0.9683502833277842
1495,120,44.934678,-93.170313,2025-02-19T22:05:07Z,0.415192,Macalester Street,0.105801,-0.191463,"c(NA, NA)",0.4692934357456963
1496,121,44.934618,-93.170311,2025-02-19T22:05:08Z,-0.102161,Macalester Street,-0.020042,0.031384,"c(NA, NA)",0.10873595146500535
1497,122,44.934562,-93.170309,2025-02-19T22:05:09Z,-0.344839,Macalester Street,-0.139743,-0.004824,"c(NA, NA)",0.37210927554416057
1498,123,44.934512,-93.170308,2025-02-19T22:05:10Z,-0.925108,Macalester Street,-0.19689,0.133021,"c(NA, NA)",0.9551361527054664
1499,124,44.93447,-93.170309,2025-02-19T22:05:10Z,-1.051815,Macalester Street,-0.239002,0.206674,"c(NA, NA)",1.0982490120664803
1500,1,44.934647,-93.170323,2025-02-19T22:24:21Z,1.214193,Macalester Street,0.178754,0.662021,"c(NA, NA)",1.3944495108127795
1501,2,44.934656,-93.17033,2025-02-19T22:24:22Z,0.747432,Macalester Street,0.108046,0.312722,"c(NA, NA)",0.8173882688318936
1502,3,44.934677,-93.170333,2025-02-19T22:24:23Z,0.328633,Macalester Street,0.080006,-0.263567,"c(NA, NA)",0.4287985217022092
1503,4,44.934707,-93.170328,2025-02-19T22:24:24Z,0.154562,Macalester Street,0.054621,-0.117791,"c(NA, NA)",0.20186031102225124
1504,5,44.934743,-93.170326,2025-02-19T22:24:25Z,-0.533077,Macalester Street,-0.151727,0.114423,"c(NA, NA)",0.5659370931358008
1505,6,44.934781,-93.170325,2025-02-19T22:24:26Z,-0.572569,Macalester Street,-0.088831,0.101587,"c(NA, NA)",0.5882568528211124
1506,7,44.934818,-93.170319,2025-02-19T22:24:27Z,-0.762166,Macalester Street,-0.170158,0.056979,"c(NA, NA)",0.7830053403144834
1507,8,44.934852,-93.170318,2025-02-19T22:24:28Z,-1.270069,Macalester Street,-0.285527,0.265568,"c(NA, NA)",1.328580932843009
1508,9,44.934882,-93.170316,2025-02-19T22:24:29Z,-0.798092,Macalester Street,-0.160425,0.081396,"c(NA, NA)",0.8181151079799224
1509,10,44.934901,-93.170315,2025-02-19T22:24:30Z,0.272705,Macalester Street,-0.066191,0.065032,"c(NA, NA)",0.2880597620807182
1510,11,44.934916,-93.170314,2025-02-19T22:24:31Z,0.378899,Macalester Street,0.16085,-0.163044,"c(NA, NA)",0.4427420475141253
1511,12,44.934929,-93.170314,2025-02-19T22:24:32Z,1.006169,Macalester Street,0.12186,-0.122936,"c(NA, NA)",1.0209501340697302
1512,13,44.934948,-93.17032,2025-02-19T22:24:33Z,0.67707,Macalester Street,0.151902,-0.116933,"c(NA, NA)",0.7036841116530911
1513,14,44.934976,-93.170321,2025-02-19T22:24:34Z,0.522133,Macalester Street,0.056508,-0.074949,"c(NA, NA)",0.5305029466025613
1514,15,44.935012,-93.170325,2025-02-19T22:24:35Z,0.479025,Macalester Street,0.037813,-0.121836,"c(NA, NA)",0.4957204701139544
1515,16,44.935056,-93.170324,2025-02-19T22:24:36Z,0.32774,Macalester Street,0.086972,-0.041924,"c(NA, NA)",0.3416654184432483
1516,17,44.935138,-93.170314,2025-02-19T22:24:37Z,0.235565,Macalester Street,0.065556,-0.078845,"c(NA, NA)",0.2569143678076413
1517,18,44.935197,-93.170272,2025-02-19T22:24:38Z,0.166359,Macalester Street,0.030417,0.03902,"c(NA, NA)",0.17355999299953895
1518,19,44.935258,-93.170271,2025-02-19T22:24:39Z,0.221257,Macalester Street,0.046082,-0.083628,"c(NA, NA)",0.2409810224001052
1519,20,44.935328,-93.170288,2025-02-19T22:24:40Z,-0.363856,Macalester Street,-0.057938,0.12663,"c(NA, NA)",0.3895935798752336
1520,21,44.935401,-93.170282,2025-02-19T22:24:41Z,-0.560342,Macalester Street,-0.174629,0.117936,"c(NA, NA)",0.598654612193876
1521,22,44.93547,-93.170281,2025-02-19T22:24:42Z,-0.306982,Macalester Street,-0.110002,0.053234,"c(NA, NA)",0.3304122380965935
1522,23,44.935533,-93.170281,2025-02-19T22:24:43Z,-0.224853,Macalester Street,-0.060861,0.061553,"c(NA, NA)",0.24093921378430702
1523,24,44.935599,-93.170282,2025-02-19T22:24:44Z,-0.224953,Macalester Street,-0.050091,0.002355,"c(NA, NA)",0.23047452465511237
1524,25,44.935667,-93.170282,2025-02-19T22:24:45Z,-0.321502,Macalester Street,-0.063961,0.047676,"c(NA, NA)",0.3312514852811984
1525,26,44.935733,-93.170282,2025-02-19T22:24:46Z,-0.385356,Macalester Street,-0.164263,0.019121,"c(NA, NA)",0.4193413794821589
1526,27,44.935796,-93.170283,2025-02-19T22:24:47Z,-0.296154,Macalester Street,0.04203,0.144894,"c(NA, NA)",0.33236724244726645
1527,28,44.935857,-93.170283,2025-02-19T22:24:48Z,-0.013669,Macalester Street,-0.048115,-0.046799,"c(NA, NA)",0.0684984758005607
1528,29,44.93592,-93.170285,2025-02-19T22:24:49Z,-0.188475,Macalester Street,-0.113272,0.062007,"c(NA, NA)",0.22846934073962746
1529,30,44.935985,-93.170285,2025-02-19T22:24:50Z,-0.0175,Macalester Street,-0.031562,0.036365,"c(NA, NA)",0.051233027130943576
1530,31,44.936048,-93.170285,2025-02-19T22:24:51Z,-0.232322,Macalester Street,-0.052238,0.140827,"c(NA, NA)",0.2766488103299922
1531,32,44.936113,-93.170285,2025-02-19T22:24:52Z,-0.342244,Macalester Street,-0.060596,0.071693,"c(NA, NA)",0.35488408952924333
1532,33,44.936172,-93.170285,2025-02-19T22:24:53Z,-0.37466699999999997,Macalester Street,-0.061833,0.068096,"c(NA, NA)",0.3857923612437136
1533,34,44.93623,-93.170285,2025-02-19T22:24:54Z,-0.732589,Macalester Street,-0.22416,0.112314,"c(NA, NA)",0.7743053552165322
1534,35,44.936285,-93.170276,2025-02-19T22:24:55Z,-0.956634,Macalester Street,-0.252382,0.205576,"c(NA, NA)",1.0104982808773104
1535,36,44.93633,-93.170278,2025-02-19T22:24:56Z,-1.279095,Macalester Street,-0.228505,0.271521,"c(NA, NA)",1.3274118454688433
1536,37,44.936366,-93.17028,2025-02-19T22:24:57Z,-1.061,Macalester Street,-0.247419,0.229703,"c(NA, NA)",1.1134184432503351
1537,38,44.936387,-93.170281,2025-02-19T22:24:58Z,0.147523,Macalester Street,0.050481,-0.026562,"c(NA, NA)",0.15816733775972838
1538,39,44.9364,-93.170283,2025-02-19T22:24:59Z,0.486904,Macalester Street,-0.051397,-0.101836,"c(NA, NA)",0.5000877200261971
1539,40,44.936414,-93.170286,2025-02-19T22:25:00Z,1.061836,Macalester Street,0.12987,-0.306997,"c(NA, NA)",1.1129281494350838
1540,41,44.936437,-93.170287,2025-02-19T22:25:01Z,1.037871,Macalester Street,0.444994,-0.691538,"c(NA, NA)",1.3241679191556486
1541,42,44.93647,-93.170289,2025-02-19T22:25:02Z,0.739699,Macalester Street,0.160378,-1.110327,"c(NA, NA)",1.3437640270575784
1542,43,44.936511,-93.170298,2025-02-19T22:25:03Z,0.250897,Macalester Street,0.200256,-1.580663,"c(NA, NA)",1.612931272470715
1543,44,44.936559,-93.170309,2025-02-19T22:25:05Z,0.203068,Macalester Street,-0.018876,-0.378517,"c(NA, NA)",0.4299628301248842
1544,45,44.936591,-93.170397,2025-02-19T22:25:06Z,0.504638,Macalester Street,-0.024999,1.055198,"c(NA, NA)",1.169926185812165
1545,46,44.936631,-93.170453,2025-02-19T22:25:07Z,0.420224,Macalester Street,-0.024102,1.180838,"c(NA, NA)",1.2536137757794463
1546,47,44.936683,-93.1705,2025-02-19T22:25:08Z,-0.285995,Macalester Street,-0.167186,1.327635,"c(NA, NA)",1.3683416941122564
1547,48,44.936741,-93.170533,2025-02-19T22:25:09Z,-1.491575,Macalester Street,-0.381644,1.224258,"c(NA, NA)",1.9670423925083569
1548,49,44.936792,-93.17055,2025-02-19T22:25:10Z,-1.761697,Macalester Street,-0.448716,0.793262,"c(NA, NA)",1.9834785023057346
1549,50,44.936827,-93.170554,2025-02-19T22:25:11Z,-0.429407,Macalester Street,-0.377281,-0.12297,"c(NA, NA)",0.5846819182341797
1550,51,44.936847,-93.170558,2025-02-19T22:25:12Z,0.20848,Macalester Street,0.234892,0.218686,"c(NA, NA)",0.3827031861116392
1551,52,44.936867,-93.170558,2025-02-19T22:25:13Z,1.507688,Macalester Street,0.316296,-0.237668,"c(NA, NA)",1.5587342118475491
1552,53,44.936895,-93.170536,2025-02-19T22:25:14Z,1.449541,Macalester Street,0.263287,-0.330198,"c(NA, NA)",1.509807893161908
1553,54,44.936941,-93.170535,2025-02-19T22:25:15Z,0.696386,Macalester Street,0.131258,-0.158234,"c(NA, NA)",0.7260992510091165
1554,55,44.936995,-93.170552,2025-02-19T22:25:16Z,0.114287,Macalester Street,-0.005926,-0.061737,"c(NA, NA)",0.1300311232513201
1555,56,44.937057,-93.170554,2025-02-19T22:25:17Z,-0.493073,Macalester Street,-0.141778,0.013346,"c(NA, NA)",0.5132251945579055
1556,57,44.937116,-93.170545,2025-02-19T22:25:18Z,-0.523386,Macalester Street,-0.121464,0.122098,"c(NA, NA)",0.5509939472408023
1557,58,44.937167,-93.170546,2025-02-19T22:25:19Z,-0.579753,Macalester Street,-0.119347,-0.104682,"c(NA, NA)",0.6010953073698047
1558,59,44.937214,-93.170545,2025-02-19T22:25:20Z,-0.836648,Macalester Street,-0.211445,0.053965,"c(NA, NA)",0.8646392803672523
1559,60,44.937254,-93.170546,2025-02-19T22:25:21Z,-1.299394,Macalester Street,-0.289744,0.245892,"c(NA, NA)",1.3538239281516633
1560,61,44.937284,-93.170548,2025-02-19T22:25:22Z,-0.261003,Macalester Street,-0.226377,-0.088484,"c(NA, NA)",0.3566490297112835
1561,62,44.937305,-93.170551,2025-02-19T22:25:23Z,0.028729,Macalester Street,0.179062,-0.072048,"c(NA, NA)",0.19513961563198798
1562,63,44.937322,-93.170556,2025-02-19T22:25:24Z,0.925744,Macalester Street,0.185536,-0.290968,"c(NA, NA)",0.9879716280622638
1563,64,44.937346,-93.17056,2025-02-19T22:25:25Z,1.342817,Macalester Street,-0.045282,-0.494474,"c(NA, NA)",1.4316817005497415
1564,65,44.937389,-93.170553,2025-02-19T22:25:26Z,1.165379,Macalester Street,0.336806,-0.098148,"c(NA, NA)",1.2170371913713236
1565,66,44.937443,-93.17056,2025-02-19T22:25:27Z,0.976471,Macalester Street,0.24083,0.143102,"c(NA, NA)",1.0158606622686992
1566,67,44.937499,-93.170573,2025-02-19T22:25:28Z,0.673463,Macalester Street,-0.10208,0.105875,"c(NA, NA)",0.6893346461581632
1567,68,44.937563,-93.170583,2025-02-19T22:25:29Z,0.126195,Macalester Street,-0.061707,0.039709,"c(NA, NA)",0.14597854826994272
1568,69,44.93763,-93.170583,2025-02-19T22:25:30Z,0.159857,Macalester Street,0.119544,0.02155,"c(NA, NA)",0.20077208691698156
1569,70,44.937698,-93.170582,2025-02-19T22:25:31Z,-0.419608,Macalester Street,0.212593,0.028988,"c(NA, NA)",0.4712822524315975
1570,71,44.937766,-93.170581,2025-02-19T22:25:32Z,-1.261711,Macalester Street,-0.260385,0.180979,"c(NA, NA)",1.300949035968358
1571,72,44.937828,-93.170581,2025-02-19T22:25:33Z,-2.301728,Macalester Street,-0.446755,0.420438,"c(NA, NA)",2.3820810078276096
1572,73,44.937868,-93.170581,2025-02-19T22:25:34Z,-1.290496,Macalester Street,-0.292216,0.242993,"c(NA, NA)",1.345293913879417
1573,74,44.937892,-93.170583,2025-02-19T22:25:35Z,0.02929,Macalester Street,-0.276394,0.034797,"c(NA, NA)",0.28011136811097115
1574,75,44.937911,-93.17058,2025-02-19T22:25:36Z,-0.008327,Macalester Street,0.265513,0.037435,"c(NA, NA)",0.26826828236487443
1575,76,44.937931,-93.170581,2025-02-19T22:25:37Z,0.965779,Macalester Street,0.100021,-0.234118,"c(NA, NA)",0.9987715030005613
1576,77,44.937953,-93.17058,2025-02-19T22:25:38Z,0.789579,Macalester Street,0.13645,-0.178615,"c(NA, NA)",0.8209487913177045
1577,78,44.937988,-93.170581,2025-02-19T22:25:39Z,0.680806,Macalester Street,0.115803,-0.113947,"c(NA, NA)",0.699922183713304
1578,79,44.938021,-93.170579,2025-02-19T22:25:40Z,0.769331,Macalester Street,0.100272,-0.161892,"c(NA, NA)",0.7925488509921643
1579,80,44.938061,-93.170581,2025-02-19T22:25:41Z,0.695747,Macalester Street,0.152996,0.019755,"c(NA, NA)",0.712644318050737
1580,81,44.93811,-93.170581,2025-02-19T22:25:42Z,0.245017,Macalester Street,0.07122,0.27467,"c(NA, NA)",0.37489895650561633
1581,82,44.938162,-93.170581,2025-02-19T22:25:43Z,-0.252068,Macalester Street,0.030091,0.672378,"c(NA, NA)",0.7187043340546933
1582,83,44.938209,-93.170548,2025-02-19T22:25:44Z,-0.233305,Macalester Street,-0.227395,1.077413,"c(NA, NA)",1.1255925024710318
1583,84,44.938252,-93.170554,2025-02-19T22:25:45Z,-0.151592,Macalester Street,-0.168583,1.742773,"c(NA, NA)",1.7574578492476
1584,85,44.938288,-93.170512,2025-02-19T22:25:46Z,0.004089,Macalester Street,-0.215944,1.436047,"c(NA, NA)",1.4521981673538913
1585,86,44.938313,-93.170505,2025-02-19T22:25:47Z,0.200311,Macalester Street,-0.150538,1.083973,"c(NA, NA)",1.1125572573553237
1586,87,44.938283,-93.170393,2025-02-19T22:25:48Z,0.220254,Macalester Street,0.132688,-0.013286,"c(NA, NA)",0.25747708180729406
1587,88,44.938284,-93.170322,2025-02-19T22:25:49Z,-0.080867,Macalester Street,-0.015793,-0.120736,"c(NA, NA)",0.14617137966784058
1588,89,44.938284,-93.170244,2025-02-19T22:25:50Z,-0.296377,Macalester Street,-0.090944,-0.29797,"c(NA, NA)",0.4299956490070568
1589,90,44.938284,-93.170168,2025-02-19T22:25:51Z,-0.372318,Macalester Street,-0.020237,-0.213838,"c(NA, NA)",0.42983359517027053
1590,91,44.938284,-93.170087,2025-02-19T22:25:52Z,-0.548739,Macalester Street,-0.065959,-0.195637,"c(NA, NA)",0.5862925170689116
1591,92,44.938299,-93.170007,2025-02-19T22:25:53Z,-0.598544,Macalester Street,-0.167713,-0.192251,"c(NA, NA)",0.6506481516964449
1592,93,44.938294,-93.169932,2025-02-19T22:25:54Z,-0.507574,Macalester Street,0.031381,-0.209013,"c(NA, NA)",0.5498204859824705
1593,94,44.938296,-93.169857,2025-02-19T22:25:55Z,-0.364396,Macalester Street,0.031924,-0.251843,"c(NA, NA)",0.4441041355819601
1594,95,44.938299,-93.169782,2025-02-19T22:25:56Z,-0.616601,Macalester Street,-0.120148,-1.320954,"c(NA, NA)",1.4627206859892972
1595,96,44.938302,-93.169709,2025-02-19T22:25:57Z,-0.762807,Macalester Street,-0.127099,-2.516155,"c(NA, NA)",2.6323116569044402
1596,97,44.938296,-93.169619,2025-02-19T22:25:58Z,-0.63654,Macalester Street,0.166886,-2.658482,"c(NA, NA)",2.738715146363345
1597,98,44.938309,-93.169556,2025-02-19T22:25:59Z,-0.055951,Macalester Street,0.235496,-2.017014,"c(NA, NA)",2.031485751023866
1598,99,44.938439,-93.169565,2025-02-19T22:26:00Z,0.178919,Macalester Street,-0.013894,-0.684226,"c(NA, NA)",0.7073685537773078
1599,100,44.938505,-93.169553,2025-02-19T22:26:01Z,0.035703,Macalester Street,0.005318,-0.550738,"c(NA, NA)",0.5519196771061889
1600,101,44.938574,-93.169547,2025-02-19T22:26:02Z,0.101632,Macalester Street,0.079102,0.10045,"c(NA, NA)",0.16332909210547888
1601,102,44.938649,-93.169551,2025-02-19T22:26:03Z,-0.074106,Macalester Street,-0.003453,0.383415,"c(NA, NA)",0.39052616387381783
1602,103,44.938728,-93.169553,2025-02-19T22:26:04Z,-0.288893,Macalester Street,-0.075052,0.286906,"c(NA, NA)",0.41401331015922666
1603,104,44.938808,-93.16956,2025-02-19T22:26:05Z,-0.213536,Macalester Street,-0.132079,0.394348,"c(NA, NA)",0.4674963429172468
1604,105,44.938891,-93.169558,2025-02-19T22:26:06Z,-0.39622,Macalester Street,-0.149177,0.422886,"c(NA, NA)",0.5983950490478677
1605,106,44.938973,-93.169558,2025-02-19T22:26:07Z,-0.40601,Macalester Street,-0.140957,0.287265,"c(NA, NA)",0.5169469761726051
1606,107,44.939054,-93.169558,2025-02-19T22:26:08Z,-0.484551,Macalester Street,-0.137577,0.222425,"c(NA, NA)",0.5506269001374706
1607,108,44.939133,-93.169553,2025-02-19T22:26:09Z,-0.445983,Macalester Street,-0.14252,0.411768,"c(NA, NA)",0.6235107637507151
1608,109,44.939212,-93.169555,2025-02-19T22:26:10Z,-0.38848,Macalester Street,-0.125693,0.294331,"c(NA, NA)",0.5033350556140512
1609,110,44.939286,-93.169564,2025-02-19T22:26:11Z,-0.238492,Macalester Street,-0.033608,0.334407,"c(NA, NA)",0.41211160306038463
1610,111,44.939363,-93.169568,2025-02-19T22:26:12Z,-0.026831,Macalester Street,-0.102656,0.099956,"c(NA, NA)",0.1457715981698767
1611,112,44.939437,-93.169568,2025-02-19T22:26:13Z,-0.070675,Macalester Street,0.025269,0.192649,"c(NA, NA)",0.20675375495260054
1612,113,44.939515,-93.169567,2025-02-19T22:26:14Z,-0.326968,Macalester Street,-0.089585,0.217643,"c(NA, NA)",0.40286724947307395
1613,114,44.939595,-93.169563,2025-02-19T22:26:15Z,-0.626168,Macalester Street,-0.186446,0.220062,"c(NA, NA)",0.6894024651711074
1614,115,44.939673,-93.16956,2025-02-19T22:26:16Z,-0.842694,Macalester Street,-0.227306,0.265929,"c(NA, NA)",0.9124250261325586
1615,116,44.939742,-93.169558,2025-02-19T22:26:17Z,-0.896106,Macalester Street,-0.200737,0.223728,"c(NA, NA)",0.9451748644504888
1616,117,44.939804,-93.169557,2025-02-19T22:26:18Z,-0.982603,Macalester Street,-0.186404,0.285671,"c(NA, NA)",1.040126447633171
1617,118,44.939857,-93.169556,2025-02-19T22:26:19Z,-0.928653,Macalester Street,-0.281388,0.304098,"c(NA, NA)",1.0168830781151783
1618,119,44.939901,-93.169555,2025-02-19T22:26:20Z,-0.818093,Macalester Street,-0.14051,0.214845,"c(NA, NA)",0.8574249767612324
1619,120,44.939929,-93.16956,2025-02-19T22:26:21Z,-0.940623,Macalester Street,-0.220654,0.236474,"c(NA, NA)",0.994675710229721
1620,121,44.939951,-93.169563,2025-02-19T22:26:22Z,-0.693561,Macalester Street,-0.138292,0.161346,"c(NA, NA)",0.7253854628409643
1621,122,44.939962,-93.169565,2025-02-19T22:26:23Z,0.122457,Macalester Street,0.012408,0.054559,"c(NA, NA)",0.13463417023178031
1622,123,44.939968,-93.169567,2025-02-19T22:26:24Z,0.68921,Macalester Street,0.122858,-0.095341,"c(NA, NA)",0.706536919449366
1623,124,44.939977,-93.169568,2025-02-19T22:26:25Z,1.80309,Macalester Street,0.420138,-0.316912,"c(NA, NA)",1.8783191163612216
1624,125,44.939995,-93.169569,2025-02-19T22:26:26Z,1.567979,Macalester Street,0.29739,-0.236349,"c(NA, NA)",1.6133380942449724
1625,126,44.940029,-93.169569,2025-02-19T22:26:27Z,1.314113,Macalester Street,0.127794,-0.249202,"c(NA, NA)",1.343624173647155
1626,127,44.940075,-93.169569,2025-02-19T22:26:28Z,0.848133,Macalester Street,-0.05038,-0.258527,"c(NA, NA)",0.888090051637783
1627,128,44.940129,-93.169571,2025-02-19T22:26:29Z,0.652036,Macalester Street,0.052548,-0.133924,"c(NA, NA)",0.6677184102419222
1628,129,44.940189,-93.169573,2025-02-19T22:26:30Z,0.508738,Macalester Street,0.247547,-0.029132,"c(NA, NA)",0.566517910817478
1629,130,44.940256,-93.16955,2025-02-19T22:26:31Z,0.370583,Macalester Street,0.121382,0.091638,"c(NA, NA)",0.4005781732159155
1630,131,44.940325,-93.169549,2025-02-19T22:26:32Z,0.100576,Macalester Street,-0.060053,0.055372,"c(NA, NA)",0.129568333202986
1631,132,44.940399,-93.169548,2025-02-19T22:26:33Z,-0.20964,Macalester Street,-0.098228,0.079154,"c(NA, NA)",0.24466921608571848
1632,133,44.94047,-93.169547,2025-02-19T22:26:34Z,-0.328817,Macalester Street,-0.034521,0.13624,"c(NA, NA)",0.35759426243998943
1633,134,44.940542,-93.169546,2025-02-19T22:26:35Z,0.014617,Macalester Street,-0.057271,0.058524,"c(NA, NA)",0.08317861928404438
1634,135,44.940614,-93.169546,2025-02-19T22:26:36Z,-0.001605,Macalester Street,0.012492,0.147708,"c(NA, NA)",0.14824398589150253
1635,136,44.940688,-93.169546,2025-02-19T22:26:37Z,-0.207642,Macalester Street,-0.069283,0.092784,"c(NA, NA)",0.23774819643690254
1636,137,44.940762,-93.169545,2025-02-19T22:26:38Z,-0.347548,Macalester Street,0.011968,0.16659,"c(NA, NA)",0.38559703503528137
1637,138,44.940839,-93.169545,2025-02-19T22:26:39Z,-0.275571,Macalester Street,-0.226051,-0.073773,"c(NA, NA)",0.36397923865380016
1638,139,44.940908,-93.169546,2025-02-19T22:26:40Z,-0.38004,Macalester Street,-0.162608,0.017582,"c(NA, NA)",0.4137401237346941
1639,140,44.94098,-93.169568,2025-02-19T22:26:41Z,-0.86684,Macalester Street,-0.160979,0.234716,"c(NA, NA)",0.9123691274352723
1640,141,44.941047,-93.169561,2025-02-19T22:26:42Z,-0.377281,Macalester Street,-0.156059,0.141942,"c(NA, NA)",0.4322532773802878
1641,142,44.941108,-93.16956,2025-02-19T22:26:43Z,-0.167608,Macalester Street,-0.057573,0.118162,"c(NA, NA)",0.21300082215099547
1642,143,44.941164,-93.169563,2025-02-19T22:26:44Z,-0.154763,Macalester Street,-0.030649,0.221783,"c(NA, NA)",0.2721739268537675
1643,144,44.941218,-93.169542,2025-02-19T22:26:45Z,-0.509142,Macalester Street,-0.095483,0.159528,"c(NA, NA)",0.5420256103146788
1644,145,44.94127,-93.169539,2025-02-19T22:26:46Z,-0.772026,Macalester Street,-0.243082,0.063638,"c(NA, NA)",0.8118884150201923
1645,146,44.941314,-93.169538,2025-02-19T22:26:47Z,-0.785268,Macalester Street,-0.096385,0.108961,"c(NA, NA)",0.7986290750842971
1646,147,44.94135,-93.169533,2025-02-19T22:26:48Z,-1.169061,Macalester Street,-0.264827,0.252781,"c(NA, NA)",1.2250449769747231
1647,148,44.941384,-93.169552,2025-02-19T22:26:49Z,0.346448,Macalester Street,0.064996,-0.017585,"c(NA, NA)",0.35293048741218147
1648,149,44.941404,-93.16955,2025-02-19T22:26:50Z,1.730818,Macalester Street,0.266615,0.842939,"c(NA, NA)",1.9435433272942488
1649,150,44.941433,-93.169547,2025-02-19T22:26:51Z,0.95587,Macalester Street,0.015386,1.646446,"c(NA, NA)",1.9038667539541732
1650,151,44.941468,-93.169526,2025-02-19T22:26:52Z,0.70266,Macalester Street,0.070033,1.946165,"c(NA, NA)",2.070312513586777
