ID,seconds_elapsed,location_latitude,location_longitude,location_local_time,accelerometer_z,street_name,accelerometer_y_new,accelerometer_x_new,L2_norm,base_street,line_count,color
1,1,44.940123,-93.167091,2025-03-07T01:00:36Z,-0.40926,Grand Avenue West,-0.21794,0.128063,0.4810319357059363,Grand Avenue,2,#990000
2,2,44.940123,-93.167271,2025-03-07T01:00:37Z,-0.597016,Grand Avenue West,-0.175899,0.091862,0.6291320922516987,Grand Avenue,2,#990000
3,3,44.940125,-93.167384,2025-03-07T01:00:38Z,-0.841842,Grand Avenue West,-0.234667,0.259031,0.9115172037948598,Grand Avenue,2,#990000
4,4,44.940126,-93.167479,2025-03-07T01:00:39Z,-0.328811,Grand Avenue West,-0.186975,0.062288,0.3833485610902955,Grand Avenue,2,#990000
5,5,44.940126,-93.167587,2025-03-07T01:00:40Z,-0.282477,Grand Avenue West,-0.051993,0.122002,0.3120593142048479,Grand Avenue,2,#990000
6,6,44.940122,-93.167689,2025-03-07T01:00:42Z,-0.175484,Grand Avenue West,-0.158626,0.094251,0.2546371794004167,Grand Avenue,2,#990000
7,7,44.940125,-93.167789,2025-03-07T01:00:43Z,-0.118729,Grand Avenue West,-0.019327,0.085849,0.14778416414149387,Grand Avenue,2,#990000
8,8,44.940129,-93.167888,2025-03-07T01:00:44Z,-0.13975,Grand Avenue West,-0.011146,-0.009247,0.14049840862088084,Grand Avenue,2,#990000
9,9,44.940126,-93.167991,2025-03-07T01:00:45Z,-0.131607,Grand Avenue West,-0.049564,0.037833,0.1456307949370599,Grand Avenue,2,#990000
10,10,44.940129,-93.168094,2025-03-07T01:00:46Z,-0.065338,Grand Avenue West,-0.108202,0.055433,0.13802008744019836,Grand Avenue,2,#990000
11,11,44.940128,-93.168198,2025-03-07T01:00:47Z,-0.121171,Grand Avenue West,-0.047671,-0.039696,0.13612754276045683,Grand Avenue,2,#990000
12,12,44.940127,-93.168301,2025-03-07T01:00:48Z,-0.111953,Grand Avenue West,-0.087537,0.105627,0.17706852827930772,Grand Avenue,2,#990000
13,13,44.940124,-93.168405,2025-03-07T01:00:49Z,-0.142535,Grand Avenue West,-0.064498,0.041206,0.16178427817621835,Grand Avenue,2,#990000
14,14,44.940126,-93.168507,2025-03-07T01:00:50Z,-0.216361,Grand Avenue West,-0.075192,0.055419,0.23566328680131746,Grand Avenue,2,#990000
15,15,44.94013,-93.168611,2025-03-07T01:00:51Z,-0.054062,Grand Avenue West,-0.061786,0.080873,0.11524171019643886,Grand Avenue,2,#990000
16,16,44.940129,-93.16871,2025-03-07T01:00:52Z,-0.077755,Grand Avenue West,0.032392,-0.014782,0.08551952533193809,Grand Avenue,2,#990000
17,17,44.940129,-93.168804,2025-03-07T01:00:53Z,-0.136509,Grand Avenue West,-0.105695,0.023443,0.1742289136595875,Grand Avenue,2,#990000
18,18,44.940117,-93.168902,2025-03-07T01:00:54Z,-0.270346,Grand Avenue West,-0.08704,0.086822,0.29698649969316787,Grand Avenue,2,#990000
19,19,44.940133,-93.169009,2025-03-07T01:00:55Z,-0.48505,Grand Avenue West,-0.132895,0.164514,0.5291497327987609,Grand Avenue,2,#990000
20,20,44.940131,-93.169103,2025-03-07T01:00:56Z,-0.195692,Grand Avenue West,-0.071103,0.072916,0.22060765745775918,Grand Avenue,2,#990000
21,21,44.940134,-93.169185,2025-03-07T01:00:57Z,-0.125823,Grand Avenue West,-0.041836,-0.104958,0.16910901805935719,Grand Avenue,2,#990000
22,22,44.940129,-93.169267,2025-03-07T01:00:58Z,0.024216,Grand Avenue West,-0.007637,0.103254,0.10633027292826817,Grand Avenue,2,#990000
23,23,44.940124,-93.169357,2025-03-07T01:00:59Z,-0.466792,Grand Avenue West,-0.156639,0.161743,0.5182579913845998,Grand Avenue,2,#990000
24,24,44.940125,-93.169455,2025-03-07T01:01:00Z,-1.83158,Grand Avenue West,-0.421296,0.413382,1.9243337272780936,Grand Avenue,2,#990000
25,25,44.940126,-93.169533,2025-03-07T01:01:01Z,-0.677391,Grand Avenue West,-0.150355,0.131856,0.706293988111183,Grand Avenue,2,#990000
26,26,44.940118,-93.169549,2025-03-07T01:01:01Z,0.55550600000000006,Grand Avenue West,0.102025,-0.081964,0.5707136882509478,Grand Avenue,2,#990000
27,27,44.940118,-93.169576,2025-03-07T01:01:02Z,0.462761,Grand Avenue West,0.074036,-0.109577,0.4812859766770688,Grand Avenue,2,#990000
28,28,44.940113,-93.169627,2025-03-07T01:01:03Z,0.26753,Grand Avenue West,0.12819,-0.001863,0.29666217785386795,Grand Avenue,2,#990000
29,29,44.940105,-93.169701,2025-03-07T01:01:04Z,1.498923,Grand Avenue West,0.127408,-0.295313,1.5330403537943806,Grand Avenue,2,#990000
30,30,44.94011,-93.169762,2025-03-07T01:01:05Z,1.173001,Grand Avenue West,0.312397,-0.125758,1.220384491123187,Grand Avenue,2,#990000
31,31,44.94011,-93.169833,2025-03-07T01:01:06Z,0.85475,Grand Avenue West,0.201963,-0.095998,0.8835169675071328,Grand Avenue,2,#990000
32,32,44.940108,-93.16994,2025-03-07T01:01:07Z,0.606828,Grand Avenue West,0.160904,-0.075969,0.6323777413548014,Grand Avenue,2,#990000
33,33,44.940107,-93.17004,2025-03-07T01:01:08Z,-0.015226,Grand Avenue West,-0.048755,0.017119,0.05386966922118606,Grand Avenue,2,#990000
34,34,44.940107,-93.17014,2025-03-07T01:01:09Z,0.207344,Grand Avenue West,0.056831,-0.043202,0.21928910073462385,Grand Avenue,2,#990000
35,35,44.940094,-93.170229,2025-03-07T01:01:10Z,0.182241,Grand Avenue West,0.021014,-0.028022,0.1855764068005413,Grand Avenue,2,#990000
36,36,44.940109,-93.17035,2025-03-07T01:01:11Z,0.09995,Grand Avenue West,-0.009844,-0.008772,0.10081594526660949,Grand Avenue,2,#990000
37,37,44.940108,-93.170458,2025-03-07T01:01:12Z,-0.001423,Grand Avenue West,-0.01805,0.064677,0.0671635448587997,Grand Avenue,2,#990000
38,38,44.940107,-93.170566,2025-03-07T01:01:13Z,-0.238301,Grand Avenue West,-0.136264,0.093828,0.2901015992389563,Grand Avenue,2,#990000
39,39,44.940108,-93.170673,2025-03-07T01:01:14Z,0.00149,Grand Avenue West,0.024389,-0.046484,0.05251481388141826,Grand Avenue,2,#990000
40,40,44.940107,-93.170784,2025-03-07T01:01:15Z,0.233845,Grand Avenue West,-0.022847,0.03472,0.2375098899709231,Grand Avenue,2,#990000
41,41,44.940108,-93.170899,2025-03-07T01:01:16Z,0.072705,Grand Avenue West,0.014219,-0.115162,0.13693240387139927,Grand Avenue,2,#990000
42,42,44.940107,-93.171017,2025-03-07T01:01:17Z,0.37375,Grand Avenue West,0.147151,-0.004791,0.4017031652626103,Grand Avenue,2,#990000
43,43,44.940108,-93.171142,2025-03-07T01:01:18Z,0.472257,Grand Avenue West,-0.013508,-0.009286,0.4725413949158317,Grand Avenue,2,#990000
44,44,44.940106,-93.171278,2025-03-07T01:01:19Z,0.14116,Grand Avenue West,0.038429,-0.087385,0.17040854399354513,Grand Avenue,2,#990000
45,45,44.940107,-93.171413,2025-03-07T01:01:20Z,-0.062561,Grand Avenue West,-0.114065,0.118223,0.17578788546142765,Grand Avenue,2,#990000
46,46,44.940108,-93.171551,2025-03-07T01:01:21Z,-0.197222,Grand Avenue West,0.003004,0.017009,0.19797688597662103,Grand Avenue,2,#990000
47,47,44.940108,-93.17169,2025-03-07T01:01:22Z,-0.389345,Grand Avenue West,-0.099159,0.14469,0.42703305774377703,Grand Avenue,2,#990000
48,48,44.940107,-93.171822,2025-03-07T01:01:23Z,-0.432901,Grand Avenue West,-0.062551,0.055149,0.4408597459544248,Grand Avenue,2,#990000
49,49,44.940107,-93.171954,2025-03-07T01:01:24Z,-0.323542,Grand Avenue West,-0.175823,0.070694,0.374954390198328,Grand Avenue,2,#990000
50,50,44.940105,-93.17208,2025-03-07T01:01:25Z,-0.407899,Grand Avenue West,-0.108323,0.142924,0.4455813464520255,Grand Avenue,2,#990000
51,51,44.940107,-93.172208,2025-03-07T01:01:26Z,-0.271431,Grand Avenue West,-0.066467,0.16926,0.3267133260979723,Grand Avenue,2,#990000
52,52,44.940107,-93.17233,2025-03-07T01:01:27Z,-0.375731,Grand Avenue West,-0.113977,0.068702,0.398603193281238,Grand Avenue,2,#990000
53,53,44.940105,-93.17245,2025-03-07T01:01:28Z,-0.165232,Grand Avenue West,-0.007948,0.029183,0.16797747473098884,Grand Avenue,2,#990000
54,54,44.940107,-93.172571,2025-03-07T01:01:29Z,0.103996,Grand Avenue West,-0.112039,-0.04767,0.16012599550666343,Grand Avenue,2,#990000
55,55,44.940107,-93.172687,2025-03-07T01:01:30Z,0.128898,Grand Avenue West,0.010917,0.032333,0.13333903472726957,Grand Avenue,2,#990000
56,56,44.940108,-93.172818,2025-03-07T01:01:31Z,0.036411,Grand Avenue West,0.031612,0.060745,0.07755665342186961,Grand Avenue,2,#990000
57,57,44.940109,-93.172939,2025-03-07T01:01:32Z,0.174791,Grand Avenue West,-0.016569,0.018402,0.17653628252005307,Grand Avenue,2,#990000
58,58,44.940111,-93.17307,2025-03-07T01:01:33Z,0.050573,Grand Avenue West,-0.013878,-0.030412,0.06062274290231349,Grand Avenue,2,#990000
59,59,44.94011,-93.173198,2025-03-07T01:01:34Z,0.011525,Grand Avenue West,-0.005434,0.015001,0.019682072604276207,Grand Avenue,2,#990000
60,60,44.940112,-93.173329,2025-03-07T01:01:35Z,-0.008248,Grand Avenue West,-0.090997,0.075367,0.11844267897172876,Grand Avenue,2,#990000
61,61,44.940112,-93.173459,2025-03-07T01:01:36Z,-0.207373,Grand Avenue West,0.015179,0.041234,0.2119768995103004,Grand Avenue,2,#990000
62,62,44.940114,-93.173586,2025-03-07T01:01:37Z,-1.861612,Grand Avenue West,-0.564375,0.45105,1.9968887003709046,Grand Avenue,2,#990000
63,63,44.940115,-93.173678,2025-03-07T01:01:38Z,-2.589613,Grand Avenue West,-0.62366,0.59454,2.729198618087185,Grand Avenue,2,#990000
64,64,44.94012,-93.173732,2025-03-07T01:01:39Z,-1.981477,Grand Avenue West,-0.550604,0.450778,2.10537803532501,Grand Avenue,2,#990000
65,65,44.94012,-93.173758,2025-03-07T01:01:40Z,-1.284949,Grand Avenue West,-0.310125,0.257087,1.3466124809294615,Grand Avenue,2,#990000
66,66,44.940119,-93.173767,2025-03-07T01:01:41Z,-0.371025,Grand Avenue West,-0.095274,0.101239,0.3962146145992093,Grand Avenue,2,#990000
67,67,44.940119,-93.173768,2025-03-07T01:01:42Z,0.222534,Grand Avenue West,0.056251,-0.027242,0.23114428982996746,Grand Avenue,2,#990000
68,68,44.940118,-93.173765,2025-03-07T01:01:43Z,0.614659,Grand Avenue West,0.151477,-0.106798,0.6419943774006124,Grand Avenue,2,#990000
69,69,44.940119,-93.173765,2025-03-07T01:01:44Z,0.595446,Grand Avenue West,0.145371,-0.105033,0.6218686337531425,Grand Avenue,2,#990000
70,70,44.940119,-93.173765,2025-03-07T01:01:45Z,0.560487,Grand Avenue West,0.133449,-0.10267,0.5852311010788814,Grand Avenue,2,#990000
71,71,44.940119,-93.173765,2025-03-07T01:01:46Z,0.526642,Grand Avenue West,0.124517,-0.094557,0.5493608155866234,Grand Avenue,2,#990000
72,72,44.940119,-93.173767,2025-03-07T01:01:47Z,0.495054,Grand Avenue West,0.114503,-0.083314,0.5149083632268949,Grand Avenue,2,#990000
73,73,44.94012,-93.173768,2025-03-07T01:01:48Z,0.45893,Grand Avenue West,0.10198,-0.072898,0.47574235012662053,Grand Avenue,2,#990000
74,74,44.94012,-93.173768,2025-03-07T01:01:49Z,0.423129,Grand Avenue West,0.090387,-0.069455,0.4382145107535806,Grand Avenue,2,#990000
75,75,44.940122,-93.173768,2025-03-07T01:01:50Z,0.39,Grand Avenue West,0.083218,-0.061987,0.4035686108866744,Grand Avenue,2,#990000
76,76,44.940122,-93.173768,2025-03-07T01:01:51Z,0.591381,Grand Avenue West,0.129107,-0.105558,0.6144449495064632,Grand Avenue,2,#990000
77,77,44.940124,-93.173774,2025-03-07T01:01:52Z,0.830149,Grand Avenue West,0.184428,-0.159679,0.8652505027019632,Grand Avenue,2,#990000
78,78,44.940125,-93.173788,2025-03-07T01:01:53Z,1.361246,Grand Avenue West,0.305286,-0.271935,1.421315889778553,Grand Avenue,2,#990000
79,79,44.940126,-93.17382,2025-03-07T01:01:54Z,0.907019,Grand Avenue West,0.185225,-0.174774,0.9420922025269076,Grand Avenue,2,#990000
80,80,44.940125,-93.173861,2025-03-07T01:01:55Z,1.22718,Grand Avenue West,0.27168,-0.209692,1.2742650861041434,Grand Avenue,2,#990000
81,81,44.940125,-93.173917,2025-03-07T01:01:56Z,0.993737,Grand Avenue West,0.194761,-0.117702,1.019460069396541,Grand Avenue,2,#990000
82,82,44.940124,-93.173985,2025-03-07T01:01:57Z,0.949093,Grand Avenue West,0.207972,-0.227654,0.9979259587509486,Grand Avenue,2,#990000
83,83,44.940122,-93.174068,2025-03-07T01:01:58Z,0.821802,Grand Avenue West,0.135508,-0.159231,0.8479831700151838,Grand Avenue,2,#990000
84,84,44.940122,-93.174163,2025-03-07T01:01:59Z,0.716625,Grand Avenue West,0.18806,-0.146268,0.7551902290476221,Grand Avenue,2,#990000
85,85,44.940123,-93.174266,2025-03-07T01:02:00Z,0.229369,Grand Avenue West,-0.069774,0.002829,0.23976353450431112,Grand Avenue,2,#990000
86,86,44.940123,-93.174375,2025-03-07T01:02:01Z,-0.069033,Grand Avenue West,-0.013211,-0.007368,0.07067087825971884,Grand Avenue,2,#990000
87,87,44.940124,-93.174486,2025-03-07T01:02:02Z,0.009889,Grand Avenue West,-0.155441,0.048091,0.16301055512757448,Grand Avenue,2,#990000
88,88,44.940123,-93.174601,2025-03-07T01:02:03Z,0.034152,Grand Avenue West,-0.039658,0.033793,0.062298337995487486,Grand Avenue,2,#990000
89,89,44.940124,-93.174724,2025-03-07T01:02:04Z,-0.014425,Grand Avenue West,-0.035064,0.045281,0.05905873078554939,Grand Avenue,2,#990000
90,90,44.940123,-93.17485,2025-03-07T01:02:05Z,-0.091485,Grand Avenue West,0.004081,-0.06992,0.11521703947767448,Grand Avenue,2,#990000
91,91,44.940123,-93.174979,2025-03-07T01:02:06Z,-0.244573,Grand Avenue West,-0.193902,0.307181,0.4379202035690977,Grand Avenue,2,#990000
92,92,44.940125,-93.175106,2025-03-07T01:02:07Z,-0.480767,Grand Avenue West,-0.00841,-0.01103,0.48096704386995165,Grand Avenue,2,#990000
93,93,44.940129,-93.17523,2025-03-07T01:02:08Z,-0.353614,Grand Avenue West,-0.255854,0.140581,0.4585489590796167,Grand Avenue,2,#990000
94,94,44.940126,-93.175364,2025-03-07T01:02:09Z,-0.410372,Grand Avenue West,-0.086567,0.066921,0.4247086579221102,Grand Avenue,2,#990000
95,95,44.940123,-93.175493,2025-03-07T01:02:10Z,-0.421774,Grand Avenue West,-0.1758,0.091208,0.46595906079826366,Grand Avenue,2,#990000
96,96,44.94012,-93.175613,2025-03-07T01:02:11Z,-0.333604,Grand Avenue West,-0.080633,-0.010315,0.34336527012789164,Grand Avenue,2,#990000
97,97,44.940123,-93.175734,2025-03-07T01:02:12Z,-0.314342,Grand Avenue West,-0.059204,0.058145,0.32511051598648727,Grand Avenue,2,#990000
98,98,44.940123,-93.175856,2025-03-07T01:02:13Z,-0.303914,Grand Avenue West,-0.133218,0.129882,0.35634265650354013,Grand Avenue,2,#990000
99,99,44.940121,-93.17598,2025-03-07T01:02:14Z,-0.245757,Grand Avenue West,-0.058974,0.184736,0.3130524323831393,Grand Avenue,2,#990000
100,100,44.940121,-93.176104,2025-03-07T01:02:15Z,-0.237653,Grand Avenue West,-0.085898,0.289195,0.38404578221613106,Grand Avenue,2,#990000
101,101,44.94012,-93.176227,2025-03-07T01:02:16Z,-0.743522,Grand Avenue West,-0.183764,0.224919,0.7982372634380082,Grand Avenue,2,#990000
102,102,44.940115,-93.176331,2025-03-07T01:02:17Z,-0.93556,Grand Avenue West,-0.319713,0.279909,1.0275397628559197,Grand Avenue,2,#990000
103,103,44.940128,-93.176429,2025-03-07T01:02:18Z,-0.898193,Grand Avenue West,-0.227493,0.204388,0.94882990300791,Grand Avenue,2,#990000
104,104,44.940134,-93.176515,2025-03-07T01:02:19Z,-0.263952,Grand Avenue West,-0.113069,0.311518,0.42367289432886784,Grand Avenue,2,#990000
105,105,44.940134,-93.1766,2025-03-07T01:02:20Z,-0.136468,Grand Avenue West,-0.020008,-0.064256,0.1521600099369082,Grand Avenue,2,#990000
106,106,44.94014,-93.176681,2025-03-07T01:02:21Z,0.156821,Grand Avenue West,-0.015266,-0.034629,0.16132279577914585,Grand Avenue,2,#990000
107,107,44.940141,-93.176754,2025-03-07T01:02:22Z,-0.401134,Grand Avenue West,-0.043542,0.053914,0.4070762964310253,Grand Avenue,2,#990000
108,1,44.940144,-93.177027,2025-03-07T00:56:17Z,0.267541,Grand Avenue East,0.014782,-0.573743,0.6332280191637132,Grand Avenue,2,#FCAE91
109,2,44.94008,-93.17699,2025-03-07T00:56:18Z,0.381146,Grand Avenue East,0.109346,-0.157546,0.4266726651052303,Grand Avenue,2,#FCAE91
110,3,44.940069,-93.176892,2025-03-07T00:56:19Z,0.482841,Grand Avenue East,0.116723,0.123746,0.5119304274273996,Grand Avenue,2,#FCAE91
111,4,44.940069,-93.176767,2025-03-07T00:56:21Z,0.430806,Grand Avenue East,0.159741,0.280328,0.5382330204483928,Grand Avenue,2,#FCAE91
112,5,44.940069,-93.176653,2025-03-07T00:56:22Z,0.192488,Grand Avenue East,-0.010689,0.332221,0.38410503473138696,Grand Avenue,2,#FCAE91
113,6,44.940072,-93.176538,2025-03-07T00:56:23Z,-0.24043,Grand Avenue East,-0.049286,0.383396,0.45522322822105643,Grand Avenue,2,#FCAE91
114,7,44.940076,-93.17642,2025-03-07T00:56:24Z,-0.128958,Grand Avenue East,0.033176,0.442583,0.46218018632239094,Grand Avenue,2,#FCAE91
115,8,44.940078,-93.176299,2025-03-07T00:56:25Z,-0.193378,Grand Avenue East,-0.073902,0.338706,0.3969613468890894,Grand Avenue,2,#FCAE91
116,9,44.940083,-93.176177,2025-03-07T00:56:26Z,-0.267591,Grand Avenue East,-0.016325,0.294782,0.39845686897078336,Grand Avenue,2,#FCAE91
117,10,44.940083,-93.176048,2025-03-07T00:56:27Z,-0.099794,Grand Avenue East,-0.109519,0.406974,0.43310632698334023,Grand Avenue,2,#FCAE91
118,11,44.940079,-93.175931,2025-03-07T00:56:28Z,-0.281124,Grand Avenue East,-0.049902,0.276796,0.39766435419333224,Grand Avenue,2,#FCAE91
119,12,44.940082,-93.175791,2025-03-07T00:56:29Z,-0.295233,Grand Avenue East,0.002826,0.386441,0.4863200150579863,Grand Avenue,2,#FCAE91
120,13,44.940083,-93.17566,2025-03-07T00:56:30Z,-0.406698,Grand Avenue East,-0.195612,0.2711,0.5264622757121349,Grand Avenue,2,#FCAE91
121,14,44.940077,-93.175519,2025-03-07T00:56:31Z,-0.449568,Grand Avenue East,-0.155582,0.206602,0.5186535758596483,Grand Avenue,2,#FCAE91
122,15,44.94008,-93.175382,2025-03-07T00:56:32Z,-0.441107,Grand Avenue East,-0.031826,0.222309,0.4949844151142539,Grand Avenue,2,#FCAE91
123,16,44.940082,-93.175246,2025-03-07T00:56:33Z,-0.271367,Grand Avenue East,-0.12123,0.318237,0.43544408338844154,Grand Avenue,2,#FCAE91
124,17,44.940082,-93.175113,2025-03-07T00:56:34Z,-0.324951,Grand Avenue East,-0.15935,0.284668,0.46045786465756017,Grand Avenue,2,#FCAE91
125,18,44.94009,-93.174983,2025-03-07T00:56:35Z,-0.284228,Grand Avenue East,0.003246,0.247635,0.37698698349545173,Grand Avenue,2,#FCAE91
126,19,44.940079,-93.174852,2025-03-07T00:56:36Z,-0.226123,Grand Avenue East,-0.113359,0.170285,0.3049243434608001,Grand Avenue,2,#FCAE91
127,20,44.94007,-93.174715,2025-03-07T00:56:37Z,-0.149826,Grand Avenue East,-0.008398,0.137864,0.2037764441146228,Grand Avenue,2,#FCAE91
128,21,44.940065,-93.174578,2025-03-07T00:56:38Z,0.1201,Grand Avenue East,0.020921,0.130694,0.17872498391942856,Grand Avenue,2,#FCAE91
129,22,44.940064,-93.174445,2025-03-07T00:56:39Z,0.025125,Grand Avenue East,-0.086755,0.043753,0.10035945724743632,Grand Avenue,2,#FCAE91
130,23,44.940062,-93.174304,2025-03-07T00:56:40Z,0.181835,Grand Avenue East,-0.141308,0.016476,0.23087524047632305,Grand Avenue,2,#FCAE91
131,24,44.940064,-93.174177,2025-03-07T00:56:41Z,-0.026418,Grand Avenue East,0.102176,0.039151,0.11256396626363163,Grand Avenue,2,#FCAE91
132,25,44.940057,-93.174003,2025-03-07T00:56:42Z,0.169644,Grand Avenue East,-0.209311,0.076134,0.27997601220997487,Grand Avenue,2,#FCAE91
133,26,44.940064,-93.173858,2025-03-07T00:56:43Z,-0.098235,Grand Avenue East,-0.02779,0.116468,0.15487799827283408,Grand Avenue,2,#FCAE91
134,27,44.940065,-93.173712,2025-03-07T00:56:44Z,-0.112466,Grand Avenue East,-0.020969,0.098063,0.15068062943192134,Grand Avenue,2,#FCAE91
135,28,44.940067,-93.173564,2025-03-07T00:56:45Z,-0.093785,Grand Avenue East,-0.034688,0.133636,0.16690555432639143,Grand Avenue,2,#FCAE91
136,29,44.94007,-93.173417,2025-03-07T00:56:46Z,0.031845,Grand Avenue East,-0.093492,0.18226,0.20730066495069427,Grand Avenue,2,#FCAE91
137,30,44.94007,-93.173263,2025-03-07T00:56:47Z,-0.168044,Grand Avenue East,-0.07151,0.092536,0.20473245305031637,Grand Avenue,2,#FCAE91
138,31,44.940066,-93.173107,2025-03-07T00:56:48Z,-0.286398,Grand Avenue East,-0.137259,-0.084013,0.3285148880248808,Grand Avenue,2,#FCAE91
139,32,44.940078,-93.172955,2025-03-07T00:56:49Z,-0.408579,Grand Avenue East,-0.086081,0.123352,0.43538770504689267,Grand Avenue,2,#FCAE91
140,33,44.940082,-93.17279,2025-03-07T00:56:50Z,-0.48686,Grand Avenue East,-0.177465,0.089911,0.5259377089979382,Grand Avenue,2,#FCAE91
141,34,44.940082,-93.17264,2025-03-07T00:56:51Z,-0.307824,Grand Avenue East,-0.07636,0.275996,0.42042865814784797,Grand Avenue,2,#FCAE91
142,35,44.940084,-93.172496,2025-03-07T00:56:51Z,-0.106113,Grand Avenue East,-0.116844,0.329599,0.3654421840811485,Grand Avenue,2,#FCAE91
143,36,44.940082,-93.172371,2025-03-07T00:56:52Z,-0.355332,Grand Avenue East,-0.069612,0.084056,0.3717150412668284,Grand Avenue,2,#FCAE91
144,37,44.940079,-93.172226,2025-03-07T00:56:53Z,-0.236419,Grand Avenue East,-0.096763,0.083516,0.2687600118804879,Grand Avenue,2,#FCAE91
145,38,44.940079,-93.172097,2025-03-07T00:56:54Z,-0.231424,Grand Avenue East,-0.092514,0.052991,0.2548017936612692,Grand Avenue,2,#FCAE91
146,39,44.940079,-93.171971,2025-03-07T00:56:55Z,-0.300407,Grand Avenue East,-0.019378,0.015383,0.30142413510201865,Grand Avenue,2,#FCAE91
147,40,44.940074,-93.171844,2025-03-07T00:56:56Z,-0.103851,Grand Avenue East,-0.17399,0.079276,0.21758270721038472,Grand Avenue,2,#FCAE91
148,41,44.940071,-93.171723,2025-03-07T00:56:57Z,-0.51251,Grand Avenue East,-0.062772,0.122824,0.5307471705624063,Grand Avenue,2,#FCAE91
149,42,44.940075,-93.171584,2025-03-07T00:56:58Z,-0.495616,Grand Avenue East,-0.202909,0.141188,0.553842335941376,Grand Avenue,2,#FCAE91
150,43,44.940087,-93.171489,2025-03-07T00:56:59Z,-0.237151,Grand Avenue East,0.028474,0.084648,0.2534100419892629,Grand Avenue,2,#FCAE91
151,44,44.940082,-93.171385,2025-03-07T00:57:00Z,-0.311895,Grand Avenue East,-0.142003,0.061939,0.34825246984766667,Grand Avenue,2,#FCAE91
152,45,44.94008,-93.171285,2025-03-07T00:57:01Z,-0.207753,Grand Avenue East,-0.047636,-0.089646,0.23122911326431195,Grand Avenue,2,#FCAE91
153,46,44.940081,-93.171193,2025-03-07T00:57:02Z,-0.046136,Grand Avenue East,-0.047992,-0.004499,0.0667233359552713,Grand Avenue,2,#FCAE91
154,47,44.940074,-93.171103,2025-03-07T00:57:03Z,0.13578,Grand Avenue East,0.033073,0.077696,0.15989590409075524,Grand Avenue,2,#FCAE91
155,48,44.940074,-93.171013,2025-03-07T00:57:04Z,0.035839,Grand Avenue East,-0.036972,0.155897,0.16418050223458328,Grand Avenue,2,#FCAE91
156,49,44.940083,-93.170922,2025-03-07T00:57:05Z,-0.087699,Grand Avenue East,-0.056749,0.057056,0.11902500047469018,Grand Avenue,2,#FCAE91
157,50,44.940085,-93.170835,2025-03-07T00:57:06Z,0.080683,Grand Avenue East,-0.023733,-0.005015,0.08425053117339973,Grand Avenue,2,#FCAE91
158,51,44.940085,-93.170754,2025-03-07T00:57:07Z,-0.040579,Grand Avenue East,0.008223,-0.007169,0.042019846870258816,Grand Avenue,2,#FCAE91
159,52,44.940085,-93.170673,2025-03-07T00:57:08Z,-0.119085,Grand Avenue East,-0.063386,-0.134489,0.19048966728408132,Grand Avenue,2,#FCAE91
160,53,44.940087,-93.170598,2025-03-07T00:57:09Z,0.295277,Grand Avenue East,0.024866,-0.255056,0.390973640826335,Grand Avenue,2,#FCAE91
161,54,44.940087,-93.170525,2025-03-07T00:57:10Z,0.768809,Grand Avenue East,0.125291,-0.137413,0.7909787896846538,Grand Avenue,2,#FCAE91
162,55,44.940073,-93.170443,2025-03-07T00:57:11Z,0.598922,Grand Avenue East,0.117584,0.221408,0.6492727174338992,Grand Avenue,2,#FCAE91
163,56,44.940072,-93.170347,2025-03-07T00:57:12Z,0.338874,Grand Avenue East,0.07064,0.573245,0.6696532143587456,Grand Avenue,2,#FCAE91
164,57,44.940072,-93.170253,2025-03-07T00:57:13Z,0.396146,Grand Avenue East,0.076717,0.147331,0.4295620734725076,Grand Avenue,2,#FCAE91
165,58,44.940071,-93.170157,2025-03-07T00:57:14Z,0.170156,Grand Avenue East,0.015324,-0.073406,0.1859471165358581,Grand Avenue,2,#FCAE91
166,59,44.940079,-93.17006,2025-03-07T00:57:15Z,-0.244091,Grand Avenue East,-0.085837,-0.13236,0.29063306152260104,Grand Avenue,2,#FCAE91
167,60,44.940079,-93.169971,2025-03-07T00:57:16Z,-0.614164,Grand Avenue East,-0.1702,0.023281,0.6377362024042543,Grand Avenue,2,#FCAE91
168,61,44.940076,-93.169888,2025-03-07T00:57:17Z,-0.325901,Grand Avenue East,-0.124003,-0.062446,0.35424244342822614,Grand Avenue,2,#FCAE91
169,62,44.940074,-93.169817,2025-03-07T00:57:18Z,0.004692,Grand Avenue East,-0.027694,-0.096718,0.10071416992657985,Grand Avenue,2,#FCAE91
170,63,44.940062,-93.16975,2025-03-07T00:57:19Z,0.450298,Grand Avenue East,0.050825,0.082177,0.46054807431798034,Grand Avenue,2,#FCAE91
171,64,44.940073,-93.169664,2025-03-07T00:57:20Z,0.566133,Grand Avenue East,0.047608,-0.090245,0.5752540789755427,Grand Avenue,2,#FCAE91
172,65,44.940074,-93.169571,2025-03-07T00:57:21Z,0.639421,Grand Avenue East,0.170134,-0.26944,0.7144247383713697,Grand Avenue,2,#FCAE91
173,66,44.940073,-93.169474,2025-03-07T00:57:22Z,0.501968,Grand Avenue East,0.092334,-0.111747,0.5224795044678786,Grand Avenue,2,#FCAE91
174,67,44.940074,-93.169369,2025-03-07T00:57:23Z,0.319294,Grand Avenue East,0.136536,-0.017575,0.34770622421377506,Grand Avenue,2,#FCAE91
175,68,44.940078,-93.169263,2025-03-07T00:57:24Z,0.095118,Grand Avenue East,-0.019404,0.066465,0.11765009717378053,Grand Avenue,2,#FCAE91
176,69,44.94008,-93.169155,2025-03-07T00:57:25Z,-0.073388,Grand Avenue East,0.033965,0.083805,0.11645899619179276,Grand Avenue,2,#FCAE91
177,70,44.940082,-93.169046,2025-03-07T00:57:26Z,0.046373,Grand Avenue East,-0.039689,-0.027948,0.06713242550362679,Grand Avenue,2,#FCAE91
178,71,44.94007,-93.168938,2025-03-07T00:57:27Z,0.038898,Grand Avenue East,-0.074371,-0.001096,0.08393629287143912,Grand Avenue,2,#FCAE91
179,72,44.940076,-93.168829,2025-03-07T00:57:28Z,0.116187,Grand Avenue East,-0.026131,-0.012802,0.11977537031460182,Grand Avenue,2,#FCAE91
180,73,44.940077,-93.168717,2025-03-07T00:57:29Z,0.229436,Grand Avenue East,0.028497,-0.023047,0.23234483276802176,Grand Avenue,2,#FCAE91
181,74,44.940079,-93.168603,2025-03-07T00:57:30Z,0.212499,Grand Avenue East,0.01793,-0.052225,0.21955582553419073,Grand Avenue,2,#FCAE91
182,75,44.94008,-93.168481,2025-03-07T00:57:31Z,0.192084,Grand Avenue East,0.036808,0.013317,0.19603171786473741,Grand Avenue,2,#FCAE91
183,76,44.94008,-93.168357,2025-03-07T00:57:32Z,0.171708,Grand Avenue East,0.032979,0.055822,0.1835411326896508,Grand Avenue,2,#FCAE91
184,77,44.94008,-93.168239,2025-03-07T00:57:33Z,-0.149309,Grand Avenue East,-0.015335,0.108807,0.1853842036285724,Grand Avenue,2,#FCAE91
185,78,44.940069,-93.168112,2025-03-07T00:57:34Z,-0.191983,Grand Avenue East,-0.090667,0.08508,0.228728187108629,Grand Avenue,2,#FCAE91
186,79,44.940067,-93.167984,2025-03-07T00:57:35Z,-0.32668,Grand Avenue East,-0.146168,0.155568,0.39023878490995745,Grand Avenue,2,#FCAE91
187,80,44.940067,-93.167862,2025-03-07T00:57:36Z,-0.439879,Grand Avenue East,-0.030346,0.539545,0.6967949636600426,Grand Avenue,2,#FCAE91
188,81,44.940059,-93.167745,2025-03-07T00:57:37Z,-0.735088,Grand Avenue East,-0.286743,0.497316,0.932683826196745,Grand Avenue,2,#FCAE91
189,82,44.940055,-93.167638,2025-03-07T00:57:38Z,-1.315936,Grand Avenue East,-0.362356,-0.296565,1.396760618737871,Grand Avenue,2,#FCAE91
190,83,44.940052,-93.167549,2025-03-07T00:57:39Z,-1.42267,Grand Avenue East,-0.432744,-0.051472,1.4879202482727358,Grand Avenue,2,#FCAE91
191,84,44.940049,-93.167478,2025-03-07T00:57:40Z,-0.573843,Grand Avenue East,-0.0996,0.114198,0.593512537233208,Grand Avenue,2,#FCAE91
192,85,44.940056,-93.167412,2025-03-07T00:57:41Z,-0.654351,Grand Avenue East,-0.200845,0.197961,0.7125324573287872,Grand Avenue,2,#FCAE91
193,86,44.940054,-93.16736,2025-03-07T00:57:42Z,-0.884062,Grand Avenue East,-0.257403,0.235024,0.9502937466010181,Grand Avenue,2,#FCAE91
194,87,44.940059,-93.167316,2025-03-07T00:57:43Z,-0.850711,Grand Avenue East,-0.225733,0.246799,0.9140975545372605,Grand Avenue,2,#FCAE91
195,1,44.941161,-93.167107,2025-03-07T00:47:30Z,0.791753,Snelling Avenue South R,0.234806,0.937316,1.2492269427533975,Snelling Avenue,4,#990000
196,2,44.941118,-93.167102,2025-03-07T00:47:31Z,0.651491,Snelling Avenue South R,0.157345,-0.203219,0.7003541490324735,Snelling Avenue,4,#990000
197,3,44.941065,-93.167109,2025-03-07T00:47:32Z,0.340952,Snelling Avenue South R,0.093924,-0.272551,0.4464907968603608,Snelling Avenue,4,#990000
198,4,44.941003,-93.167112,2025-03-07T00:47:33Z,-0.052205,Snelling Avenue South R,-0.030053,-0.267369,0.27407066058773966,Snelling Avenue,4,#990000
199,5,44.940938,-93.167113,2025-03-07T00:47:34Z,-0.455435,Snelling Avenue South R,-0.136935,-0.114821,0.4892403248823629,Snelling Avenue,4,#990000
200,6,44.940873,-93.167113,2025-03-07T00:47:36Z,-0.665795,Snelling Avenue South R,-0.149209,-0.046871,0.6839175376805307,Snelling Avenue,4,#990000
201,7,44.940802,-93.167118,2025-03-07T00:47:37Z,-0.671641,Snelling Avenue South R,-0.230066,0.026764,0.7104564088900881,Snelling Avenue,4,#990000
202,8,44.94074,-93.167124,2025-03-07T00:47:38Z,-0.708735,Snelling Avenue South R,-0.241906,-4.7e-5,0.7488817097980162,Snelling Avenue,4,#990000
203,9,44.940684,-93.167131,2025-03-07T00:47:39Z,-0.569326,Snelling Avenue South R,-0.160373,0.038186,0.5927138972565095,Snelling Avenue,4,#990000
204,10,44.940619,-93.167128,2025-03-07T00:47:40Z,-0.808459,Snelling Avenue South R,-0.134207,0.111704,0.827100512118086,Snelling Avenue,4,#990000
205,11,44.940564,-93.167126,2025-03-07T00:47:41Z,-1.122932,Snelling Avenue South R,-0.341682,0.126023,1.1805103397586147,Snelling Avenue,4,#990000
206,12,44.940517,-93.167123,2025-03-07T00:47:42Z,-1.182677,Snelling Avenue South R,-0.302572,0.137366,1.2284722705332018,Snelling Avenue,4,#990000
207,13,44.940474,-93.167123,2025-03-07T00:47:43Z,-0.985374,Snelling Avenue South R,-0.212577,0.102985,1.0132900922391375,Snelling Avenue,4,#990000
208,14,44.940438,-93.16712,2025-03-07T00:47:44Z,-0.913369,Snelling Avenue South R,-0.282626,0.104092,0.9617460842140195,Snelling Avenue,4,#990000
209,15,44.940416,-93.167119,2025-03-07T00:47:45Z,-0.628053,Snelling Avenue South R,-0.197143,0.025981,0.6587798916322507,Snelling Avenue,4,#990000
210,16,44.940401,-93.167112,2025-03-07T00:47:46Z,-0.249201,Snelling Avenue South R,-0.07572,0.014608,0.2608602124989551,Snelling Avenue,4,#990000
211,17,44.940397,-93.167113,2025-03-07T00:47:47Z,-0.049635,Snelling Avenue South R,-0.027737,-0.046615,0.07352504756203833,Snelling Avenue,4,#990000
212,18,44.940381,-93.167111,2025-03-07T00:47:48Z,0.001212,Snelling Avenue South R,-0.022458,-0.0514,0.05610517541189939,Snelling Avenue,4,#990000
213,19,44.94037,-93.167126,2025-03-07T00:47:49Z,0.048887,Snelling Avenue South R,-0.012114,-0.059648,0.07806773769618279,Snelling Avenue,4,#990000
214,20,44.94036,-93.167125,2025-03-07T00:47:50Z,0.043482,Snelling Avenue South R,-0.011632,-0.052853,0.06942209559643096,Snelling Avenue,4,#990000
215,21,44.94035,-93.167124,2025-03-07T00:47:51Z,0.008902,Snelling Avenue South R,-0.018923,-0.043512,0.04827649197073044,Snelling Avenue,4,#990000
216,22,44.940335,-93.167121,2025-03-07T00:47:52Z,-0.259875,Snelling Avenue South R,-0.084976,0.034803,0.2756214523762619,Snelling Avenue,4,#990000
217,23,44.940323,-93.167119,2025-03-07T00:47:53Z,-0.172142,Snelling Avenue South R,-0.060833,0.006172,0.1826789961571937,Snelling Avenue,4,#990000
218,24,44.940317,-93.167119,2025-03-07T00:47:54Z,-0.10138,Snelling Avenue South R,-0.047398,0.010329,0.11238844711535079,Snelling Avenue,4,#990000
219,25,44.940313,-93.167119,2025-03-07T00:47:55Z,-0.086886,Snelling Avenue South R,-0.037677,0.007318,0.09498571707893773,Snelling Avenue,4,#990000
220,26,44.940317,-93.167118,2025-03-07T00:47:55Z,0.186578,Snelling Avenue South R,0.024689,-0.06054,0.19770176631734984,Snelling Avenue,4,#990000
221,27,44.940317,-93.167118,2025-03-07T00:47:56Z,0.185738,Snelling Avenue South R,0.024193,-0.04933,0.19369397200997246,Snelling Avenue,4,#990000
222,28,44.940317,-93.167118,2025-03-07T00:47:57Z,0.181712,Snelling Avenue South R,0.026877,-0.050735,0.19056669251996794,Snelling Avenue,4,#990000
223,29,44.940317,-93.167118,2025-03-07T00:47:58Z,0.309058,Snelling Avenue South R,0.057619,-0.080375,0.3244948954143963,Snelling Avenue,4,#990000
224,30,44.940318,-93.167118,2025-03-07T00:47:59Z,0.468502,Snelling Avenue South R,0.090712,-0.113909,0.49060987681558144,Snelling Avenue,4,#990000
225,31,44.940317,-93.167117,2025-03-07T00:48:00Z,0.910611,Snelling Avenue South R,0.205688,-0.206852,0.9561943822094962,Snelling Avenue,4,#990000
226,32,44.940307,-93.167116,2025-03-07T00:48:01Z,1.669427,Snelling Avenue South R,0.395982,-0.350965,1.7512751593847267,Snelling Avenue,4,#990000
227,33,44.940239,-93.167058,2025-03-07T00:48:02Z,1.175648,Snelling Avenue South R,0.2364,-0.250902,1.2251469273144344,Snelling Avenue,4,#990000
228,34,44.940198,-93.16706,2025-03-07T00:48:03Z,0.923704,Snelling Avenue South R,0.242256,-0.119272,0.9623631638503211,Snelling Avenue,4,#990000
229,35,44.940148,-93.167061,2025-03-07T00:48:04Z,0.655849,Snelling Avenue South R,0.112462,-0.175957,0.6882924364643273,Snelling Avenue,4,#990000
230,36,44.940091,-93.167064,2025-03-07T00:48:05Z,0.62797,Snelling Avenue South R,0.064486,-0.112438,0.6412075084869172,Snelling Avenue,4,#990000
231,37,44.940008,-93.167067,2025-03-07T00:48:06Z,0.703419,Snelling Avenue South R,0.016195,-0.089751,0.7093065695360504,Snelling Avenue,4,#990000
232,38,44.93996,-93.167083,2025-03-07T00:48:07Z,0.616954,Snelling Avenue South R,0.246146,-0.18717,0.6901106435434828,Snelling Avenue,4,#990000
233,39,44.939851,-93.167082,2025-03-07T00:48:08Z,0.339596,Snelling Avenue South R,0.20681,-0.171726,0.4331115773008152,Snelling Avenue,4,#990000
234,40,44.939756,-93.167088,2025-03-07T00:48:09Z,0.315332,Snelling Avenue South R,0.020517,-0.05723,0.3211393629142961,Snelling Avenue,4,#990000
235,41,44.93965,-93.167088,2025-03-07T00:48:10Z,0.014714,Snelling Avenue South R,0.066655,-0.099454,0.12062540751019248,Snelling Avenue,4,#990000
236,42,44.939542,-93.16709,2025-03-07T00:48:11Z,0.030599,Snelling Avenue South R,-0.124295,0.02226,0.1299271081260566,Snelling Avenue,4,#990000
237,43,44.939428,-93.167087,2025-03-07T00:48:12Z,-0.338722,Snelling Avenue South R,-0.054307,0.049864,0.3466529417573144,Snelling Avenue,4,#990000
238,44,44.93931,-93.167089,2025-03-07T00:48:13Z,-0.365781,Snelling Avenue South R,0.0473,0.05164,0.3724241124860205,Snelling Avenue,4,#990000
239,45,44.939195,-93.167089,2025-03-07T00:48:14Z,-0.496999,Snelling Avenue South R,-0.207765,0.082411,0.5449457533984461,Snelling Avenue,4,#990000
240,46,44.93908,-93.167087,2025-03-07T00:48:15Z,-0.606287,Snelling Avenue South R,-0.194953,0.214895,0.6721387205056706,Snelling Avenue,4,#990000
241,47,44.938961,-93.167088,2025-03-07T00:48:16Z,-0.382613,Snelling Avenue South R,-0.158305,0.088356,0.4233910291090259,Snelling Avenue,4,#990000
242,48,44.938849,-93.167095,2025-03-07T00:48:17Z,-0.338331,Snelling Avenue South R,-0.040671,0.068991,0.34768053423077916,Snelling Avenue,4,#990000
243,49,44.938727,-93.167092,2025-03-07T00:48:18Z,-0.341304,Snelling Avenue South R,-0.062727,0.041543,0.3494980941206976,Snelling Avenue,4,#990000
244,50,44.938607,-93.167098,2025-03-07T00:48:19Z,-0.295305,Snelling Avenue South R,-0.097851,0.095475,0.3254156370720374,Snelling Avenue,4,#990000
245,51,44.938486,-93.167097,2025-03-07T00:48:20Z,-0.250955,Snelling Avenue South R,-0.060425,0.078926,0.2699238895059124,Snelling Avenue,4,#990000
246,52,44.938364,-93.167101,2025-03-07T00:48:21Z,-0.305504,Snelling Avenue South R,-0.081798,0.07783,0.32570096057580183,Snelling Avenue,4,#990000
247,53,44.938243,-93.167102,2025-03-07T00:48:22Z,-0.417557,Snelling Avenue South R,-0.125463,0.07644,0.4426487164987605,Snelling Avenue,4,#990000
248,54,44.938119,-93.167106,2025-03-07T00:48:23Z,-0.348654,Snelling Avenue South R,-0.072108,0.126906,0.3779739517691662,Snelling Avenue,4,#990000
249,55,44.937998,-93.167104,2025-03-07T00:48:24Z,-0.39211,Snelling Avenue South R,-0.20243,0.088291,0.45002606333522505,Snelling Avenue,4,#990000
250,56,44.93788,-93.167105,2025-03-07T00:48:25Z,-0.236909,Snelling Avenue South R,-0.304184,0.155093,0.41558106163058006,Snelling Avenue,4,#990000
251,57,44.937759,-93.167103,2025-03-07T00:48:26Z,-0.263611,Snelling Avenue South R,-0.075928,0.026395,0.2755948412615882,Snelling Avenue,4,#990000
252,58,44.93764,-93.167109,2025-03-07T00:48:27Z,-0.287558,Snelling Avenue South R,-0.157583,0.079884,0.33749586472874005,Snelling Avenue,4,#990000
253,59,44.937522,-93.167112,2025-03-07T00:48:28Z,-0.291686,Snelling Avenue South R,-0.121754,0.095192,0.3301004028716112,Snelling Avenue,4,#990000
254,60,44.937394,-93.167104,2025-03-07T00:48:29Z,-0.294673,Snelling Avenue South R,-0.098221,0.075255,0.31959796118717654,Snelling Avenue,4,#990000
255,61,44.937284,-93.167108,2025-03-07T00:48:30Z,-0.198968,Snelling Avenue South R,-0.013563,0.034549,0.20240023071627167,Snelling Avenue,4,#990000
256,62,44.937167,-93.167115,2025-03-07T00:48:31Z,-0.140035,Snelling Avenue South R,-0.061818,0.053786,0.16224734248979242,Snelling Avenue,4,#990000
257,63,44.937048,-93.167116,2025-03-07T00:48:32Z,-0.067079,Snelling Avenue South R,-0.032827,0.010514,0.07541716227756119,Snelling Avenue,4,#990000
258,64,44.936929,-93.167112,2025-03-07T00:48:33Z,0.014083,Snelling Avenue South R,-0.072367,-0.008953,0.07426620891764976,Snelling Avenue,4,#990000
259,65,44.936807,-93.167119,2025-03-07T00:48:34Z,-0.080921,Snelling Avenue South R,0.028872,0.004073,0.08601389395905758,Snelling Avenue,4,#990000
260,66,44.936687,-93.167111,2025-03-07T00:48:35Z,-0.097459,Snelling Avenue South R,-0.057502,0.039052,0.1197071233845338,Snelling Avenue,4,#990000
261,67,44.936562,-93.167127,2025-03-07T00:48:36Z,-0.12521,Snelling Avenue South R,-0.042432,0.127794,0.1838731224513251,Snelling Avenue,4,#990000
262,68,44.93644,-93.167117,2025-03-07T00:48:37Z,-0.11207,Snelling Avenue South R,-0.035658,0.110023,0.16104731724868937,Snelling Avenue,4,#990000
263,69,44.936324,-93.167125,2025-03-07T00:48:38Z,-0.211697,Snelling Avenue South R,-0.164171,-0.024717,0.2690328365441661,Snelling Avenue,4,#990000
264,70,44.936208,-93.16713,2025-03-07T00:48:39Z,-0.213342,Snelling Avenue South R,-0.067268,-0.040681,0.22736476540792333,Snelling Avenue,4,#990000
265,71,44.93611,-93.167123,2025-03-07T00:48:40Z,-0.164916,Snelling Avenue South R,-0.028658,0.109007,0.19975258213349836,Snelling Avenue,4,#990000
266,72,44.935975,-93.167122,2025-03-07T00:48:41Z,-0.204125,Snelling Avenue South R,-0.064521,0.189798,0.286100080164267,Snelling Avenue,4,#990000
267,73,44.935858,-93.167124,2025-03-07T00:48:42Z,-0.217931,Snelling Avenue South R,-0.03408,0.122849,0.25248216563155507,Snelling Avenue,4,#990000
268,74,44.935746,-93.167129,2025-03-07T00:48:43Z,-0.111107,Snelling Avenue South R,-0.082141,-0.03059,0.1415191062365785,Snelling Avenue,4,#990000
269,75,44.935637,-93.167135,2025-03-07T00:48:44Z,-0.38274,Snelling Avenue South R,-0.137238,0.066737,0.4120412642114865,Snelling Avenue,4,#990000
270,76,44.935525,-93.167129,2025-03-07T00:48:45Z,-0.656537,Snelling Avenue South R,-0.182611,0.134893,0.6946824678506001,Snelling Avenue,4,#990000
271,77,44.935421,-93.167129,2025-03-07T00:48:46Z,-0.669127,Snelling Avenue South R,-0.173437,0.125917,0.7026139950121973,Snelling Avenue,4,#990000
272,78,44.935331,-93.167131,2025-03-07T00:48:47Z,-0.393056,Snelling Avenue South R,-0.140496,0.110495,0.4317884785134963,Snelling Avenue,4,#990000
273,79,44.935242,-93.167126,2025-03-07T00:48:48Z,-0.353419,Snelling Avenue South R,-0.069903,0.097591,0.37324981212453406,Snelling Avenue,4,#990000
274,80,44.935156,-93.167129,2025-03-07T00:48:49Z,-0.175597,Snelling Avenue South R,-0.047764,0.127596,0.2222531109366076,Snelling Avenue,4,#990000
275,81,44.93507,-93.167131,2025-03-07T00:48:50Z,-0.115714,Snelling Avenue South R,-0.046384,-0.007764,0.12490590437605421,Snelling Avenue,4,#990000
276,82,44.934991,-93.167134,2025-03-07T00:48:51Z,-0.040977,Snelling Avenue South R,-0.072116,0.037432,0.09099992642304718,Snelling Avenue,4,#990000
277,83,44.93491,-93.167133,2025-03-07T00:48:52Z,-0.261945,Snelling Avenue South R,-0.055854,0.039158,0.2706809954632944,Snelling Avenue,4,#990000
278,84,44.934834,-93.167135,2025-03-07T00:48:53Z,-0.580273,Snelling Avenue South R,-0.172194,0.089861,0.6119170920034838,Snelling Avenue,4,#990000
279,85,44.934765,-93.167136,2025-03-07T00:48:54Z,-0.505826,Snelling Avenue South R,-0.127651,0.178763,0.5514625374819218,Snelling Avenue,4,#990000
280,86,44.93471,-93.167135,2025-03-07T00:48:55Z,-0.08145,Snelling Avenue South R,4.58e-4,0.031305,0.0872600440579765,Snelling Avenue,4,#990000
281,87,44.934661,-93.167133,2025-03-07T00:48:56Z,0.232191,Snelling Avenue South R,0.03247,-0.131181,0.2686548271332566,Snelling Avenue,4,#990000
282,88,44.934607,-93.167135,2025-03-07T00:48:57Z,0.289387,Snelling Avenue South R,0.105939,-0.022345,0.3089776796388374,Snelling Avenue,4,#990000
283,89,44.93455,-93.167133,2025-03-07T00:48:58Z,0.214117,Snelling Avenue South R,0.015548,-0.021323,0.2157371092834981,Snelling Avenue,4,#990000
284,90,44.934494,-93.167136,2025-03-07T00:48:59Z,-0.079169,Snelling Avenue South R,-0.020066,0.056933,0.09955772901186527,Snelling Avenue,4,#990000
285,91,44.934442,-93.167135,2025-03-07T00:49:00Z,0.067981,Snelling Avenue South R,0.032819,0.022637,0.07880949746699314,Snelling Avenue,4,#990000
286,1,44.941318,-93.167296,2025-03-07T00:33:21Z,0.285182,Snelling Avenue South L,0.103492,0.061566,0.3095637891356158,Snelling Avenue,4,#BA3A30
287,2,44.94123,-93.167263,2025-03-07T00:33:22Z,0.015534,Snelling Avenue South L,-7.39e-4,-0.381954,0.38227046628401734,Snelling Avenue,4,#BA3A30
288,3,44.941145,-93.167111,2025-03-07T00:33:23Z,-0.142034,Snelling Avenue South L,-0.032189,-0.306172,0.3390443665082787,Snelling Avenue,4,#BA3A30
289,4,44.941044,-93.167115,2025-03-07T00:33:24Z,-0.181937,Snelling Avenue South L,-0.015134,-0.315205,0.36425856468997403,Snelling Avenue,4,#BA3A30
290,5,44.940953,-93.167117,2025-03-07T00:33:25Z,-0.447179,Snelling Avenue South L,-0.127134,-0.25466,0.5300790767394993,Snelling Avenue,4,#BA3A30
291,6,44.940858,-93.16713,2025-03-07T00:33:26Z,-0.88419,Snelling Avenue South L,-0.247369,0.023834,0.91845056362169,Snelling Avenue,4,#BA3A30
292,7,44.940763,-93.167118,2025-03-07T00:33:27Z,-1.319368,Snelling Avenue South L,-0.33796,0.109927,1.366394096281523,Snelling Avenue,4,#BA3A30
293,8,44.94068,-93.167111,2025-03-07T00:33:28Z,-1.410682,Snelling Avenue South L,-0.363268,0.114294,1.4611811877327192,Snelling Avenue,4,#BA3A30
294,9,44.940603,-93.167104,2025-03-07T00:33:29Z,-1.347364,Snelling Avenue South L,-0.40702700000000003,0.198037,1.4213653227070089,Snelling Avenue,4,#BA3A30
295,10,44.940535,-93.1671,2025-03-07T00:33:30Z,-1.382036,Snelling Avenue South L,-0.33281,0.066643,1.4231048066973142,Snelling Avenue,4,#BA3A30
296,11,44.94047,-93.167091,2025-03-07T00:33:31Z,-1.343108,Snelling Avenue South L,-0.326044,0.132709,1.388472350564101,Snelling Avenue,4,#BA3A30
297,12,44.940415,-93.167086,2025-03-07T00:33:32Z,-1.302431,Snelling Avenue South L,-0.33412,0.173611,1.3557667437586747,Snelling Avenue,4,#BA3A30
298,13,44.940364,-93.167078,2025-03-07T00:33:33Z,-1.257975,Snelling Avenue South L,-0.326096,0.190811,1.313487167642684,Snelling Avenue,4,#BA3A30
299,14,44.940303,-93.167054,2025-03-07T00:33:34Z,-0.768487,Snelling Avenue South L,-0.222197,0.058935,0.8021328507192559,Snelling Avenue,4,#BA3A30
300,15,44.940304,-93.167054,2025-03-07T00:33:35Z,-0.363862,Snelling Avenue South L,-0.111938,-0.017068,0.3810734673419287,Snelling Avenue,4,#BA3A30
301,16,44.940334,-93.167051,2025-03-07T00:33:36Z,-0.093575,Snelling Avenue South L,-0.037136,-0.060596,0.11750420561409707,Snelling Avenue,4,#BA3A30
302,17,44.94032,-93.167046,2025-03-07T00:33:37Z,-0.111978,Snelling Avenue South L,-0.045171,-0.051636,0.1313231442701552,Snelling Avenue,4,#BA3A30
303,18,44.940309,-93.167043,2025-03-07T00:33:38Z,-0.027123,Snelling Avenue South L,-0.025823,-0.05636,0.06766782143678042,Snelling Avenue,4,#BA3A30
304,19,44.940304,-93.167042,2025-03-07T00:33:39Z,-0.010262,Snelling Avenue South L,-0.019759,-0.056501,0.060729644540372545,Snelling Avenue,4,#BA3A30
305,20,44.940307,-93.167041,2025-03-07T00:33:40Z,0.226838,Snelling Avenue South L,0.040375,-0.103451,0.25256232551590113,Snelling Avenue,4,#BA3A30
306,21,44.94031,-93.167043,2025-03-07T00:33:41Z,0.269233,Snelling Avenue South L,0.051257,-0.110325,0.29544084680862936,Snelling Avenue,4,#BA3A30
307,22,44.940309,-93.167045,2025-03-07T00:33:42Z,0.264298,Snelling Avenue South L,0.050225,-0.105056,0.2888126495931229,Snelling Avenue,4,#BA3A30
308,23,44.940309,-93.167045,2025-03-07T00:33:43Z,0.26046,Snelling Avenue South L,0.046265,-0.092067,0.2801003290144444,Snelling Avenue,4,#BA3A30
309,24,44.940309,-93.167045,2025-03-07T00:33:44Z,0.240072,Snelling Avenue South L,0.042798,-0.089396,0.2597265462058124,Snelling Avenue,4,#BA3A30
310,25,44.940309,-93.167045,2025-03-07T00:33:45Z,0.226182,Snelling Avenue South L,0.04208,-0.084451,0.24507344802120037,Snelling Avenue,4,#BA3A30
311,26,44.940309,-93.167045,2025-03-07T00:33:46Z,0.210795,Snelling Avenue South L,0.034006,-0.072475,0.22548517841756252,Snelling Avenue,4,#BA3A30
312,27,44.940309,-93.167045,2025-03-07T00:33:47Z,0.196804,Snelling Avenue South L,0.031946,-0.064632,0.2095940284359266,Snelling Avenue,4,#BA3A30
313,28,44.940309,-93.167045,2025-03-07T00:33:48Z,0.172698,Snelling Avenue South L,0.028465,-0.068011,0.18777739893288542,Snelling Avenue,4,#BA3A30
314,29,44.940309,-93.167045,2025-03-07T00:33:49Z,0.167703,Snelling Avenue South L,0.023854,-0.053634,0.17767924887560732,Snelling Avenue,4,#BA3A30
315,30,44.940309,-93.167045,2025-03-07T00:33:50Z,0.149645,Snelling Avenue South L,0.023408,-0.04663,0.15848002205009942,Snelling Avenue,4,#BA3A30
316,31,44.940309,-93.167045,2025-03-07T00:33:51Z,0.137974,Snelling Avenue South L,0.016369,-0.041719,0.14506978940496193,Snelling Avenue,4,#BA3A30
317,32,44.940309,-93.167045,2025-03-07T00:33:52Z,0.122781,Snelling Avenue South L,0.012998,-0.037897,0.12915225346078946,Snelling Avenue,4,#BA3A30
318,33,44.940309,-93.167045,2025-03-07T00:33:53Z,0.104793,Snelling Avenue South L,0.011339,-0.033106,0.11048146001026597,Snelling Avenue,4,#BA3A30
319,34,44.940309,-93.167045,2025-03-07T00:33:54Z,0.102532,Snelling Avenue South L,0.009886,-0.019127,0.10476824971812787,Snelling Avenue,4,#BA3A30
320,35,44.940309,-93.167045,2025-03-07T00:33:55Z,0.084,Snelling Avenue South L,0.005709,-0.023819,0.087498213936057,Snelling Avenue,4,#BA3A30
321,36,44.940309,-93.167045,2025-03-07T00:33:56Z,0.080907,Snelling Avenue South L,0.004449,-0.018062,0.0830179022500569,Snelling Avenue,4,#BA3A30
322,37,44.940309,-93.167045,2025-03-07T00:33:57Z,0.070404,Snelling Avenue South L,0.003498,-0.015967,0.0722765820235019,Snelling Avenue,4,#BA3A30
323,38,44.940309,-93.167045,2025-03-07T00:33:58Z,0.064793,Snelling Avenue South L,-4.91e-4,-0.005596,0.06503606035116212,Snelling Avenue,4,#BA3A30
324,39,44.940309,-93.167045,2025-03-07T00:33:59Z,0.056331,Snelling Avenue South L,-9.74e-4,-0.012334,0.057673718390615324,Snelling Avenue,4,#BA3A30
325,40,44.940309,-93.167045,2025-03-07T00:34:00Z,0.048201,Snelling Avenue South L,-0.003035,-0.007388,0.048858266137880905,Snelling Avenue,4,#BA3A30
326,41,44.940309,-93.167045,2025-03-07T00:34:01Z,0.301093,Snelling Avenue South L,0.060918,-0.06176,0.3133405415406695,Snelling Avenue,4,#BA3A30
327,42,44.940289,-93.167065,2025-03-07T00:34:02Z,0.618626,Snelling Avenue South L,0.137145,-0.142361,0.6494409389790576,Snelling Avenue,4,#BA3A30
328,43,44.940288,-93.167064,2025-03-07T00:34:03Z,1.787905,Snelling Avenue South L,0.4078,-0.410804,1.8792724803606846,Snelling Avenue,4,#BA3A30
329,44,44.940263,-93.167061,2025-03-07T00:34:04Z,1.364361,Snelling Avenue South L,0.311667,-0.323423,1.4363912051175334,Snelling Avenue,4,#BA3A30
330,45,44.940225,-93.167062,2025-03-07T00:34:05Z,1.0315,Snelling Avenue South L,0.260621,-0.240784,1.0908219333589695,Snelling Avenue,4,#BA3A30
331,46,44.940174,-93.16706,2025-03-07T00:34:06Z,0.69822,Snelling Avenue South L,0.127705,-0.165684,0.7288833399666917,Snelling Avenue,4,#BA3A30
332,47,44.940113,-93.16706,2025-03-07T00:34:07Z,0.640529,Snelling Avenue South L,0.118757,-0.120764,0.6625440125652031,Snelling Avenue,4,#BA3A30
333,48,44.94004,-93.167059,2025-03-07T00:34:08Z,0.579971,Snelling Avenue South L,0.144704,-0.084312,0.6036672277016535,Snelling Avenue,4,#BA3A30
334,49,44.939959,-93.167061,2025-03-07T00:34:09Z,0.434329,Snelling Avenue South L,0.135367,-0.006577,0.45498259511656053,Snelling Avenue,4,#BA3A30
335,50,44.939877,-93.167063,2025-03-07T00:34:10Z,0.425148,Snelling Avenue South L,0.150625,-0.077367,0.45762906946346843,Snelling Avenue,4,#BA3A30
336,51,44.939773,-93.167063,2025-03-07T00:34:11Z,0.412746,Snelling Avenue South L,0.042784,-0.088529,0.4242960228578628,Snelling Avenue,4,#BA3A30
337,52,44.939664,-93.167065,2025-03-07T00:34:12Z,0.024043,Snelling Avenue South L,0.072457,0.063437,0.09925893242927812,Snelling Avenue,4,#BA3A30
338,53,44.939549,-93.167065,2025-03-07T00:34:13Z,-0.033565,Snelling Avenue South L,0.026824,-0.043401,0.061071949387587095,Snelling Avenue,4,#BA3A30
339,54,44.939429,-93.167066,2025-03-07T00:34:14Z,0.008058,Snelling Avenue South L,-0.014065,-0.085936,0.08745142471681064,Snelling Avenue,4,#BA3A30
340,55,44.939302,-93.167068,2025-03-07T00:34:15Z,-0.142166,Snelling Avenue South L,-0.055672,0.045193,0.15922609832876017,Snelling Avenue,4,#BA3A30
341,56,44.939175,-93.167062,2025-03-07T00:34:16Z,-0.473494,Snelling Avenue South L,-0.107721,0.039907,0.4872298744186362,Snelling Avenue,4,#BA3A30
342,57,44.939037,-93.167069,2025-03-07T00:34:17Z,-0.511017,Snelling Avenue South L,-0.066631,0.053598,0.5181223890684518,Snelling Avenue,4,#BA3A30
343,58,44.938903,-93.167066,2025-03-07T00:34:18Z,-0.524349,Snelling Avenue South L,-0.193881,0.206481,0.5959581523253121,Snelling Avenue,4,#BA3A30
344,59,44.938767,-93.167066,2025-03-07T00:34:19Z,-0.613284,Snelling Avenue South L,-0.124336,0.127464,0.6386108179854144,Snelling Avenue,4,#BA3A30
345,60,44.938634,-93.167068,2025-03-07T00:34:20Z,-0.300528,Snelling Avenue South L,-0.067391,0.153486,0.34411709905350535,Snelling Avenue,4,#BA3A30
346,61,44.938497,-93.16707,2025-03-07T00:34:21Z,-0.339589,Snelling Avenue South L,-0.094472,0.1199,0.3723192953702507,Snelling Avenue,4,#BA3A30
347,62,44.938359,-93.167071000000007,2025-03-07T00:34:22Z,-0.379825,Snelling Avenue South L,-0.037437,0.059345,0.38625171665508495,Snelling Avenue,4,#BA3A30
348,63,44.938219,-93.167069,2025-03-07T00:34:23Z,-0.43682,Snelling Avenue South L,-0.149918,0.175382,0.49401008597800916,Snelling Avenue,4,#BA3A30
349,64,44.93808,-93.16707,2025-03-07T00:34:24Z,-0.482578,Snelling Avenue South L,-0.220012,0.162153,0.55459931629691,Snelling Avenue,4,#BA3A30
350,65,44.937943,-93.167072,2025-03-07T00:34:25Z,-0.604193,Snelling Avenue South L,-0.392169,0.156201,0.7370511910383158,Snelling Avenue,4,#BA3A30
351,66,44.937807,-93.167074,2025-03-07T00:34:26Z,-0.493343,Snelling Avenue South L,-0.186625,-0.002858,0.5274697853318235,Snelling Avenue,4,#BA3A30
352,67,44.937674,-93.167074,2025-03-07T00:34:27Z,-0.416632,Snelling Avenue South L,-0.134743,0.13009,0.4567946010768954,Snelling Avenue,4,#BA3A30
353,68,44.93754,-93.167074,2025-03-07T00:34:28Z,-0.286303,Snelling Avenue South L,-0.104036,0.14443,0.3371244903666893,Snelling Avenue,4,#BA3A30
354,69,44.937407,-93.167074,2025-03-07T00:34:29Z,-0.311361,Snelling Avenue South L,-0.1112,0.131932,0.3559735452881295,Snelling Avenue,4,#BA3A30
355,70,44.937274,-93.167076,2025-03-07T00:34:30Z,-0.370511,Snelling Avenue South L,-0.073812,0.02616,0.3786963929918002,Snelling Avenue,4,#BA3A30
356,71,44.937139,-93.167078,2025-03-07T00:34:31Z,-0.243322,Snelling Avenue South L,-0.066655,0.081583,0.2651495249816601,Snelling Avenue,4,#BA3A30
357,72,44.937007,-93.167078,2025-03-07T00:34:32Z,-0.039682,Snelling Avenue South L,-0.046564,0.016835,0.06345300973949147,Snelling Avenue,4,#BA3A30
358,73,44.936873,-93.167079,2025-03-07T00:34:33Z,0.029386,Snelling Avenue South L,-0.00216,-0.020252,0.03575396621355455,Snelling Avenue,4,#BA3A30
359,74,44.936737,-93.167078,2025-03-07T00:34:34Z,0.047008,Snelling Avenue South L,0.031742,0.040681,0.0698015070682575,Snelling Avenue,4,#BA3A30
360,75,44.936596,-93.167079,2025-03-07T00:34:35Z,-0.189032,Snelling Avenue South L,-0.036969,0.049038,0.19875746383217913,Snelling Avenue,4,#BA3A30
361,76,44.936454,-93.167083,2025-03-07T00:34:36Z,-0.170361,Snelling Avenue South L,-0.093023,0.031496,0.19664217977331314,Snelling Avenue,4,#BA3A30
362,77,44.936316,-93.167083,2025-03-07T00:34:37Z,-0.122762,Snelling Avenue South L,0.00522,0.075349,0.1441361469063191,Snelling Avenue,4,#BA3A30
363,78,44.936176,-93.167084,2025-03-07T00:34:38Z,-0.32802,Snelling Avenue South L,-0.117724,0.155786,0.38173988312986107,Snelling Avenue,4,#BA3A30
364,79,44.936038,-93.167085,2025-03-07T00:34:39Z,-0.371687,Snelling Avenue South L,-0.098053,0.089153,0.39460597332909186,Snelling Avenue,4,#BA3A30
365,80,44.935897,-93.167086,2025-03-07T00:34:40Z,-0.313724,Snelling Avenue South L,-0.101406,0.031968,0.33125198570876524,Snelling Avenue,4,#BA3A30
366,81,44.935769,-93.167086,2025-03-07T00:34:41Z,-0.162541,Snelling Avenue South L,-0.06579,0.023832,0.1769628916044265,Snelling Avenue,4,#BA3A30
367,82,44.935635,-93.167085,2025-03-07T00:34:42Z,-0.126785,Snelling Avenue South L,-0.066746,0.047262,0.1508746545480718,Snelling Avenue,4,#BA3A30
368,83,44.935502,-93.167085,2025-03-07T00:34:43Z,-0.148591,Snelling Avenue South L,-0.047817,0.017124,0.15703178705599705,Snelling Avenue,4,#BA3A30
369,84,44.935369,-93.167084,2025-03-07T00:34:44Z,-0.373305,Snelling Avenue South L,-0.170222,0.056003,0.4140875370232724,Snelling Avenue,4,#BA3A30
370,85,44.935236,-93.167085,2025-03-07T00:34:45Z,-0.416793,Snelling Avenue South L,-0.035622,0.080033000000000007,0.42589976851602074,Snelling Avenue,4,#BA3A30
371,86,44.935108,-93.167087,2025-03-07T00:34:46Z,-0.481851,Snelling Avenue South L,-0.144034,0.15362,0.5258567140932975,Snelling Avenue,4,#BA3A30
372,87,44.934988,-93.167082,2025-03-07T00:34:47Z,-1.308463,Snelling Avenue South L,-0.361807,0.30907,1.3923016887578639,Snelling Avenue,4,#BA3A30
373,88,44.934874,-93.167087,2025-03-07T00:34:48Z,-1.334785,Snelling Avenue South L,-0.449953,0.281982,1.4365314290881352,Snelling Avenue,4,#BA3A30
374,89,44.934779,-93.167075,2025-03-07T00:34:49Z,-1.125177,Snelling Avenue South L,-0.220204,-0.256191,1.174796540438386,Snelling Avenue,4,#BA3A30
375,90,44.934694,-93.167079,2025-03-07T00:34:50Z,-0.785176,Snelling Avenue South L,-0.167691,-0.236962,0.8371216231235459,Snelling Avenue,4,#BA3A30
376,91,44.934618,-93.167064,2025-03-07T00:34:51Z,-0.146311,Snelling Avenue South L,-0.071372,0.131575,0.2093151970832505,Snelling Avenue,4,#BA3A30
377,92,44.934556,-93.167049,2025-03-07T00:34:52Z,0.09314,Snelling Avenue South L,0.079486,0.389986,0.40875685192055194,Snelling Avenue,4,#BA3A30
378,1,44.934392,-93.166957,2025-03-07T00:38:20Z,0.695577,Snelling Avenue North R,0.192373,0.742349,1.0353341353683845,Snelling Avenue,4,#DB7460
379,2,44.934448,-93.166963,2025-03-07T00:38:21Z,0.353127,Snelling Avenue North R,0.092099,0.336785,0.49659343547312423,Snelling Avenue,4,#DB7460
380,3,44.934506,-93.166962,2025-03-07T00:38:22Z,0.058683,Snelling Avenue North R,0.041769,-0.326346,0.3342006217319172,Snelling Avenue,4,#DB7460
381,4,44.934574,-93.166974,2025-03-07T00:38:23Z,0.592222,Snelling Avenue North R,0.099934,-0.449267,0.750036358404711,Snelling Avenue,4,#DB7460
382,5,44.934649,-93.166978,2025-03-07T00:38:24Z,0.484637,Snelling Avenue North R,0.150289,-0.430529,0.6654434800424451,Snelling Avenue,4,#DB7460
383,6,44.934731,-93.166983,2025-03-07T00:38:25Z,0.357762,Snelling Avenue North R,0.070886,-0.342235,0.5001432483449118,Snelling Avenue,4,#DB7460
384,7,44.93483,-93.16698,2025-03-07T00:38:26Z,-0.094367,Snelling Avenue North R,0.004015,-0.23842,0.2564475527549444,Snelling Avenue,4,#DB7460
385,8,44.934927,-93.166978,2025-03-07T00:38:27Z,-0.050901,Snelling Avenue North R,0.03888,-0.251094,0.2591346426802098,Snelling Avenue,4,#DB7460
386,9,44.935029,-93.166978,2025-03-07T00:38:28Z,-0.166622,Snelling Avenue North R,-0.023196,-0.205306,0.265427012445983,Snelling Avenue,4,#DB7460
387,10,44.935136,-93.166975,2025-03-07T00:38:29Z,-0.39878,Snelling Avenue North R,-0.149921,-0.24539,0.4916482957775813,Snelling Avenue,4,#DB7460
388,11,44.935245,-93.166976,2025-03-07T00:38:30Z,-0.298253,Snelling Avenue North R,-0.247871,-0.129963,0.4090052151489025,Snelling Avenue,4,#DB7460
389,12,44.935351,-93.166972,2025-03-07T00:38:31Z,-0.557305,Snelling Avenue North R,0.154593,-0.161696,0.6005276472319988,Snelling Avenue,4,#DB7460
390,13,44.935462,-93.166972,2025-03-07T00:38:32Z,-0.405915,Snelling Avenue North R,-0.166927,-0.073058,0.4449371662583381,Snelling Avenue,4,#DB7460
391,14,44.935571,-93.166973,2025-03-07T00:38:33Z,-0.39823,Snelling Avenue North R,-0.1207,-0.071488,0.4222157707191904,Snelling Avenue,4,#DB7460
392,15,44.935685,-93.166971,2025-03-07T00:38:34Z,-0.482936,Snelling Avenue North R,-0.107444,-0.093467,0.5034952565029783,Snelling Avenue,4,#DB7460
393,16,44.935802,-93.166971,2025-03-07T00:38:35Z,-0.496423,Snelling Avenue North R,-0.103928,-0.023211,0.507716037400829,Snelling Avenue,4,#DB7460
394,17,44.935914,-93.166977,2025-03-07T00:38:36Z,-0.405922,Snelling Avenue North R,-0.103426,-0.04514,0.4213160656324418,Snelling Avenue,4,#DB7460
395,18,44.936023,-93.166975,2025-03-07T00:38:37Z,-0.39765,Snelling Avenue North R,-0.118269,0.030907,0.41601480924361334,Snelling Avenue,4,#DB7460
396,19,44.936134,-93.166981,2025-03-07T00:38:38Z,-0.322007,Snelling Avenue North R,-0.17438,-0.051115,0.36974266142007467,Snelling Avenue,4,#DB7460
397,20,44.936245,-93.166981,2025-03-07T00:38:39Z,-0.322645,Snelling Avenue North R,0.005808,-0.082644,0.33311193257672417,Snelling Avenue,4,#DB7460
398,21,44.936357,-93.166988,2025-03-07T00:38:40Z,-0.314019,Snelling Avenue North R,-0.117532,0.035755,0.33719448899707716,Snelling Avenue,4,#DB7460
399,22,44.936468,-93.16699,2025-03-07T00:38:41Z,-0.275317,Snelling Avenue North R,-0.065507,0.132482,0.31247735575878133,Snelling Avenue,4,#DB7460
400,23,44.936581,-93.166988,2025-03-07T00:38:42Z,-0.199084,Snelling Avenue North R,-0.051928,0.082744,0.22176006352812944,Snelling Avenue,4,#DB7460
401,24,44.936692,-93.166988,2025-03-07T00:38:43Z,-0.240117,Snelling Avenue North R,-0.111542,-0.022264,0.2656943302914084,Snelling Avenue,4,#DB7460
402,25,44.936799,-93.166987,2025-03-07T00:38:44Z,-0.272866,Snelling Avenue North R,-0.040539,-0.069728,0.28453691932858205,Snelling Avenue,4,#DB7460
403,26,44.936913,-93.166988,2025-03-07T00:38:45Z,-0.241452,Snelling Avenue North R,-0.056283,-0.047575,0.25244846012206135,Snelling Avenue,4,#DB7460
404,27,44.937027,-93.166988,2025-03-07T00:38:46Z,-0.135279,Snelling Avenue North R,-0.083722,-0.020922,0.16046031038546574,Snelling Avenue,4,#DB7460
405,28,44.937136,-93.166986,2025-03-07T00:38:47Z,-0.136793,Snelling Avenue North R,0.012528,0.060463,0.15008347677875802,Snelling Avenue,4,#DB7460
406,29,44.937246,-93.166986,2025-03-07T00:38:48Z,-0.114281,Snelling Avenue North R,-0.079591,0.047814,0.14724487372401118,Snelling Avenue,4,#DB7460
407,30,44.937356,-93.166985,2025-03-07T00:38:49Z,-0.108325,Snelling Avenue North R,-0.043213,0.011241,0.1171666722024655,Snelling Avenue,4,#DB7460
408,31,44.937464,-93.166987,2025-03-07T00:38:50Z,-0.061577,Snelling Avenue North R,-0.020482,-0.007897,0.06537279145026623,Snelling Avenue,4,#DB7460
409,32,44.937578,-93.166972,2025-03-07T00:38:51Z,-0.092913,Snelling Avenue North R,-0.084222,0.021183,0.12718054230895542,Snelling Avenue,4,#DB7460
410,33,44.937672,-93.166969,2025-03-07T00:38:52Z,-0.086361,Snelling Avenue North R,0.006297,-0.017384,0.08831805017095881,Snelling Avenue,4,#DB7460
411,34,44.937784,-93.166968,2025-03-07T00:38:53Z,-0.187541,Snelling Avenue North R,-0.097223,-0.174673,0.2741069049458623,Snelling Avenue,4,#DB7460
412,35,44.937897,-93.166966,2025-03-07T00:38:54Z,-0.201969,Snelling Avenue North R,-0.12824,-0.027654,0.24083545892787467,Snelling Avenue,4,#DB7460
413,36,44.938009,-93.166974,2025-03-07T00:38:55Z,-8.53e-4,Snelling Avenue North R,-0.302727,0.157215,0.3411171651544378,Snelling Avenue,4,#DB7460
414,37,44.938122,-93.166975,2025-03-07T00:38:56Z,-0.122771,Snelling Avenue North R,-0.037319,0.074699,0.14847682244377403,Snelling Avenue,4,#DB7460
415,38,44.938237,-93.166972,2025-03-07T00:38:57Z,-0.081474,Snelling Avenue North R,-0.015784,0.085556,0.11919302189306218,Snelling Avenue,4,#DB7460
416,39,44.938339,-93.166972,2025-03-07T00:38:58Z,-0.017464,Snelling Avenue North R,-0.002895,0.038022,0.04194096809803036,Snelling Avenue,4,#DB7460
417,40,44.938448,-93.166969,2025-03-07T00:38:59Z,-0.056406,Snelling Avenue North R,-0.037694,0.014439,0.06936107837252821,Snelling Avenue,4,#DB7460
418,41,44.938557,-93.166969,2025-03-07T00:39:00Z,-0.192235,Snelling Avenue North R,-0.064432,-0.015272,0.2033199740138681,Snelling Avenue,4,#DB7460
419,42,44.93867,-93.166964,2025-03-07T00:39:01Z,-0.288755,Snelling Avenue North R,-0.058408,-0.022633,0.2954711444083838,Snelling Avenue,4,#DB7460
420,43,44.938774,-93.166972,2025-03-07T00:39:02Z,-0.434283,Snelling Avenue North R,-0.162059,0.204558,0.5066644046447313,Snelling Avenue,4,#DB7460
421,44,44.938872,-93.166975,2025-03-07T00:39:03Z,-0.755933,Snelling Avenue North R,-0.143442,0.187164,0.7918589967595241,Snelling Avenue,4,#DB7460
422,45,44.938964,-93.16697,2025-03-07T00:39:04Z,-0.734005,Snelling Avenue North R,-0.173139,0.152668,0.7694465358749756,Snelling Avenue,4,#DB7460
423,46,44.939046,-93.166968,2025-03-07T00:39:05Z,-0.500793,Snelling Avenue North R,-0.181391,0.126119,0.5473594119872244,Snelling Avenue,4,#DB7460
424,47,44.93912,-93.166968,2025-03-07T00:39:06Z,-0.385281,Snelling Avenue North R,-0.203622,0.143649,0.45884463933449193,Snelling Avenue,4,#DB7460
425,48,44.939195,-93.16697,2025-03-07T00:39:07Z,-0.546725,Snelling Avenue North R,-0.13993,0.180323,0.5924567620122164,Snelling Avenue,4,#DB7460
426,49,44.939267,-93.166967,2025-03-07T00:39:08Z,-0.595871,Snelling Avenue North R,-0.178728,0.163052,0.6431111111845293,Snelling Avenue,4,#DB7460
427,50,44.939328,-93.166965,2025-03-07T00:39:09Z,-0.565051,Snelling Avenue North R,-0.136725,0.109065,0.5914993934493932,Snelling Avenue,4,#DB7460
428,51,44.939379,-93.166964,2025-03-07T00:39:10Z,-0.569874,Snelling Avenue North R,-0.128589,0.121529,0.596708307833903,Snelling Avenue,4,#DB7460
429,52,44.93942,-93.166964,2025-03-07T00:39:11Z,-0.587757,Snelling Avenue North R,-0.167653,0.134845,0.6258985488743363,Snelling Avenue,4,#DB7460
430,53,44.939454,-93.166963,2025-03-07T00:39:12Z,-0.625662,Snelling Avenue North R,-0.150481,0.143538,0.6593183048035297,Snelling Avenue,4,#DB7460
431,54,44.939478,-93.166963,2025-03-07T00:39:13Z,-0.530581,Snelling Avenue North R,-0.144738,0.126702,0.5643745945814712,Snelling Avenue,4,#DB7460
432,55,44.939492,-93.166961,2025-03-07T00:39:14Z,-0.132438,Snelling Avenue North R,0.001008,0.030929,0.13600530485609744,Snelling Avenue,4,#DB7460
433,56,44.9395,-93.166961,2025-03-07T00:39:15Z,0.040454,Snelling Avenue North R,0.044784,0.030239,0.06750207324964173,Snelling Avenue,4,#DB7460
434,57,44.939507,-93.166964,2025-03-07T00:39:16Z,0.1588,Snelling Avenue North R,0.021453,-0.020941,0.16160506393674673,Snelling Avenue,4,#DB7460
435,58,44.93951,-93.166962,2025-03-07T00:39:17Z,0.287492,Snelling Avenue North R,0.084815,-0.041836,0.30264746023219824,Snelling Avenue,4,#DB7460
436,59,44.939512,-93.166962,2025-03-07T00:39:18Z,0.527146,Snelling Avenue North R,0.138952,-0.091584,0.5527912740592058,Snelling Avenue,4,#DB7460
437,60,44.939515,-93.166965,2025-03-07T00:39:19Z,0.697365,Snelling Avenue North R,0.180189,-0.127155,0.7314057786010444,Snelling Avenue,4,#DB7460
438,61,44.939523,-93.166973,2025-03-07T00:39:20Z,0.629461,Snelling Avenue North R,0.158255,-0.116121,0.6593556568249036,Snelling Avenue,4,#DB7460
439,62,44.939527,-93.166969,2025-03-07T00:39:21Z,0.507643,Snelling Avenue North R,0.126312,-0.088792,0.5306035771242029,Snelling Avenue,4,#DB7460
440,63,44.939537,-93.166968,2025-03-07T00:39:22Z,0.367277,Snelling Avenue North R,0.087801,-0.062084,0.3826954838850336,Snelling Avenue,4,#DB7460
441,64,44.939545,-93.166969,2025-03-07T00:39:23Z,0.131911,Snelling Avenue North R,0.032911,-0.015253,0.13680752848801853,Snelling Avenue,4,#DB7460
442,65,44.939547,-93.166968,2025-03-07T00:39:24Z,0.148219,Snelling Avenue North R,0.030917,-0.007822,0.151611069958628,Snelling Avenue,4,#DB7460
443,66,44.939546,-93.166967,2025-03-07T00:39:25Z,0.139511,Snelling Avenue North R,0.030813,-0.012269,0.14339905317330376,Snelling Avenue,4,#DB7460
444,67,44.939545,-93.166967,2025-03-07T00:39:26Z,0.214279,Snelling Avenue North R,0.045922,-0.020164,0.22007023156483477,Snelling Avenue,4,#DB7460
445,68,44.939545,-93.166969,2025-03-07T00:39:27Z,0.256138,Snelling Avenue North R,0.058374,-0.034685,0.2649853734548381,Snelling Avenue,4,#DB7460
446,69,44.939544,-93.166968,2025-03-07T00:39:28Z,0.241692,Snelling Avenue North R,0.053624,-0.030033,0.249384316525719,Snelling Avenue,4,#DB7460
447,70,44.939544,-93.166968,2025-03-07T00:39:29Z,0.222296,Snelling Avenue North R,0.048473,-0.030398,0.2295412419348645,Snelling Avenue,4,#DB7460
448,71,44.939544,-93.166968,2025-03-07T00:39:30Z,0.471574,Snelling Avenue North R,0.108276,-0.076325,0.4898277608272116,Snelling Avenue,4,#DB7460
449,72,44.93954,-93.166969,2025-03-07T00:39:31Z,0.704028,Snelling Avenue North R,0.16189,-0.121914,0.7326164209734859,Snelling Avenue,4,#DB7460
450,73,44.939547,-93.16697,2025-03-07T00:39:32Z,1.472614,Snelling Avenue North R,0.338511,-0.297389,1.5400071127881196,Snelling Avenue,4,#DB7460
451,74,44.939567,-93.166967,2025-03-07T00:39:33Z,1.285682,Snelling Avenue North R,0.288142,-0.262949,1.3435572908845383,Snelling Avenue,4,#DB7460
452,75,44.939607,-93.166974,2025-03-07T00:39:34Z,1.003061,Snelling Avenue North R,0.229043,-0.153545,1.0402731048119047,Snelling Avenue,4,#DB7460
453,76,44.939654,-93.166976,2025-03-07T00:39:35Z,0.784485,Snelling Avenue North R,0.230995,-0.097474,0.8235754889055404,Snelling Avenue,4,#DB7460
454,77,44.939696,-93.166982,2025-03-07T00:39:36Z,0.649609,Snelling Avenue North R,0.12291,-0.139873,0.6757685825117945,Snelling Avenue,4,#DB7460
455,78,44.939765,-93.166975,2025-03-07T00:39:37Z,0.556191,Snelling Avenue North R,0.10819,-0.066528,0.5705080887813949,Snelling Avenue,4,#DB7460
456,79,44.939832,-93.16697,2025-03-07T00:39:38Z,0.408077,Snelling Avenue North R,0.072304,-0.087487,0.4235666199241862,Snelling Avenue,4,#DB7460
457,80,44.939905,-93.16697,2025-03-07T00:39:39Z,0.131619,Snelling Avenue North R,0.060208,0.016715,0.1456981662547611,Snelling Avenue,4,#DB7460
458,81,44.939983,-93.166969,2025-03-07T00:39:40Z,-0.009096,Snelling Avenue North R,0.047986,0.091287,0.10353120196829553,Snelling Avenue,4,#DB7460
459,82,44.940063,-93.166967,2025-03-07T00:39:41Z,-0.047875,Snelling Avenue North R,0.010643,-0.026861,0.055917818224605294,Snelling Avenue,4,#DB7460
460,83,44.940147,-93.166966,2025-03-07T00:39:42Z,0.362656,Snelling Avenue North R,-0.264899,-0.082992,0.4567039813719604,Snelling Avenue,4,#DB7460
461,84,44.940239,-93.166962,2025-03-07T00:39:43Z,0.128185,Snelling Avenue North R,0.169567,-0.103258,0.23631880221006538,Snelling Avenue,4,#DB7460
462,85,44.940336,-93.166965,2025-03-07T00:39:44Z,-0.391562,Snelling Avenue North R,-0.072794,0.057668,0.4024243587358996,Snelling Avenue,4,#DB7460
463,86,44.940432,-93.166968,2025-03-07T00:39:45Z,-0.693685,Snelling Avenue North R,-0.15812,0.147071,0.7265195748677389,Snelling Avenue,4,#DB7460
464,87,44.940527,-93.166968,2025-03-07T00:39:46Z,-0.680964,Snelling Avenue North R,-0.167603,0.168853,0.7213279909403212,Snelling Avenue,4,#DB7460
465,88,44.94062,-93.166965,2025-03-07T00:39:47Z,-0.550466,Snelling Avenue North R,-0.218714,0.14708,0.6103123440927605,Snelling Avenue,4,#DB7460
466,89,44.94071,-93.166962,2025-03-07T00:39:48Z,-0.117344,Snelling Avenue North R,-0.064856,0.090282,0.1616377264007385,Snelling Avenue,4,#DB7460
467,90,44.940803,-93.166964,2025-03-07T00:39:49Z,-0.274678,Snelling Avenue North R,-0.005282,0.041312,0.2778175382368795,Snelling Avenue,4,#DB7460
468,91,44.940894,-93.166966,2025-03-07T00:39:50Z,-0.48679,Snelling Avenue North R,-0.169952,0.13762,0.5336548049104402,Snelling Avenue,4,#DB7460
469,92,44.940986,-93.166967,2025-03-07T00:39:51Z,-0.377314,Snelling Avenue North R,-0.099841,0.08797,0.4000909906221333,Snelling Avenue,4,#DB7460
470,93,44.941074,-93.166967,2025-03-07T00:39:52Z,-0.341586,Snelling Avenue North R,-0.112858,0.165499,0.3959897000693326,Snelling Avenue,4,#DB7460
471,94,44.941164,-93.166965,2025-03-07T00:39:53Z,-0.440618,Snelling Avenue North R,-0.144404,0.149671,0.48723520539981513,Snelling Avenue,4,#DB7460
472,95,44.941251,-93.166964,2025-03-07T00:39:54Z,-0.390219,Snelling Avenue North R,0.034988,0.077485,0.39937320056558623,Snelling Avenue,4,#DB7460
473,96,44.941336,-93.166964,2025-03-07T00:39:55Z,-0.022219,Snelling Avenue North R,-0.142266,0.004433,0.14405884285943713,Snelling Avenue,4,#DB7460
474,97,44.941423,-93.166963,2025-03-07T00:39:56Z,0.146357,Snelling Avenue North R,0.03791,-0.15532,0.21675295141935208,Snelling Avenue,4,#DB7460
475,2,44.934578,-93.166997,2025-03-07T00:27:40Z,0.496115,Snelling Avenue North L,0.192096,0.162789,0.55635530460489,Snelling Avenue,4,#FCAE91
476,3,44.934664,-93.166998,2025-03-07T00:27:41Z,0.47109,Snelling Avenue North L,0.140879,0.40831,0.6391320183193767,Snelling Avenue,4,#FCAE91
477,4,44.934757,-93.167,2025-03-07T00:27:42Z,0.385537,Snelling Avenue North L,0.153158,0.423559,0.5928729862407294,Snelling Avenue,4,#FCAE91
478,5,44.934857,-93.167002,2025-03-07T00:27:43Z,0.044262,Snelling Avenue North L,0.017339,0.383753,0.3866860878981813,Snelling Avenue,4,#FCAE91
479,6,44.934963,-93.167,2025-03-07T00:27:44Z,0.054144,Snelling Avenue North L,0.036863,0.356498,0.3624655535481958,Snelling Avenue,4,#FCAE91
480,7,44.935073,-93.167,2025-03-07T00:27:45Z,-0.186583,Snelling Avenue North L,0.009444,0.363327,0.4085448738559817,Snelling Avenue,4,#FCAE91
481,8,44.935184,-93.167,2025-03-07T00:27:47Z,-0.307214,Snelling Avenue North L,-0.121252,0.361551,0.48969543075364713,Snelling Avenue,4,#FCAE91
482,9,44.935296,-93.167016,2025-03-07T00:27:48Z,-0.330542,Snelling Avenue North L,-6.05e-4,0.395749,0.5156313128486283,Snelling Avenue,4,#FCAE91
483,10,44.935419,-93.167017,2025-03-07T00:27:49Z,-0.374115,Snelling Avenue North L,-0.057698,0.332866,0.5040742667355674,Snelling Avenue,4,#FCAE91
484,11,44.935537,-93.167014,2025-03-07T00:27:50Z,-0.488406,Snelling Avenue North L,-0.087552,0.307072,0.583522910196335,Snelling Avenue,4,#FCAE91
485,12,44.935656,-93.16702,2025-03-07T00:27:51Z,-0.41037,Snelling Avenue North L,-0.099059,0.319639,0.5295142233236044,Snelling Avenue,4,#FCAE91
486,13,44.935778,-93.167021,2025-03-07T00:27:52Z,-0.360015,Snelling Avenue North L,-0.09087,0.329197,0.4962245680475726,Snelling Avenue,4,#FCAE91
487,14,44.935898,-93.167022,2025-03-07T00:27:53Z,-0.372661,Snelling Avenue North L,-0.096417,0.232502,0.4496994983475076,Snelling Avenue,4,#FCAE91
488,15,44.936015,-93.167018,2025-03-07T00:27:54Z,-0.324283,Snelling Avenue North L,-0.005512,0.234013,0.3999399084887629,Snelling Avenue,4,#FCAE91
489,16,44.936135,-93.16702,2025-03-07T00:27:55Z,-0.288027,Snelling Avenue North L,-0.165314,0.200761,0.38806346187962604,Snelling Avenue,4,#FCAE91
490,17,44.936256,-93.167022,2025-03-07T00:27:56Z,-0.177289,Snelling Avenue North L,-0.019272,0.325034,0.3707423642652671,Snelling Avenue,4,#FCAE91
491,18,44.93638,-93.167021,2025-03-07T00:27:57Z,-0.311773,Snelling Avenue North L,-0.08823,0.328436,0.46136443569590413,Snelling Avenue,4,#FCAE91
492,19,44.936503,-93.167017,2025-03-07T00:27:58Z,-0.216034,Snelling Avenue North L,-0.092137,0.266893,0.3555162294101354,Snelling Avenue,4,#FCAE91
493,20,44.93663,-93.167012,2025-03-07T00:27:59Z,-0.243992,Snelling Avenue North L,-0.044054,0.188217,0.3112852230174121,Snelling Avenue,4,#FCAE91
494,21,44.936753,-93.16701,2025-03-07T00:28:00Z,-0.21714,Snelling Avenue North L,-0.074361,0.16387,0.2820154513869763,Snelling Avenue,4,#FCAE91
495,22,44.936874,-93.167015,2025-03-07T00:28:01Z,-0.348485,Snelling Avenue North L,-0.023248,0.175229,0.39075243719009606,Snelling Avenue,4,#FCAE91
496,23,44.936998,-93.167014,2025-03-07T00:28:02Z,-0.288762,Snelling Avenue North L,-0.116034,0.136934,0.3399975031614203,Snelling Avenue,4,#FCAE91
497,24,44.93712,-93.167009,2025-03-07T00:28:02Z,0.011203,Snelling Avenue North L,-0.088615,0.0762,0.11740768899011682,Snelling Avenue,4,#FCAE91
498,25,44.937243,-93.167017,2025-03-07T00:28:03Z,0.04098,Snelling Avenue North L,0.108404,0.122367,0.16853625813159612,Snelling Avenue,4,#FCAE91
499,26,44.937361,-93.167023,2025-03-07T00:28:04Z,-0.142207,Snelling Avenue North L,-0.03816,0.140477,0.20350136112075515,Snelling Avenue,4,#FCAE91
500,27,44.937505,-93.167021,2025-03-07T00:28:05Z,-0.183963,Snelling Avenue North L,-0.031919,0.157217,0.24408685548181408,Snelling Avenue,4,#FCAE91
501,28,44.937634,-93.167011,2025-03-07T00:28:06Z,-0.248304,Snelling Avenue North L,-0.127207,0.130103,0.30783646287274025,Snelling Avenue,4,#FCAE91
502,29,44.93776,-93.167012,2025-03-07T00:28:07Z,-0.200356,Snelling Avenue North L,-0.072364,0.06628,0.2230966463934409,Snelling Avenue,4,#FCAE91
503,30,44.937884,-93.167016,2025-03-07T00:28:08Z,-0.206337,Snelling Avenue North L,-0.13608,0.116107,0.27308159846097285,Snelling Avenue,4,#FCAE91
504,31,44.93801,-93.167017,2025-03-07T00:28:09Z,-0.158713,Snelling Avenue North L,-0.302703,0.117738,0.36149849131358763,Snelling Avenue,4,#FCAE91
505,32,44.938132,-93.166996,2025-03-07T00:28:10Z,-0.034067,Snelling Avenue North L,-0.094513,0.12605,0.16118892690876752,Snelling Avenue,4,#FCAE91
506,33,44.938257,-93.166996,2025-03-07T00:28:11Z,-0.216651,Snelling Avenue North L,-0.015085,0.170873,0.27633818982362895,Snelling Avenue,4,#FCAE91
507,34,44.938359,-93.167002,2025-03-07T00:28:12Z,-0.274662,Snelling Avenue North L,-0.106672,0.147047,0.32930373523086554,Snelling Avenue,4,#FCAE91
508,35,44.938482,-93.167,2025-03-07T00:28:13Z,-0.170501,Snelling Avenue North L,-0.086013,0.122052,0.2266396211477596,Snelling Avenue,4,#FCAE91
509,36,44.938611,-93.167,2025-03-07T00:28:14Z,-0.074652,Snelling Avenue North L,-0.008659,0.067962,0.10132488751042361,Snelling Avenue,4,#FCAE91
510,37,44.938736,-93.167001,2025-03-07T00:28:15Z,0.011012,Snelling Avenue North L,0.02766,0.058993,0.06607960194341367,Snelling Avenue,4,#FCAE91
511,38,44.938862,-93.167006,2025-03-07T00:28:16Z,0.098249,Snelling Avenue North L,-0.002732,-0.004634,0.09839615734875017,Snelling Avenue,4,#FCAE91
512,39,44.938987,-93.167,2025-03-07T00:28:17Z,0.056609,Snelling Avenue North L,0.037691,-0.010032,0.06874468260163837,Snelling Avenue,4,#FCAE91
513,40,44.939112,-93.167004,2025-03-07T00:28:18Z,0.063105,Snelling Avenue North L,-0.100292,0.076312,0.14094058192373127,Snelling Avenue,4,#FCAE91
514,41,44.93924,-93.167004,2025-03-07T00:28:19Z,-0.170729,Snelling Avenue North L,-0.08042,0.119539,0.22339503208889852,Snelling Avenue,4,#FCAE91
515,42,44.939368,-93.167002,2025-03-07T00:28:20Z,-0.109202,Snelling Avenue North L,-0.019864,0.115354,0.16008185598624222,Snelling Avenue,4,#FCAE91
516,43,44.939489,-93.167008,2025-03-07T00:28:21Z,-0.129233,Snelling Avenue North L,-0.112805,0.083662,0.1908545691305293,Snelling Avenue,4,#FCAE91
517,44,44.939612,-93.167009,2025-03-07T00:28:22Z,-0.188321,Snelling Avenue North L,0.003081,0.097756,0.21220397531149127,Snelling Avenue,4,#FCAE91
518,45,44.939738,-93.167001,2025-03-07T00:28:23Z,-0.147493,Snelling Avenue North L,-0.065998,0.05535,0.17080264504099463,Snelling Avenue,4,#FCAE91
519,46,44.939863,-93.167007,2025-03-07T00:28:24Z,-0.011481,Snelling Avenue North L,-0.030087,0.089914,0.09550690198095632,Snelling Avenue,4,#FCAE91
520,47,44.939986,-93.167005,2025-03-07T00:28:25Z,-0.004947,Snelling Avenue North L,0.147359,0.100949,0.17868925063080876,Snelling Avenue,4,#FCAE91
521,48,44.940104,-93.167002,2025-03-07T00:28:26Z,0.036738,Snelling Avenue North L,-0.147528,-0.049833,0.1599922476778172,Snelling Avenue,4,#FCAE91
522,49,44.940231,-93.167002,2025-03-07T00:28:27Z,0.117664,Snelling Avenue North L,-0.063457,0.00228,0.1337041739999167,Snelling Avenue,4,#FCAE91
523,50,44.940355,-93.167005,2025-03-07T00:28:28Z,-0.104035,Snelling Avenue North L,0.005188,-0.002028,0.10418401678280599,Snelling Avenue,4,#FCAE91
524,51,44.940479,-93.167004,2025-03-07T00:28:29Z,-0.166323,Snelling Avenue North L,-0.079157,0.118844,0.21921009856756143,Snelling Avenue,4,#FCAE91
525,52,44.940609,-93.167002,2025-03-07T00:28:30Z,-0.293231,Snelling Avenue North L,-0.088454,0.097241,0.32134769574092176,Snelling Avenue,4,#FCAE91
526,53,44.940721,-93.167002,2025-03-07T00:28:31Z,-0.968657,Snelling Avenue North L,-0.269532,0.137155,1.0147686321019191,Snelling Avenue,4,#FCAE91
527,54,44.940828,-93.167003,2025-03-07T00:28:32Z,-1.229109,Snelling Avenue North L,-0.31515,-0.098432,1.2726811521370935,Snelling Avenue,4,#FCAE91
528,55,44.940927,-93.167012,2025-03-07T00:28:33Z,-1.16793,Snelling Avenue North L,-0.333592,-0.12449,1.2210003552268114,Snelling Avenue,4,#FCAE91
529,56,44.941009,-93.166993,2025-03-07T00:28:34Z,-1.053225,Snelling Avenue North L,-0.255127,0.328818,1.13247250027451,Snelling Avenue,4,#FCAE91
530,57,44.941084,-93.166993,2025-03-07T00:28:35Z,-1.133057,Snelling Avenue North L,-0.344181,0.508563,1.2887649323980692,Snelling Avenue,4,#FCAE91
531,58,44.94114,-93.166993,2025-03-07T00:28:36Z,-0.748647,Snelling Avenue North L,-0.199783,0.459693,0.9009457430650305,Snelling Avenue,4,#FCAE91
532,59,44.941186,-93.166993,2025-03-07T00:28:37Z,-0.645028,Snelling Avenue North L,-0.162878,0.406725,0.7797535439438541,Snelling Avenue,4,#FCAE91
533,1,44.941645,-93.17752,2025-03-07T00:24:48Z,-0.809683,Fairview Avenue North,-0.19459,0.088084,0.8373831976132552,Fairview Avenue,2,#FCAE91
534,2,44.941628,-93.177542,2025-03-07T00:24:49Z,-0.518766,Fairview Avenue North,-0.104267,0.483014,0.7164442017638218,Fairview Avenue,2,#FCAE91
535,3,44.941628,-93.177523,2025-03-07T00:24:50Z,1.174848,Fairview Avenue North,0.304351,0.187692,1.2280576701315782,Fairview Avenue,2,#FCAE91
536,4,44.941611,-93.17737,2025-03-07T00:24:51Z,0.921716,Fairview Avenue North,0.209925,0.352794,1.0090056970686538,Fairview Avenue,2,#FCAE91
537,5,44.941389,-93.17733,2025-03-07T00:24:52Z,0.853226,Fairview Avenue North,0.211633,0.495163,1.0089447607941677,Fairview Avenue,2,#FCAE91
538,6,44.94132,-93.177314,2025-03-07T00:24:54Z,0.729677,Fairview Avenue North,0.281186,0.488793,0.9221782299393105,Fairview Avenue,2,#FCAE91
539,7,44.94125,-93.177299,2025-03-07T00:24:55Z,0.646731,Fairview Avenue North,0.114538,0.456067,0.7996105603942459,Fairview Avenue,2,#FCAE91
540,8,44.941178,-93.177299,2025-03-07T00:24:56Z,0.484638,Fairview Avenue North,0.240029,0.605419,0.8118005157955986,Fairview Avenue,2,#FCAE91
541,9,44.941088,-93.177294,2025-03-07T00:24:57Z,0.222339,Fairview Avenue North,0.037557,0.427852,0.48363466901577684,Fairview Avenue,2,#FCAE91
542,10,44.940999,-93.177284,2025-03-07T00:24:58Z,0.023066,Fairview Avenue North,-0.0049,0.533857,0.5343775320922466,Fairview Avenue,2,#FCAE91
543,11,44.940901,-93.177281,2025-03-07T00:24:59Z,-0.141721,Fairview Avenue North,-0.047944,0.477813,0.500688258246586,Fairview Avenue,2,#FCAE91
544,12,44.940802,-93.177283,2025-03-07T00:25:00Z,-0.612302,Fairview Avenue North,-0.072077,0.403073,0.7365980426677768,Fairview Avenue,2,#FCAE91
545,13,44.940703,-93.177286,2025-03-07T00:25:01Z,-0.473119,Fairview Avenue North,-0.15515,0.334645,0.5999169831618372,Fairview Avenue,2,#FCAE91
546,14,44.940598,-93.177277,2025-03-07T00:25:02Z,-0.560123,Fairview Avenue North,-0.107015,0.350657,0.669440301298779,Fairview Avenue,2,#FCAE91
547,15,44.9405,-93.177279,2025-03-07T00:25:03Z,-0.361929,Fairview Avenue North,-0.11375,0.352848,0.5181055632252948,Fairview Avenue,2,#FCAE91
548,16,44.940401,-93.177272,2025-03-07T00:25:04Z,-0.388427,Fairview Avenue North,-0.040433,0.369478,0.5376098532411772,Fairview Avenue,2,#FCAE91
549,17,44.9403,-93.17727,2025-03-07T00:25:05Z,-0.384876,Fairview Avenue North,-0.067051,0.390384,0.552290720031579,Fairview Avenue,2,#FCAE91
550,18,44.940202,-93.177268,2025-03-07T00:25:06Z,-0.407029,Fairview Avenue North,-0.092956,0.385001,0.5679253426093961,Fairview Avenue,2,#FCAE91
551,19,44.940098,-93.177279,2025-03-07T00:25:07Z,-0.007118,Fairview Avenue North,-0.442365,0.229864,0.49857288097629215,Fairview Avenue,2,#FCAE91
552,20,44.940038,-93.177275,2025-03-07T00:25:08Z,-0.231178,Fairview Avenue North,0.107491,0.105472,0.2759020216471782,Fairview Avenue,2,#FCAE91
553,21,44.939905,-93.177267,2025-03-07T00:25:09Z,-0.296421,Fairview Avenue North,0.041573,0.239856,0.38356827854503295,Fairview Avenue,2,#FCAE91
554,22,44.939807,-93.177269,2025-03-07T00:25:10Z,-0.10192,Fairview Avenue North,-0.019984,0.267189,0.28666532468542477,Fairview Avenue,2,#FCAE91
555,23,44.93971,-93.177248,2025-03-07T00:25:11Z,-0.114736,Fairview Avenue North,-0.014221,0.212323,0.24175947316703023,Fairview Avenue,2,#FCAE91
556,24,44.939607,-93.177258,2025-03-07T00:25:12Z,-0.119964,Fairview Avenue North,-0.013273,0.220958,0.25177365149872216,Fairview Avenue,2,#FCAE91
557,25,44.939506,-93.177264,2025-03-07T00:25:13Z,0.057847,Fairview Avenue North,-0.012135,0.204829,0.21318642751122785,Fairview Avenue,2,#FCAE91
558,26,44.939402,-93.177268,2025-03-07T00:25:14Z,0.076689,Fairview Avenue North,-0.020237,0.116271,0.14074688035974367,Fairview Avenue,2,#FCAE91
559,27,44.939299,-93.177262,2025-03-07T00:25:15Z,0.021869,Fairview Avenue North,-0.01789,0.071003,0.07641813443156016,Fairview Avenue,2,#FCAE91
560,28,44.939198,-93.177268,2025-03-07T00:25:16Z,-0.134845,Fairview Avenue North,0.06348,0.099036,0.17894416369638882,Fairview Avenue,2,#FCAE91
561,29,44.939089,-93.177247,2025-03-07T00:25:17Z,-0.138524,Fairview Avenue North,-0.211786,0.173847,0.30702603762710423,Fairview Avenue,2,#FCAE91
562,30,44.938978,-93.177259,2025-03-07T00:25:18Z,-0.127882,Fairview Avenue North,0.053577,-0.043275,0.145248154817884,Fairview Avenue,2,#FCAE91
563,31,44.938854,-93.177263,2025-03-07T00:25:19Z,-0.116592,Fairview Avenue North,-0.089456,0.091977,0.17336619892297345,Fairview Avenue,2,#FCAE91
564,32,44.938741,-93.177265,2025-03-07T00:25:20Z,-0.084534,Fairview Avenue North,-0.03564,0.171747,0.1947132218546034,Fairview Avenue,2,#FCAE91
565,33,44.938631,-93.177267,2025-03-07T00:25:21Z,-0.107908,Fairview Avenue North,-0.056595,0.115885,0.16815606951281897,Fairview Avenue,2,#FCAE91
566,34,44.938514,-93.177255,2025-03-07T00:25:22Z,-0.055004,Fairview Avenue North,0.002888,0.096666,0.11125689244267072,Fairview Avenue,2,#FCAE91
567,35,44.938399,-93.177253,2025-03-07T00:25:23Z,-0.098481,Fairview Avenue North,-0.085876,0.045077,0.13822131046260558,Fairview Avenue,2,#FCAE91
568,36,44.938278,-93.177255,2025-03-07T00:25:24Z,-0.143385,Fairview Avenue North,-0.07593,0.062977,0.17404230995364317,Fairview Avenue,2,#FCAE91
569,37,44.938163,-93.177249,2025-03-07T00:25:25Z,-0.157695,Fairview Avenue North,-0.05404,0.123186,0.20727475779988264,Fairview Avenue,2,#FCAE91
570,38,44.938047,-93.177246,2025-03-07T00:25:26Z,-0.213407,Fairview Avenue North,0.092354,0.113298,0.2586662826287957,Fairview Avenue,2,#FCAE91
571,39,44.937932000000004,-93.177241,2025-03-07T00:25:27Z,-0.149162,Fairview Avenue North,-0.261839,0.160042,0.341207277075094,Fairview Avenue,2,#FCAE91
572,40,44.937816,-93.17724,2025-03-07T00:25:28Z,-0.088888,Fairview Avenue North,-0.018422,0.110526,0.14302602317061047,Fairview Avenue,2,#FCAE91
573,41,44.937705,-93.177245,2025-03-07T00:25:29Z,-0.037705,Fairview Avenue North,0.010371,-0.005301,0.039462960697342515,Fairview Avenue,2,#FCAE91
574,42,44.937593,-93.177254,2025-03-07T00:25:30Z,0.061545,Fairview Avenue North,-0.037758,0.112682,0.13383081376499212,Fairview Avenue,2,#FCAE91
575,43,44.937474,-93.177253,2025-03-07T00:25:31Z,-0.030072,Fairview Avenue North,-0.027194,0.070979,0.08174262817526728,Fairview Avenue,2,#FCAE91
576,44,44.937358,-93.17725,2025-03-07T00:25:32Z,-0.070689,Fairview Avenue North,-0.028099,0.024493,0.07991492708499458,Fairview Avenue,2,#FCAE91
577,45,44.937242,-93.177254,2025-03-07T00:25:33Z,-0.175126,Fairview Avenue North,-0.078249,0.06977,0.20410750788983734,Fairview Avenue,2,#FCAE91
578,46,44.937123,-93.177256,2025-03-07T00:25:34Z,-0.222771,Fairview Avenue North,-0.112882,0.034181,0.2520666680186018,Fairview Avenue,2,#FCAE91
579,47,44.93701,-93.177255,2025-03-07T00:25:35Z,-0.068642,Fairview Avenue North,-0.124591,0.079341,0.16287920593495045,Fairview Avenue,2,#FCAE91
580,48,44.9369,-93.177257,2025-03-07T00:25:36Z,-0.024772,Fairview Avenue North,0.103398,0.007214,0.10656847650220022,Fairview Avenue,2,#FCAE91
581,49,44.936787,-93.177259,2025-03-07T00:25:37Z,0.034073,Fairview Avenue North,-0.017704,0.044512,0.05878536458167118,Fairview Avenue,2,#FCAE91
582,50,44.936671,-93.177256,2025-03-07T00:25:38Z,0.046005,Fairview Avenue North,-0.056008,0.06254,0.09573195751158543,Fairview Avenue,2,#FCAE91
583,51,44.936557,-93.177257,2025-03-07T00:25:39Z,-0.203844,Fairview Avenue North,0.054939,0.084371,0.2273524481900294,Fairview Avenue,2,#FCAE91
584,52,44.936439,-93.177258,2025-03-07T00:25:40Z,-0.280722,Fairview Avenue North,-0.258802,0.020185,0.38234899073098133,Fairview Avenue,2,#FCAE91
585,53,44.936325,-93.177262,2025-03-07T00:25:41Z,-0.101779,Fairview Avenue North,0.05132,0.054257,0.1262399670864976,Fairview Avenue,2,#FCAE91
586,54,44.936215,-93.177262,2025-03-07T00:25:42Z,-0.143098,Fairview Avenue North,-0.02345,0.082749,0.16695609334492706,Fairview Avenue,2,#FCAE91
587,55,44.936106,-93.177258,2025-03-07T00:25:43Z,0.120658,Fairview Avenue North,-0.236466,0.141283,0.3007248047783887,Fairview Avenue,2,#FCAE91
588,56,44.935993,-93.177255,2025-03-07T00:25:43Z,-0.10602,Fairview Avenue North,0.215644,0.02031,0.24115362579899147,Fairview Avenue,2,#FCAE91
589,57,44.93588,-93.177258,2025-03-07T00:25:44Z,-0.049224,Fairview Avenue North,-0.051786,0.037038,0.08047735964853718,Fairview Avenue,2,#FCAE91
590,58,44.935769,-93.177264,2025-03-07T00:25:45Z,-0.141492,Fairview Avenue North,-0.067049,0.002315,0.15659155050640505,Fairview Avenue,2,#FCAE91
591,59,44.935658,-93.177261,2025-03-07T00:25:46Z,-0.151926,Fairview Avenue North,-0.051353,8.68e-4,0.16037267070483052,Fairview Avenue,2,#FCAE91
592,60,44.935547,-93.177268,2025-03-07T00:25:47Z,-0.200556,Fairview Avenue North,-0.117233,-0.003977,0.23234048711750607,Fairview Avenue,2,#FCAE91
593,61,44.935439,-93.177267,2025-03-07T00:25:48Z,-0.266665,Fairview Avenue North,-0.075453,0.069799,0.28578886933363934,Fairview Avenue,2,#FCAE91
594,62,44.935336,-93.177264,2025-03-07T00:25:49Z,-0.32621,Fairview Avenue North,-0.024367,0.06494,0.3335025013234533,Fairview Avenue,2,#FCAE91
595,63,44.935235,-93.177263,2025-03-07T00:25:50Z,-0.172236,Fairview Avenue North,-0.245241,0.109813,0.31916654390145593,Fairview Avenue,2,#FCAE91
596,64,44.935134,-93.177267,2025-03-07T00:25:51Z,-0.148726,Fairview Avenue North,-0.030344,0.08942,0.17617070645257685,Fairview Avenue,2,#FCAE91
597,65,44.935039,-93.177271,2025-03-07T00:25:52Z,-0.312632,Fairview Avenue North,-0.027308,0.105592,0.3311105023281503,Fairview Avenue,2,#FCAE91
598,66,44.934942,-93.17726,2025-03-07T00:25:53Z,-0.435962,Fairview Avenue North,-0.203957,-0.072437,0.4867324134080244,Fairview Avenue,2,#FCAE91
599,67,44.934844,-93.177258,2025-03-07T00:25:54Z,-0.780149,Fairview Avenue North,-0.179179,-0.045982,0.801780469059954,Fairview Avenue,2,#FCAE91
600,68,44.934762,-93.177254,2025-03-07T00:25:55Z,-0.949338,Fairview Avenue North,-0.240184,0.096191,0.983963261804525,Fairview Avenue,2,#FCAE91
601,69,44.934688,-93.177245,2025-03-07T00:25:56Z,-0.997107,Fairview Avenue North,-0.294781,0.36438,1.1017672130763376,Fairview Avenue,2,#FCAE91
602,70,44.934623,-93.177235,2025-03-07T00:25:57Z,-0.660673,Fairview Avenue North,-0.174993,0.301338,0.7469377170969478,Fairview Avenue,2,#FCAE91
603,71,44.934569,-93.177234,2025-03-07T00:25:58Z,-0.377785,Fairview Avenue North,-0.097625,0.214875,0.44544742953012983,Fairview Avenue,2,#FCAE91
604,72,44.934523,-93.177233,2025-03-07T00:25:59Z,-0.368902,Fairview Avenue North,-0.09237,0.186537,0.4235763861135321,Fairview Avenue,2,#FCAE91
605,73,44.934481,-93.177229,2025-03-07T00:26:00Z,-0.802593,Fairview Avenue North,-0.206615,0.263635,0.8696831003871467,Fairview Avenue,2,#FCAE91
606,74,44.93445,-93.177228,2025-03-07T00:26:01Z,-0.410956,Fairview Avenue North,-0.126557,0.119946,0.4464174628091961,Fairview Avenue,2,#FCAE91
607,75,44.934427,-93.177224,2025-03-07T00:26:02Z,0.226573,Fairview Avenue North,0.052969,-0.021594,0.23368213480281283,Fairview Avenue,2,#FCAE91
608,2,44.934395,-93.177244,2025-03-07T00:50:26Z,0.780231,Fairview Avenue South,0.165821,-0.31032,0.8558945728312571,Fairview Avenue,2,#990000
609,3,44.934534,-93.177203,2025-03-07T00:50:27Z,0.958705,Fairview Avenue South,0.234314,-0.409664,1.068570503297279,Fairview Avenue,2,#990000
610,4,44.934608,-93.177206,2025-03-07T00:50:28Z,0.101689,Fairview Avenue South,-0.016456,-0.380987,0.39466764096642126,Fairview Avenue,2,#990000
611,5,44.934692,-93.177205,2025-03-07T00:50:29Z,0.099517,Fairview Avenue South,0.007101,-0.290543,0.3071958533883555,Fairview Avenue,2,#990000
612,6,44.934789,-93.177208,2025-03-07T00:50:30Z,-0.04164,Fairview Avenue South,0.002488,-0.28128,0.28435632249696857,Fairview Avenue,2,#990000
613,7,44.934889,-93.17721,2025-03-07T00:50:31Z,-0.27436,Fairview Avenue South,-0.103376,-0.148534,0.3286675465147114,Fairview Avenue,2,#990000
614,8,44.934996,-93.177203,2025-03-07T00:50:33Z,-0.436662,Fairview Avenue South,-0.173408,-0.129511,0.48735729791293775,Fairview Avenue,2,#990000
615,9,44.935104,-93.177199,2025-03-07T00:50:34Z,-0.608225,Fairview Avenue South,0.087349,-0.207964,0.6487037256883916,Fairview Avenue,2,#990000
616,10,44.935213,-93.177201,2025-03-07T00:50:35Z,-0.438145,Fairview Avenue South,-0.310766,-0.02151,0.5375957848430362,Fairview Avenue,2,#990000
617,11,44.935319,-93.177208,2025-03-07T00:50:36Z,-0.406114,Fairview Avenue South,-0.124255,-0.065415,0.4297057228452979,Fairview Avenue,2,#990000
618,12,44.935434,-93.177189,2025-03-07T00:50:37Z,-0.581439,Fairview Avenue South,-0.117176,-0.007205,0.593172350773365,Fairview Avenue,2,#990000
619,13,44.935555,-93.177209,2025-03-07T00:50:38Z,-0.493487,Fairview Avenue South,-0.101931,0.005152,0.5039304426545393,Fairview Avenue,2,#990000
620,14,44.935669,-93.177208,2025-03-07T00:50:39Z,-0.315759,Fairview Avenue South,-0.182272,-0.082005,0.37369994392560457,Fairview Avenue,2,#990000
621,15,44.935784,-93.177206,2025-03-07T00:50:40Z,-0.413809,Fairview Avenue South,-0.115789,-0.066049,0.43474987222884837,Fairview Avenue,2,#990000
622,16,44.935898,-93.1772,2025-03-07T00:50:41Z,-0.555929,Fairview Avenue South,-7.17e-4,0.086668,0.5626445675148743,Fairview Avenue,2,#990000
623,17,44.936024,-93.177201,2025-03-07T00:50:42Z,-0.442229,Fairview Avenue South,-0.327543,-0.071057,0.5548873782480549,Fairview Avenue,2,#990000
624,18,44.936137,-93.177196,2025-03-07T00:50:43Z,-0.363082,Fairview Avenue South,-0.052136,-0.079744,0.37537422228490863,Fairview Avenue,2,#990000
625,19,44.936251,-93.177194,2025-03-07T00:50:44Z,-0.405213,Fairview Avenue South,-0.124282,0.031499,0.4250126796861477,Fairview Avenue,2,#990000
626,20,44.936365,-93.177189,2025-03-07T00:50:45Z,-0.154195,Fairview Avenue South,-0.088765,0.007176,0.1780640846043918,Fairview Avenue,2,#990000
627,21,44.936476999999996,-93.177194,2025-03-07T00:50:46Z,-0.037508,Fairview Avenue South,0.088984,0.001509,0.09657784114899234,Fairview Avenue,2,#990000
628,22,44.936594,-93.177197,2025-03-07T00:50:47Z,-0.177808,Fairview Avenue South,-0.140268,-0.09678,0.24628675378103468,Fairview Avenue,2,#990000
629,23,44.936704,-93.177204,2025-03-07T00:50:47Z,-0.192967,Fairview Avenue South,-0.060178,-0.030846,0.20447281112411989,Fairview Avenue,2,#990000
630,24,44.936826,-93.177199,2025-03-07T00:50:48Z,-0.250188,Fairview Avenue South,-0.063572,0.058764,0.264742596164652,Fairview Avenue,2,#990000
631,25,44.936958,-93.177194,2025-03-07T00:50:49Z,-0.293357,Fairview Avenue South,-0.11923,0.101831,0.3326314400503957,Fairview Avenue,2,#990000
632,26,44.937076,-93.177194,2025-03-07T00:50:50Z,-0.203419,Fairview Avenue South,-0.07271,0.069629,0.22696746749699612,Fairview Avenue,2,#990000
633,27,44.937194,-93.177195,2025-03-07T00:50:51Z,-0.277518,Fairview Avenue South,-0.103862,0.010787,0.2965129250757882,Fairview Avenue,2,#990000
634,28,44.937306,-93.177193,2025-03-07T00:50:52Z,-0.133495,Fairview Avenue South,-0.132972,-0.006146,0.18852119542640292,Fairview Avenue,2,#990000
635,29,44.937421,-93.177197,2025-03-07T00:50:53Z,-0.125275,Fairview Avenue South,-0.046639,-0.057044,0.14533767537015307,Fairview Avenue,2,#990000
636,30,44.937537,-93.177195,2025-03-07T00:50:54Z,-0.246036,Fairview Avenue South,-0.077012,0.025153,0.25903133951126456,Fairview Avenue,2,#990000
637,31,44.937656,-93.177199,2025-03-07T00:50:55Z,-0.278024,Fairview Avenue South,0.062225,0.149431,0.32171247871663294,Fairview Avenue,2,#990000
638,32,44.937774,-93.177193,2025-03-07T00:50:56Z,-0.096415,Fairview Avenue South,-0.240668,0.02231,0.26022043453387744,Fairview Avenue,2,#990000
639,33,44.937889,-93.177195,2025-03-07T00:50:57Z,-0.003318,Fairview Avenue South,-0.003608,-0.081608,0.08175507600143248,Fairview Avenue,2,#990000
640,34,44.938002,-93.177198,2025-03-07T00:50:58Z,0.080495,Fairview Avenue South,-0.053145,0.058025,0.1125643668085065,Fairview Avenue,2,#990000
641,35,44.938109,-93.177182,2025-03-07T00:50:59Z,-0.012101,Fairview Avenue South,0.056888,0.041924,0.07169588914993662,Fairview Avenue,2,#990000
642,36,44.938233,-93.177182,2025-03-07T00:51:00Z,0.050026,Fairview Avenue South,-0.062195,-0.052705,0.09564850090827352,Fairview Avenue,2,#990000
643,37,44.938346,-93.177182,2025-03-07T00:51:01Z,-0.150251,Fairview Avenue South,-0.01379,-0.003622,0.15092596193167032,Fairview Avenue,2,#990000
644,38,44.938466,-93.177188,2025-03-07T00:51:02Z,-0.072351,Fairview Avenue South,-0.067179,0.035922,0.10506224500742405,Fairview Avenue,2,#990000
645,39,44.938587,-93.177187,2025-03-07T00:51:03Z,-0.032571,Fairview Avenue South,-0.040059,0.017521,0.054521362446292555,Fairview Avenue,2,#990000
646,40,44.938704,-93.177189,2025-03-07T00:51:04Z,8.99e-4,Fairview Avenue South,-0.02788,0.015855,0.03208556725382925,Fairview Avenue,2,#990000
647,41,44.938822,-93.177187,2025-03-07T00:51:05Z,0.007371,Fairview Avenue South,0.083271,0.02047,0.08606632315836432,Fairview Avenue,2,#990000
648,42,44.938943,-93.177189,2025-03-07T00:51:06Z,0.097512,Fairview Avenue South,-0.196551,0.064086,0.2285779979372468,Fairview Avenue,2,#990000
649,43,44.939064,-93.17719,2025-03-07T00:51:07Z,-0.105517,Fairview Avenue South,0.032316,0.082438,0.13774681480527962,Fairview Avenue,2,#990000
650,44,44.939184,-93.17719,2025-03-07T00:51:08Z,-0.021642,Fairview Avenue South,-0.076056,0.033285,0.08579500291392267,Fairview Avenue,2,#990000
651,45,44.939302,-93.177186,2025-03-07T00:51:09Z,-0.231455,Fairview Avenue South,-0.03599,0.016557,0.23482084953001936,Fairview Avenue,2,#990000
652,46,44.939412,-93.177187,2025-03-07T00:51:10Z,-0.893024,Fairview Avenue South,-0.250888,0.15841,0.9410262383270724,Fairview Avenue,2,#990000
653,47,44.939526,-93.17716,2025-03-07T00:51:11Z,-1.721569,Fairview Avenue South,-0.442709,0.455092,1.8349113899330396,Fairview Avenue,2,#990000
654,48,44.939631,-93.177176,2025-03-07T00:51:12Z,-2.163661,Fairview Avenue South,-0.624306,0.505289,2.3079219826670916,Fairview Avenue,2,#990000
655,49,44.939715,-93.177182,2025-03-07T00:51:13Z,-1.607331,Fairview Avenue South,-0.411734,0.350708,1.695887358164156,Fairview Avenue,2,#990000
656,50,44.939774,-93.177181,2025-03-07T00:51:14Z,-0.98321,Fairview Avenue South,-0.250864,0.213969,1.0370233283571784,Fairview Avenue,2,#990000
657,51,44.939815,-93.177179,2025-03-07T00:51:15Z,-0.787458,Fairview Avenue South,-0.1951,0.190611,0.8333586653326406,Fairview Avenue,2,#990000
658,52,44.939845,-93.177181,2025-03-07T00:51:16Z,-0.069185,Fairview Avenue South,-0.01345,0.025708,0.07502244990001326,Fairview Avenue,2,#990000
659,53,44.93987,-93.17718,2025-03-07T00:51:17Z,0.589158,Fairview Avenue South,0.143011,-0.106314,0.6155176371810965,Fairview Avenue,2,#990000
660,54,44.939891,-93.177182,2025-03-07T00:51:18Z,0.14022,Fairview Avenue South,0.047259,-0.046081,0.15497909550000608,Fairview Avenue,2,#990000
661,55,44.939916,-93.177178,2025-03-07T00:51:19Z,0.016421,Fairview Avenue South,0.008411,0.054182,0.05723707964248351,Fairview Avenue,2,#990000
662,56,44.939953,-93.177179,2025-03-07T00:51:20Z,0.179183,Fairview Avenue South,0.058276,-0.023277,0.1898537816162744,Fairview Avenue,2,#990000
663,57,44.939951,-93.177178,2025-03-07T00:51:21Z,0.117778,Fairview Avenue South,0.036217,0.00762,0.12345603579007386,Fairview Avenue,2,#990000
664,58,44.939951,-93.177178,2025-03-07T00:51:22Z,0.136356,Fairview Avenue South,0.037783,-0.007473,0.14169107083369792,Fairview Avenue,2,#990000
665,59,44.939953,-93.17718,2025-03-07T00:51:23Z,0.591717,Fairview Avenue South,0.144028,-0.10384,0.6177829865519121,Fairview Avenue,2,#990000
666,60,44.939955,-93.177182,2025-03-07T00:51:24Z,0.523879,Fairview Avenue South,0.127865,-0.09676,0.5478696582819677,Fairview Avenue,2,#990000
667,61,44.939958,-93.177185,2025-03-07T00:51:25Z,0.498478,Fairview Avenue South,0.118024,-0.083073,0.5189519287843528,Fairview Avenue,2,#990000
668,62,44.939959,-93.177188,2025-03-07T00:51:26Z,0.467311,Fairview Avenue South,0.110248,-0.077068,0.4862855836327044,Fairview Avenue,2,#990000
669,63,44.939958,-93.177188,2025-03-07T00:51:27Z,0.43695,Fairview Avenue South,0.101274,-0.071801,0.4542434470380393,Fairview Avenue,2,#990000
670,64,44.939959,-93.177191,2025-03-07T00:51:28Z,0.404993,Fairview Avenue South,0.092328,-0.06459,0.42037561505515514,Fairview Avenue,2,#990000
671,65,44.939964,-93.177193,2025-03-07T00:51:29Z,0.37275,Fairview Avenue South,0.080855,-0.054332,0.3852688149188824,Fairview Avenue,2,#990000
672,66,44.939963,-93.177194,2025-03-07T00:51:30Z,0.343744,Fairview Avenue South,0.073963,-0.047616,0.3548207242552216,Fairview Avenue,2,#990000
673,67,44.939963,-93.177194,2025-03-07T00:51:31Z,0.314291,Fairview Avenue South,0.064851,-0.047016,0.324337770137861,Fairview Avenue,2,#990000
674,68,44.939963,-93.177194,2025-03-07T00:51:32Z,0.289235,Fairview Avenue South,0.058357,-0.034475,0.2970706150042444,Fairview Avenue,2,#990000
675,69,44.939963,-93.177194,2025-03-07T00:51:33Z,0.262541,Fairview Avenue South,0.050645,-0.030474,0.2691121650576206,Fairview Avenue,2,#990000
676,70,44.939963,-93.177194,2025-03-07T00:51:34Z,0.244212,Fairview Avenue South,0.046226,-0.025583,0.24986162952522342,Fairview Avenue,2,#990000
677,71,44.939963,-93.177194,2025-03-07T00:51:35Z,0.218003,Fairview Avenue South,0.036446,-0.014992,0.2215364055612531,Fairview Avenue,2,#990000
678,72,44.939963,-93.177194,2025-03-07T00:51:36Z,0.200794,Fairview Avenue South,0.037076,-0.016563,0.2048589592402539,Fairview Avenue,2,#990000
679,73,44.939963,-93.177194,2025-03-07T00:51:37Z,0.181838,Fairview Avenue South,0.026783,-0.011019,0.18412986095144918,Fairview Avenue,2,#990000
680,74,44.939963,-93.177194,2025-03-07T00:51:38Z,0.161599,Fairview Avenue South,0.023564,-0.008535,0.1635308690186657,Fairview Avenue,2,#990000
681,75,44.939963,-93.177194,2025-03-07T00:51:39Z,0.151906,Fairview Avenue South,0.018864,-0.003714,0.15311785372059003,Fairview Avenue,2,#990000
682,76,44.939963,-93.177194,2025-03-07T00:51:40Z,0.13283,Fairview Avenue South,0.015421,-0.002819,0.13375187064860067,Fairview Avenue,2,#990000
683,77,44.939963,-93.177194,2025-03-07T00:51:41Z,0.202362,Fairview Avenue South,0.02841,-0.01898,0.2052260888483723,Fairview Avenue,2,#990000
684,78,44.939963,-93.177194,2025-03-07T00:51:42Z,0.502945,Fairview Avenue South,0.105653,-0.08169,0.520374370558351,Fairview Avenue,2,#990000
685,79,44.939974,-93.177175,2025-03-07T00:51:43Z,0.529065,Fairview Avenue South,0.100191,-0.086101,0.5453085300148899,Fairview Avenue,2,#990000
686,80,44.939974,-93.177175,2025-03-07T00:51:44Z,1.739668,Fairview Avenue South,0.453197,-0.374626,1.83634879881492,Fairview Avenue,2,#990000
687,81,44.939995,-93.177175,2025-03-07T00:51:45Z,1.700677,Fairview Avenue South,0.376047,-0.346585,1.7759039294857704,Fairview Avenue,2,#990000
688,82,44.94003,-93.177174,2025-03-07T00:51:46Z,1.020594,Fairview Avenue South,0.206714,-0.147559,1.0517207087021725,Fairview Avenue,2,#990000
689,83,44.940082,-93.177174,2025-03-07T00:51:47Z,0.831462,Fairview Avenue South,-0.029648,-0.074074,0.8352814009805318,Fairview Avenue,2,#990000
690,84,44.940142,-93.177174,2025-03-07T00:51:48Z,0.591014,Fairview Avenue South,0.148234,-0.120489,0.6211187213995405,Fairview Avenue,2,#990000
691,85,44.940213,-93.1772,2025-03-07T00:51:49Z,0.326837,Fairview Avenue South,0.139413,-0.108242,0.37144951164593015,Fairview Avenue,2,#990000
692,86,44.940291,-93.177199,2025-03-07T00:51:50Z,0.152567,Fairview Avenue South,-0.031913,-0.131797,0.20412147919070153,Fairview Avenue,2,#990000
693,87,44.940375,-93.177201,2025-03-07T00:51:51Z,0.020804,Fairview Avenue South,-0.006949,-0.072761,0.07599511917222053,Fairview Avenue,2,#990000
694,88,44.940467,-93.177201,2025-03-07T00:51:52Z,-0.490484,Fairview Avenue South,-0.099782,0.189945,0.5353597900524468,Fairview Avenue,2,#990000
695,89,44.940559,-93.177176,2025-03-07T00:51:53Z,-0.322339,Fairview Avenue South,-0.036317,0.180526,0.371229029153163,Fairview Avenue,2,#990000
696,90,44.94065,-93.177175,2025-03-07T00:51:54Z,-0.213554,Fairview Avenue South,-0.106833,0.16665,0.29118863869491884,Fairview Avenue,2,#990000
697,91,44.940746,-93.177175,2025-03-07T00:51:55Z,-0.511764,Fairview Avenue South,-0.085749,0.206249,0.558385111458033,Fairview Avenue,2,#990000
698,92,44.940838,-93.177174,2025-03-07T00:51:56Z,-0.353958,Fairview Avenue South,-0.19673,0.118142,0.42183704297749863,Fairview Avenue,2,#990000
699,93,44.940935,-93.177175,2025-03-07T00:51:57Z,-0.514939,Fairview Avenue South,-0.174406,0.214736,0.584543562322775,Fairview Avenue,2,#990000
700,94,44.941028,-93.177197,2025-03-07T00:51:58Z,-0.368974,Fairview Avenue South,-0.09358,0.135679,0.4041136227807719,Fairview Avenue,2,#990000
701,95,44.941124,-93.177186,2025-03-07T00:51:59Z,-0.397629,Fairview Avenue South,-0.109161,0.23874,0.47646797705826993,Fairview Avenue,2,#990000
702,96,44.94122,-93.177184,2025-03-07T00:52:00Z,-0.646607,Fairview Avenue South,0.136614,0.058775,0.6634896367464981,Fairview Avenue,2,#990000
703,97,44.94131,-93.177187,2025-03-07T00:52:01Z,-0.255291,Fairview Avenue South,-0.316688,0.035603,0.4083287372130451,Fairview Avenue,2,#990000
704,98,44.941404,-93.177185,2025-03-07T00:52:02Z,-0.264221,Fairview Avenue South,-0.170499,-0.124593,0.3382396509739803,Fairview Avenue,2,#990000
705,99,44.941498,-93.177181,2025-03-07T00:52:03Z,-0.350989,Fairview Avenue South,-0.02673,-0.142589,0.37978861744660014,Fairview Avenue,2,#990000
706,100,44.941593,-93.177182,2025-03-07T00:52:04Z,-0.523002,Fairview Avenue South,-0.163438,-0.006472,0.5479826262136419,Fairview Avenue,2,#990000
707,1,44.934274,-93.167163,2025-03-07T00:49:04Z,0.518428,St. Clair Avenue West,0.133948,1.247046,1.357141622677604,St. Clair Avenue,2,#990000
708,2,44.93426,-93.167227,2025-03-07T00:49:05Z,1.000503,St. Clair Avenue West,0.231213,0.28922,1.0668242183124639,St. Clair Avenue,2,#990000
709,3,44.934258,-93.167295,2025-03-07T00:49:06Z,0.676296,St. Clair Avenue West,0.211893,0.034024,0.709529813074123,St. Clair Avenue,2,#990000
710,4,44.934276,-93.167387,2025-03-07T00:49:07Z,0.381843,St. Clair Avenue West,0.08566,-0.596062,0.7130439117564921,St. Clair Avenue,2,#990000
711,5,44.934277,-93.167489,2025-03-07T00:49:08Z,0.264569,St. Clair Avenue West,0.062414,-0.538608,0.6033165345165007,St. Clair Avenue,2,#990000
712,6,44.934277,-93.167602,2025-03-07T00:49:09Z,0.014283,St. Clair Avenue West,0.009425,-0.518979,0.5192610491409884,St. Clair Avenue,2,#990000
713,7,44.934278,-93.167725,2025-03-07T00:49:10Z,-0.027167,St. Clair Avenue West,-0.048226,-0.41188,0.41558263602441337,St. Clair Avenue,2,#990000
714,8,44.934278,-93.167854,2025-03-07T00:49:11Z,-0.130273,St. Clair Avenue West,0.010827,-0.37194,0.3942431255684745,St. Clair Avenue,2,#990000
715,9,44.934264,-93.167992,2025-03-07T00:49:12Z,-0.365525,St. Clair Avenue West,-0.09926,-0.309411,0.4890769266137997,St. Clair Avenue,2,#990000
716,10,44.934271,-93.168136,2025-03-07T00:49:13Z,-0.563818,St. Clair Avenue West,-0.109052,-0.188483,0.6044079062330341,St. Clair Avenue,2,#990000
717,11,44.934272,-93.168281,2025-03-07T00:49:14Z,-0.485964,St. Clair Avenue West,-0.193498,-0.231429,0.571980652942912,St. Clair Avenue,2,#990000
718,12,44.934274,-93.168428,2025-03-07T00:49:15Z,-0.616774,St. Clair Avenue West,-0.125396,-0.092382,0.6361358013946394,St. Clair Avenue,2,#990000
719,13,44.934272,-93.168576,2025-03-07T00:49:16Z,-0.458163,St. Clair Avenue West,-0.191394,-0.424091,0.6529917105798511,St. Clair Avenue,2,#990000
720,14,44.934271,-93.168723,2025-03-07T00:49:17Z,-0.344895,St. Clair Avenue West,-0.136146,-0.210652,0.42645346691638003,St. Clair Avenue,2,#990000
721,15,44.934274,-93.168873,2025-03-07T00:49:18Z,-0.368156,St. Clair Avenue West,-0.088872,-0.086147,0.38840491542847394,St. Clair Avenue,2,#990000
722,16,44.934274,-93.169022,2025-03-07T00:49:19Z,-0.436899,St. Clair Avenue West,-0.14223,0.021207,0.45995635222268644,St. Clair Avenue,2,#990000
723,17,44.934273,-93.169174,2025-03-07T00:49:20Z,-0.430708,St. Clair Avenue West,-0.076447,-0.041535999999999997,0.43940728756928915,St. Clair Avenue,2,#990000
724,18,44.934273,-93.169327,2025-03-07T00:49:21Z,-0.418224,St. Clair Avenue West,-0.133318,-0.051513,0.4419712575145583,St. Clair Avenue,2,#990000
725,19,44.934273,-93.169478,2025-03-07T00:49:22Z,-0.390002,St. Clair Avenue West,-0.029725,-0.082591,0.39975793789492164,St. Clair Avenue,2,#990000
726,20,44.934275,-93.169629,2025-03-07T00:49:23Z,-0.373467,St. Clair Avenue West,-0.26156,-0.203257,0.49920400813495075,St. Clair Avenue,2,#990000
727,21,44.934277,-93.169778,2025-03-07T00:49:24Z,-0.208116,St. Clair Avenue West,-0.120832,-0.080594,0.25378738052945027,St. Clair Avenue,2,#990000
728,22,44.934275,-93.169929,2025-03-07T00:49:25Z,-0.182841,St. Clair Avenue West,-0.063515,-0.071461,0.20632901159798153,St. Clair Avenue,2,#990000
729,23,44.934272,-93.170077,2025-03-07T00:49:26Z,-0.125078,St. Clair Avenue West,-0.0505,-0.076731,0.15518505870411622,St. Clair Avenue,2,#990000
730,24,44.934274,-93.170236,2025-03-07T00:49:27Z,-0.034542,St. Clair Avenue West,-0.108073,-0.136514,0.17750773304000025,St. Clair Avenue,2,#990000
731,25,44.934276,-93.170391,2025-03-07T00:49:28Z,-0.061173,St. Clair Avenue West,0.015654,0.010411,0.06399666058475238,St. Clair Avenue,2,#990000
732,26,44.934274,-93.170549,2025-03-07T00:49:29Z,-0.188972,St. Clair Avenue West,-0.04564,0.020145,0.19544627755217034,St. Clair Avenue,2,#990000
733,27,44.934289,-93.170715,2025-03-07T00:49:30Z,-0.282072,St. Clair Avenue West,-0.09844,-0.011843,0.2989904738164746,St. Clair Avenue,2,#990000
734,28,44.934279,-93.170875,2025-03-07T00:49:31Z,-0.318812,St. Clair Avenue West,-0.069957,-0.026734,0.32749012191057,St. Clair Avenue,2,#990000
735,29,44.934277,-93.171037,2025-03-07T00:49:32Z,-0.170337,St. Clair Avenue West,-0.140442,0.049356,0.22621817714100695,St. Clair Avenue,2,#990000
736,30,44.934282,-93.171197,2025-03-07T00:49:33Z,-0.221079,St. Clair Avenue West,-0.073602,-0.011617,0.2332983783355555,St. Clair Avenue,2,#990000
737,31,44.934281,-93.171358,2025-03-07T00:49:34Z,0.042199,St. Clair Avenue West,0.019748,-0.019799,0.050623507444664484,St. Clair Avenue,2,#990000
738,32,44.934283,-93.171518,2025-03-07T00:49:35Z,0.084968,St. Clair Avenue West,-0.074636,-0.130758,0.17288073369811918,St. Clair Avenue,2,#990000
739,33,44.934286,-93.171682,2025-03-07T00:49:36Z,0.053768,St. Clair Avenue West,0.031289,-0.088846,0.10846018191483915,St. Clair Avenue,2,#990000
740,34,44.934284,-93.17185,2025-03-07T00:49:37Z,0.134069,St. Clair Avenue West,-0.055588,-0.148811,0.20786831462731398,St. Clair Avenue,2,#990000
741,35,44.934283,-93.172023,2025-03-07T00:49:38Z,-0.157447,St. Clair Avenue West,-0.056243,-0.043681,0.17280295894168016,St. Clair Avenue,2,#990000
742,36,44.934288,-93.172196,2025-03-07T00:49:39Z,-0.128373,St. Clair Avenue West,-0.083994,0.178226,0.2351576625181497,St. Clair Avenue,2,#990000
743,37,44.934284,-93.172358,2025-03-07T00:49:40Z,-0.184877,St. Clair Avenue West,0.02107,0.097733,0.21017894594368866,St. Clair Avenue,2,#990000
744,38,44.934288,-93.172542000000007,2025-03-07T00:49:41Z,-0.088016,St. Clair Avenue West,-0.013632,-0.035794,0.09598884370592241,St. Clair Avenue,2,#990000
745,39,44.934285,-93.172715,2025-03-07T00:49:42Z,-0.107415,St. Clair Avenue West,-0.096109,-0.012665,0.14469044312255042,St. Clair Avenue,2,#990000
746,40,44.93429,-93.172888,2025-03-07T00:49:43Z,-0.159325,St. Clair Avenue West,-0.06297,0.003827,0.17136021257573184,St. Clair Avenue,2,#990000
747,41,44.934285,-93.173063,2025-03-07T00:49:44Z,-0.122542,St. Clair Avenue West,-0.025546,0.107242,0.16483320795276662,St. Clair Avenue,2,#990000
748,42,44.934288,-93.173237,2025-03-07T00:49:46Z,-0.258385,St. Clair Avenue West,0.120526,0.014466,0.28547957905426435,St. Clair Avenue,2,#990000
749,43,44.934293,-93.173409,2025-03-07T00:49:47Z,-0.273385,St. Clair Avenue West,-0.265816,0.062114,0.3863361917773172,St. Clair Avenue,2,#990000
750,44,44.934288,-93.173581,2025-03-07T00:49:48Z,-0.185553,St. Clair Avenue West,-0.032895,0.039292,0.19249898207003588,St. Clair Avenue,2,#990000
751,45,44.934293,-93.173748,2025-03-07T00:49:49Z,-0.011983,St. Clair Avenue West,-0.034573,0.056459,0.06727929324093707,St. Clair Avenue,2,#990000
752,46,44.934293,-93.173914,2025-03-07T00:49:50Z,0.021513,St. Clair Avenue West,-0.016739,-0.114481,0.11768136067789155,St. Clair Avenue,2,#990000
753,47,44.934295,-93.174082,2025-03-07T00:49:51Z,-0.209609,St. Clair Avenue West,-0.040062,-0.067329,0.22377240885774993,St. Clair Avenue,2,#990000
754,48,44.934296,-93.174257,2025-03-07T00:49:52Z,-0.440122,St. Clair Avenue West,-0.130351,0.066781,0.4638517651642602,St. Clair Avenue,2,#990000
755,49,44.934295,-93.174422,2025-03-07T00:49:53Z,-0.36102,St. Clair Avenue West,-0.04809,0.14042,0.39034070361672507,St. Clair Avenue,2,#990000
756,50,44.934296,-93.174584,2025-03-07T00:49:54Z,-0.325078,St. Clair Avenue West,-0.010067,0.283442,0.4314121207580983,St. Clair Avenue,2,#990000
757,51,44.934294,-93.174741,2025-03-07T00:49:55Z,-0.350524,St. Clair Avenue West,-0.121607,0.054968,0.3750690843684667,St. Clair Avenue,2,#990000
758,52,44.934294,-93.174893,2025-03-07T00:49:56Z,-0.213874,St. Clair Avenue West,-0.125997,0.083597,0.2619270705635445,St. Clair Avenue,2,#990000
759,53,44.934291,-93.175035,2025-03-07T00:49:57Z,-0.077914,St. Clair Avenue West,-0.010212,0.120242,0.143641967767084,St. Clair Avenue,2,#990000
760,54,44.934295,-93.17518,2025-03-07T00:49:58Z,-0.145666,St. Clair Avenue West,-0.13806,-0.077418,0.21511088740461276,St. Clair Avenue,2,#990000
761,55,44.9343,-93.175321,2025-03-07T00:49:59Z,-0.134656,St. Clair Avenue West,-0.071744,0.008821,0.15283078849826037,St. Clair Avenue,2,#990000
762,56,44.934296,-93.175456,2025-03-07T00:50:00Z,-0.189675,St. Clair Avenue West,-0.017055,-0.057904,0.19904861684020816,St. Clair Avenue,2,#990000
763,57,44.934297,-93.175592,2025-03-07T00:50:01Z,-0.186318,St. Clair Avenue West,-0.10086,0.099332,0.23399569002013693,St. Clair Avenue,2,#990000
764,58,44.934294,-93.175724,2025-03-07T00:50:01Z,-0.30173,St. Clair Avenue West,-0.075971,0.126329,0.33581483287966896,St. Clair Avenue,2,#990000
765,59,44.934291,-93.17585,2025-03-07T00:50:02Z,-0.248232,St. Clair Avenue West,-0.101073,0.045684,0.2718858308352975,St. Clair Avenue,2,#990000
766,60,44.934306,-93.17597,2025-03-07T00:50:03Z,-0.145204,St. Clair Avenue West,-0.013617,0.073028,0.16310338159891108,St. Clair Avenue,2,#990000
767,61,44.934292,-93.176082,2025-03-07T00:50:04Z,-0.100296,St. Clair Avenue West,-0.071471,0.065622,0.13954797863459004,St. Clair Avenue,2,#990000
768,62,44.93429,-93.176194,2025-03-07T00:50:05Z,-0.05838,St. Clair Avenue West,0.005932,0.08394,0.10241746249541628,St. Clair Avenue,2,#990000
769,63,44.934292,-93.176301,2025-03-07T00:50:06Z,-0.023962,St. Clair Avenue West,-0.05582,0.029109,0.06736010484700866,St. Clair Avenue,2,#990000
770,64,44.934292,-93.176403,2025-03-07T00:50:07Z,-0.189011,St. Clair Avenue West,-0.043422,0.04294,0.1986314975148705,St. Clair Avenue,2,#990000
771,65,44.934292,-93.176506,2025-03-07T00:50:08Z,-0.52787,St. Clair Avenue West,-0.192158,0.122181,0.5748909728157157,St. Clair Avenue,2,#990000
772,66,44.934295,-93.176599,2025-03-07T00:50:09Z,-0.815399,St. Clair Avenue West,-0.159014,0.136035,0.8418233203125226,St. Clair Avenue,2,#990000
773,67,44.934306,-93.176674,2025-03-07T00:50:10Z,-0.953514,St. Clair Avenue West,-0.269983,0.224177,1.016038924359692,St. Clair Avenue,2,#990000
774,68,44.934298,-93.176743,2025-03-07T00:50:11Z,-0.302656,St. Clair Avenue West,-0.09087,0.324695,0.4530837166142698,St. Clair Avenue,2,#990000
775,69,44.934298,-93.17679,2025-03-07T00:50:12Z,0.413665,St. Clair Avenue West,0.10401,0.535113,0.6843118697596878,St. Clair Avenue,2,#990000
776,70,44.934302,-93.176829,2025-03-07T00:50:13Z,0.334277,St. Clair Avenue West,0.077499,-0.419229,0.541756552494753,St. Clair Avenue,2,#990000
777,71,44.934309,-93.176871,2025-03-07T00:50:14Z,0.339799,St. Clair Avenue West,0.076917,-0.420911,0.5463933154889434,St. Clair Avenue,2,#990000
778,72,44.934317,-93.176914,2025-03-07T00:50:15Z,0.269469,St. Clair Avenue West,0.051458,-0.468947,0.5432980365637262,St. Clair Avenue,2,#990000
779,73,44.934323,-93.176957,2025-03-07T00:50:16Z,0.143867,St. Clair Avenue West,0.022753,-0.245979,0.2858689929653092,St. Clair Avenue,2,#990000
780,74,44.934324,-93.176999,2025-03-07T00:50:17Z,-0.118696,St. Clair Avenue West,-0.030045,-0.109117,0.16400598199456018,St. Clair Avenue,2,#990000
781,1,44.934373,-93.177239,2025-03-07T00:26:16Z,0.367876,St. Clair Avenue East,0.085541,-1.870846,1.9085897332252943,St. Clair Avenue,2,#FCAE91
782,2,44.934332,-93.177106,2025-03-07T00:26:17Z,0.47744,St. Clair Avenue East,0.072933,-0.456398,0.6645053126145795,St. Clair Avenue,2,#FCAE91
783,3,44.93433,-93.177005,2025-03-07T00:26:18Z,0.342158,St. Clair Avenue East,0.100193,0.184747,0.40154973318631404,St. Clair Avenue,2,#FCAE91
784,4,44.934324,-93.1769,2025-03-07T00:26:19Z,0.239453,St. Clair Avenue East,0.055866,0.35723,0.4336727130740416,St. Clair Avenue,2,#FCAE91
785,5,44.934328,-93.176778,2025-03-07T00:26:20Z,0.004542,St. Clair Avenue East,0.021596,0.282738,0.2835979436173683,St. Clair Avenue,2,#FCAE91
786,6,44.934325,-93.17665,2025-03-07T00:26:22Z,0.013618,St. Clair Avenue East,0.03781,0.310883,0.3134697524690381,St. Clair Avenue,2,#FCAE91
787,7,44.934313,-93.176515,2025-03-07T00:26:23Z,-0.008571,St. Clair Avenue East,-0.020814,0.262366,0.263329836123824,St. Clair Avenue,2,#FCAE91
788,8,44.934302,-93.176371,2025-03-07T00:26:24Z,-0.351677,St. Clair Avenue East,-0.067165,0.310666,0.47402659536148395,St. Clair Avenue,2,#FCAE91
789,9,44.934292,-93.176229,2025-03-07T00:26:25Z,-0.652305,St. Clair Avenue East,-0.164386,0.313443,0.7421395315370284,St. Clair Avenue,2,#FCAE91
790,10,44.934288,-93.176095,2025-03-07T00:26:26Z,-0.511766,St. Clair Avenue East,-0.166927,0.220133,0.5815733829655549,St. Clair Avenue,2,#FCAE91
791,11,44.934286,-93.175956,2025-03-07T00:26:27Z,-0.310429,St. Clair Avenue East,-0.075757,0.118648,0.34085573927102947,St. Clair Avenue,2,#FCAE91
792,12,44.934287,-93.175817,2025-03-07T00:26:28Z,-0.563024,St. Clair Avenue East,-0.146641,0.398993,0.7054750325178063,St. Clair Avenue,2,#FCAE91
793,13,44.934287,-93.17568,2025-03-07T00:26:29Z,-0.885769,St. Clair Avenue East,-0.231514,0.328191,0.9725712241465918,St. Clair Avenue,2,#FCAE91
794,14,44.934286,-93.17554,2025-03-07T00:26:30Z,-0.708304,St. Clair Avenue East,-0.189028,0.354141,0.8141510849228171,St. Clair Avenue,2,#FCAE91
795,15,44.934287,-93.17541,2025-03-07T00:26:31Z,-0.086471,St. Clair Avenue East,-0.044037,0.226355,0.2462784546707243,St. Clair Avenue,2,#FCAE91
796,16,44.934284,-93.175283,2025-03-07T00:26:32Z,0.207141,St. Clair Avenue East,-0.008265,0.188408,0.2801308240269178,St. Clair Avenue,2,#FCAE91
797,17,44.934283,-93.175158,2025-03-07T00:26:33Z,-0.028078,St. Clair Avenue East,5e-4,0.170561,0.17285739441805778,St. Clair Avenue,2,#FCAE91
798,18,44.934278,-93.175021,2025-03-07T00:26:34Z,-0.246652,St. Clair Avenue East,-0.070967,0.170518,0.3081394368090524,St. Clair Avenue,2,#FCAE91
799,19,44.934278,-93.17487,2025-03-07T00:26:35Z,-0.211272,St. Clair Avenue East,-0.133646,0.168834,0.3016654286722295,St. Clair Avenue,2,#FCAE91
800,20,44.934277,-93.174732,2025-03-07T00:26:36Z,-0.467008,St. Clair Avenue East,-0.139695,0.179944,0.5196065898590971,St. Clair Avenue,2,#FCAE91
801,21,44.93427,-93.174591,2025-03-07T00:26:37Z,-0.230925,St. Clair Avenue East,0.027352,0.1563,0.2801859695434445,St. Clair Avenue,2,#FCAE91
802,22,44.934267,-93.174454,2025-03-07T00:26:38Z,0.186327,St. Clair Avenue East,0.057858,0.034239,0.198084851046212,St. Clair Avenue,2,#FCAE91
803,23,44.934267,-93.174318,2025-03-07T00:26:39Z,0.196544,St. Clair Avenue East,0.035489,-0.04434,0.2045850645990562,St. Clair Avenue,2,#FCAE91
804,24,44.934264,-93.174173,2025-03-07T00:26:40Z,-0.124159,St. Clair Avenue East,-0.057703,0.026967,0.139543228352364,St. Clair Avenue,2,#FCAE91
805,25,44.934231,-93.174037,2025-03-07T00:26:41Z,-0.219671,St. Clair Avenue East,0.013083,0.172568,0.27965376406192,St. Clair Avenue,2,#FCAE91
806,26,44.934226,-93.173866,2025-03-07T00:26:42Z,-0.245435,St. Clair Avenue East,-0.218312,0.021015,0.32915057161426897,St. Clair Avenue,2,#FCAE91
807,27,44.934249,-93.173711,2025-03-07T00:26:43Z,-0.421782,St. Clair Avenue East,-0.079413,0.189424,0.46913530230520917,St. Clair Avenue,2,#FCAE91
808,28,44.934256,-93.173549,2025-03-07T00:26:44Z,-0.284523,St. Clair Avenue East,-0.06897,0.162849,0.33500745548420263,St. Clair Avenue,2,#FCAE91
809,29,44.934257,-93.173394,2025-03-07T00:26:45Z,-0.213966,St. Clair Avenue East,-0.037116,0.011606,0.2174712529232312,St. Clair Avenue,2,#FCAE91
810,30,44.934251,-93.17325,2025-03-07T00:26:46Z,-0.101535,St. Clair Avenue East,-0.051459,0.12347,0.16793518334762372,St. Clair Avenue,2,#FCAE91
811,31,44.934259,-93.173093,2025-03-07T00:26:47Z,-0.106337,St. Clair Avenue East,-0.010808,0.12,0.1606996279802788,St. Clair Avenue,2,#FCAE91
812,32,44.934262,-93.172949,2025-03-07T00:26:48Z,-0.080328,St. Clair Avenue East,0.01924,0.147803,0.1693177249817632,St. Clair Avenue,2,#FCAE91
813,33,44.934268,-93.172814,2025-03-07T00:26:49Z,-0.034259,St. Clair Avenue East,-0.081009,0.109977,0.1408228592629762,St. Clair Avenue,2,#FCAE91
814,34,44.934271,-93.172665,2025-03-07T00:26:50Z,-0.17053,St. Clair Avenue East,-0.058264,0.073129,0.19448142645764402,St. Clair Avenue,2,#FCAE91
815,35,44.934271,-93.172518,2025-03-07T00:26:51Z,-0.196413,St. Clair Avenue East,-0.002179,0.085057,0.2140502461082444,St. Clair Avenue,2,#FCAE91
816,36,44.934273,-93.172372,2025-03-07T00:26:52Z,-0.205005,St. Clair Avenue East,-0.105568,0.002454,0.23060285073042786,St. Clair Avenue,2,#FCAE91
817,37,44.934262,-93.172241,2025-03-07T00:26:53Z,-0.052758,St. Clair Avenue East,-0.10953,-0.062197,0.13656022214759317,St. Clair Avenue,2,#FCAE91
818,38,44.934254,-93.172112,2025-03-07T00:26:54Z,-0.239191,St. Clair Avenue East,-0.007314,0.094135,0.25715214815746723,St. Clair Avenue,2,#FCAE91
819,39,44.934268,-93.171956,2025-03-07T00:26:55Z,-0.299393,St. Clair Avenue East,-0.063524,0.228242,0.3817929773961276,St. Clair Avenue,2,#FCAE91
820,40,44.93427,-93.171815,2025-03-07T00:26:56Z,-0.132403,St. Clair Avenue East,-0.039192,0.065375,0.15277584199735245,St. Clair Avenue,2,#FCAE91
821,41,44.934262,-93.171682,2025-03-07T00:26:57Z,-0.031436,St. Clair Avenue East,-0.012764,0.031264,0.04613653094891292,St. Clair Avenue,2,#FCAE91
822,42,44.934261,-93.171547,2025-03-07T00:26:57Z,0.179459,St. Clair Avenue East,-0.001518,-0.042763,0.18448986740197956,St. Clair Avenue,2,#FCAE91
823,43,44.934262,-93.171411,2025-03-07T00:26:58Z,0.284874,St. Clair Avenue East,0.025826000000000002,-0.04998,0.29037592626111414,St. Clair Avenue,2,#FCAE91
824,44,44.934261,-93.17127,2025-03-07T00:26:59Z,0.270162,St. Clair Avenue East,7.46e-4,-2.59e-4,0.27016315411432407,St. Clair Avenue,2,#FCAE91
825,45,44.934262,-93.171125,2025-03-07T00:27:00Z,0.244182,St. Clair Avenue East,0.113915,-0.005208,0.2694969380401195,St. Clair Avenue,2,#FCAE91
826,46,44.934261,-93.170977,2025-03-07T00:27:01Z,0.164217,St. Clair Avenue East,-0.022996,0.109469,0.19869449178575635,St. Clair Avenue,2,#FCAE91
827,47,44.934259,-93.170825,2025-03-07T00:27:02Z,0.37772,St. Clair Avenue East,0.046421,-0.104424,0.3946285334551976,St. Clair Avenue,2,#FCAE91
828,48,44.934258,-93.170673,2025-03-07T00:27:03Z,0.316182,St. Clair Avenue East,0.055822,-0.081343,0.3312156947624916,St. Clair Avenue,2,#FCAE91
829,49,44.934255,-93.170513,2025-03-07T00:27:04Z,-0.138373,St. Clair Avenue East,-0.030826,-0.007699,0.14197395537914692,St. Clair Avenue,2,#FCAE91
830,50,44.934257,-93.17035,2025-03-07T00:27:05Z,-0.071247,St. Clair Avenue East,-0.061547,0.036407,0.10094373614543896,St. Clair Avenue,2,#FCAE91
831,51,44.934259,-93.17019,2025-03-07T00:27:06Z,0.157173,St. Clair Avenue East,0.021127,8.33e-4,0.1585887636215126,St. Clair Avenue,2,#FCAE91
832,52,44.934255,-93.17003,2025-03-07T00:27:07Z,0.184049,St. Clair Avenue East,0.026138,0.090361,0.20669383098196228,St. Clair Avenue,2,#FCAE91
833,53,44.934254,-93.169866,2025-03-07T00:27:08Z,0.056594,St. Clair Avenue East,-0.079612,0.030491,0.10232620613019912,St. Clair Avenue,2,#FCAE91
834,54,44.934245,-93.169699,2025-03-07T00:27:09Z,-0.206177,St. Clair Avenue East,-0.176616,0.030791,0.2732219838629388,St. Clair Avenue,2,#FCAE91
835,55,44.934237,-93.169545,2025-03-07T00:27:10Z,-0.324454,St. Clair Avenue East,-0.050265,0.111858,0.3468561380529398,St. Clair Avenue,2,#FCAE91
836,56,44.934251,-93.169368,2025-03-07T00:27:11Z,-0.20765,St. Clair Avenue East,-0.044852,0.117337,0.24268950527989464,St. Clair Avenue,2,#FCAE91
837,57,44.93425,-93.169207,2025-03-07T00:27:12Z,-0.275973,St. Clair Avenue East,-0.116435,0.064365,0.30636752304870696,St. Clair Avenue,2,#FCAE91
838,58,44.934249,-93.169048,2025-03-07T00:27:13Z,-0.307571,St. Clair Avenue East,-0.09431,0.105199,0.3384687958172806,St. Clair Avenue,2,#FCAE91
839,59,44.934247,-93.168891,2025-03-07T00:27:14Z,-0.300347,St. Clair Avenue East,-0.120129,0.093411,0.33669706261118465,St. Clair Avenue,2,#FCAE91
840,60,44.934249,-93.168743,2025-03-07T00:27:15Z,-0.501933,St. Clair Avenue East,-0.137528,0.134406,0.5375087535184891,St. Clair Avenue,2,#FCAE91
841,61,44.934246,-93.168588,2025-03-07T00:27:16Z,-0.460287,St. Clair Avenue East,-0.121903,0.100245,0.48659379753856297,St. Clair Avenue,2,#FCAE91
842,62,44.934267,-93.168452,2025-03-07T00:27:17Z,-0.247221,St. Clair Avenue East,-0.121989,0.084785,0.2884233610285408,St. Clair Avenue,2,#FCAE91
843,63,44.934263,-93.168309,2025-03-07T00:27:18Z,-0.27532,St. Clair Avenue East,0.021714,0.138027,0.3087459358841829,St. Clair Avenue,2,#FCAE91
844,64,44.934255,-93.168176,2025-03-07T00:27:19Z,-0.566456,St. Clair Avenue East,-0.211514,0.159941,0.6254531921838755,St. Clair Avenue,2,#FCAE91
845,65,44.934254,-93.168046,2025-03-07T00:27:20Z,-0.517673,St. Clair Avenue East,-0.16701,0.147229,0.5635193461364038,St. Clair Avenue,2,#FCAE91
846,66,44.934254,-93.167928,2025-03-07T00:27:21Z,-0.571393,St. Clair Avenue East,-0.133092,0.18118,0.6140273880805318,St. Clair Avenue,2,#FCAE91
847,67,44.934251,-93.167816,2025-03-07T00:27:22Z,-0.84346,St. Clair Avenue East,-0.221302,0.24549,0.9059054514153229,St. Clair Avenue,2,#FCAE91
848,68,44.934251,-93.167716,2025-03-07T00:27:23Z,-0.919487,St. Clair Avenue East,-0.319358,0.245146,1.0037641339722196,St. Clair Avenue,2,#FCAE91
849,69,44.934251,-93.167634,2025-03-07T00:27:24Z,-0.849343,St. Clair Avenue East,-0.199256,0.213648,0.8981825833810183,St. Clair Avenue,2,#FCAE91
850,70,44.93425,-93.167563,2025-03-07T00:27:25Z,-0.572465,St. Clair Avenue East,-0.154829,0.139503,0.6092202249392251,St. Clair Avenue,2,#FCAE91
851,71,44.934249,-93.167511,2025-03-07T00:27:26Z,-0.478485,St. Clair Avenue East,-0.139167,0.149889,0.5203672370883855,St. Clair Avenue,2,#FCAE91
852,72,44.934243,-93.167472,2025-03-07T00:27:27Z,0.100298,St. Clair Avenue East,0.032877,-0.018101,0.10708983207569242,St. Clair Avenue,2,#FCAE91
853,73,44.934254,-93.167427,2025-03-07T00:27:28Z,0.313944,St. Clair Avenue East,0.065564,-0.069473,0.32815540672218096,St. Clair Avenue,2,#FCAE91
854,74,44.934252,-93.167394,2025-03-07T00:27:29Z,0.860349,St. Clair Avenue East,0.186759,-0.177448,0.8980908186737019,St. Clair Avenue,2,#FCAE91
855,75,44.934251,-93.167356,2025-03-07T00:27:30Z,0.481033,St. Clair Avenue East,0.158399,-0.087815,0.5139985063353784,St. Clair Avenue,2,#FCAE91
856,1,44.941525,-93.167266,2025-03-07T00:30:07Z,0.580218,Summit Avenue West,-0.072619,-1.727181,1.82348036826449,Summit Avenue,4,#BA3A30
857,2,44.94153,-93.167309,2025-03-07T00:30:08Z,0.750367,Summit Avenue West,0.251418,-0.877509,1.1816444856614021,Summit Avenue,4,#BA3A30
858,3,44.941537,-93.167364,2025-03-07T00:30:09Z,0.740987,Summit Avenue West,0.124211,-0.357132,0.8318854320842504,Summit Avenue,4,#BA3A30
859,4,44.941519,-93.16752,2025-03-07T00:30:10Z,0.563614,Summit Avenue West,0.066336,-0.024606,0.56803755256849,Summit Avenue,4,#BA3A30
860,5,44.941525,-93.167667,2025-03-07T00:30:11Z,-0.033743,Summit Avenue West,0.044273,0.081014,0.09829525305934159,Summit Avenue,4,#BA3A30
861,6,44.941523,-93.167817,2025-03-07T00:30:12Z,0.054657,Summit Avenue West,-0.037553,0.081276,0.10489710975045977,Summit Avenue,4,#BA3A30
862,7,44.941522,-93.167976,2025-03-07T00:30:13Z,-0.230124,Summit Avenue West,-0.021638,0.050304,0.23654967942485147,Summit Avenue,4,#BA3A30
863,8,44.941517,-93.168138,2025-03-07T00:30:14Z,-0.362369,Summit Avenue West,-0.137618,0.219368,0.4453900824097905,Summit Avenue,4,#BA3A30
864,9,44.941514,-93.168304,2025-03-07T00:30:15Z,-0.267724,Summit Avenue West,-0.132421,0.089991,0.31194525400781464,Summit Avenue,4,#BA3A30
865,10,44.941511,-93.168475,2025-03-07T00:30:17Z,-0.385959,Summit Avenue West,-0.074194,0.258932,0.47065367303464234,Summit Avenue,4,#BA3A30
866,11,44.94151,-93.168649,2025-03-07T00:30:17Z,-0.525188,Summit Avenue West,-0.153022,0.223224,0.5908190264404152,Summit Avenue,4,#BA3A30
867,12,44.941507,-93.168822,2025-03-07T00:30:18Z,-0.585674,Summit Avenue West,-0.096954,0.221169,0.6335059896741309,Summit Avenue,4,#BA3A30
868,13,44.941507,-93.168995,2025-03-07T00:30:19Z,-0.618181,Summit Avenue West,0.020363,0.206463,0.6520654651942549,Summit Avenue,4,#BA3A30
869,14,44.941506,-93.169177,2025-03-07T00:30:20Z,-0.432198,Summit Avenue West,-0.140793,0.191039,0.49306559358162483,Summit Avenue,4,#BA3A30
870,15,44.941503,-93.169353,2025-03-07T00:30:21Z,-0.487926,Summit Avenue West,-0.061567,0.079389,0.4981615102414076,Summit Avenue,4,#BA3A30
871,16,44.941503,-93.169531,2025-03-07T00:30:22Z,-0.295534,Summit Avenue West,-0.07598,0.064945,0.3119794201241486,Summit Avenue,4,#BA3A30
872,17,44.9415,-93.16971,2025-03-07T00:30:23Z,-0.12258,Summit Avenue West,-0.073537,0.128903,0.1924825451255256,Summit Avenue,4,#BA3A30
873,18,44.941502,-93.16989,2025-03-07T00:30:24Z,-0.236831,Summit Avenue West,0.003198,0.129061,0.26973300036517595,Summit Avenue,4,#BA3A30
874,19,44.941503,-93.170077,2025-03-07T00:30:25Z,-0.246209,Summit Avenue West,-0.066694,0.018624,0.25576124548687984,Summit Avenue,4,#BA3A30
875,20,44.941499,-93.170262,2025-03-07T00:30:26Z,-0.163126,Summit Avenue West,-0.040876,0.056792,0.17750005779153988,Summit Avenue,4,#BA3A30
876,21,44.941496,-93.170445,2025-03-07T00:30:27Z,-0.166097,Summit Avenue West,-0.065576,0.111936,0.21075600413985834,Summit Avenue,4,#BA3A30
877,22,44.941496,-93.170625,2025-03-07T00:30:28Z,-0.261461,Summit Avenue West,-0.1083,0.09907,0.2998426410986269,Summit Avenue,4,#BA3A30
878,23,44.941491,-93.170806,2025-03-07T00:30:29Z,-0.258757,Summit Avenue West,-0.031541,0.131269,0.29185881876516945,Summit Avenue,4,#BA3A30
879,24,44.941498,-93.171013,2025-03-07T00:30:30Z,-0.203362,Summit Avenue West,-0.157914,0.130559,0.2886842339321633,Summit Avenue,4,#BA3A30
880,25,44.9415,-93.171209,2025-03-07T00:30:31Z,-0.261793,Summit Avenue West,-0.022005,0.084258,0.2758970921158829,Summit Avenue,4,#BA3A30
881,26,44.941502,-93.171388,2025-03-07T00:30:32Z,-0.13546,Summit Avenue West,-0.022308,0.059017,0.14943247556337946,Summit Avenue,4,#BA3A30
882,27,44.9415,-93.171576,2025-03-07T00:30:33Z,-0.168322,Summit Avenue West,-0.073345,0.063535,0.19428968303540978,Summit Avenue,4,#BA3A30
883,28,44.941499,-93.171765,2025-03-07T00:30:34Z,-0.109919,Summit Avenue West,-0.060575,0.033454,0.12988720992461114,Summit Avenue,4,#BA3A30
884,29,44.941498,-93.171957,2025-03-07T00:30:35Z,-0.070114,Summit Avenue West,0.063428,0.019246,0.09648571239307921,Summit Avenue,4,#BA3A30
885,30,44.9415,-93.172151,2025-03-07T00:30:36Z,0.022623,Summit Avenue West,-0.087138,0.014013,0.09111089584676467,Summit Avenue,4,#BA3A30
886,31,44.941497,-93.172342,2025-03-07T00:30:37Z,-0.236891,Summit Avenue West,-0.041328,0.068472,0.25002752698253045,Summit Avenue,4,#BA3A30
887,32,44.941499,-93.172538,2025-03-07T00:30:38Z,-0.224355,Summit Avenue West,-0.13769700000000001,0.083919,0.27629337378047997,Summit Avenue,4,#BA3A30
888,33,44.941498,-93.172741,2025-03-07T00:30:39Z,-0.154963,Summit Avenue West,0.016067,0.043278,0.1616931202679941,Summit Avenue,4,#BA3A30
889,34,44.941498,-93.172941,2025-03-07T00:30:40Z,-0.157287,Summit Avenue West,-0.054155,0.093755,0.19095016213399768,Summit Avenue,4,#BA3A30
890,35,44.941496,-93.173136,2025-03-07T00:30:41Z,-0.435102,Summit Avenue West,-0.159589,0.15395,0.48834721441306495,Summit Avenue,4,#BA3A30
891,36,44.941498,-93.173323,2025-03-07T00:30:42Z,-0.538375,Summit Avenue West,-0.054486,0.128079,0.5560760694922954,Summit Avenue,4,#BA3A30
892,37,44.941499,-93.173506,2025-03-07T00:30:43Z,-0.288638,Summit Avenue West,-0.308844,0.2315,0.481963444028694,Summit Avenue,4,#BA3A30
893,38,44.941499,-93.173679,2025-03-07T00:30:44Z,-0.765694,Summit Avenue West,-0.11631,0.313201,0.8354101891508147,Summit Avenue,4,#BA3A30
894,39,44.941501,-93.17385,2025-03-07T00:30:45Z,-0.472523,Summit Avenue West,-0.175121,0.710325,0.8709230481477683,Summit Avenue,4,#BA3A30
895,40,44.941506,-93.174007,2025-03-07T00:30:46Z,-0.175984,Summit Avenue West,-0.024181,1.21409,1.2270165512807885,Summit Avenue,4,#BA3A30
896,41,44.94153,-93.174163,2025-03-07T00:30:47Z,-0.14676,Summit Avenue West,0.053488,0.879962,0.8937184037424764,Summit Avenue,4,#BA3A30
897,42,44.941573,-93.1743,2025-03-07T00:30:48Z,0.024214,Summit Avenue West,-0.074794,-0.051533,0.09400058681199815,Summit Avenue,4,#BA3A30
898,43,44.941603,-93.17445,2025-03-07T00:30:49Z,0.257307,Summit Avenue West,0.041751,-0.706677,0.7532213622694194,Summit Avenue,4,#BA3A30
899,44,44.941623,-93.174603,2025-03-07T00:30:50Z,0.173904,Summit Avenue West,0.040063,-1.17489,1.1883661713819524,Summit Avenue,4,#BA3A30
900,45,44.94163,-93.174762,2025-03-07T00:30:51Z,0.180952,Summit Avenue West,0.074018,-0.956157,0.975939803101093,Summit Avenue,4,#BA3A30
901,46,44.941624,-93.174936,2025-03-07T00:30:52Z,0.344573,Summit Avenue West,0.001226,-0.530136,0.6322786046522529,Summit Avenue,4,#BA3A30
902,47,44.941632,-93.175104,2025-03-07T00:30:53Z,0.195113,Summit Avenue West,0.111417,-0.36647,0.4298640384563473,Summit Avenue,4,#BA3A30
903,48,44.941626,-93.175275,2025-03-07T00:30:54Z,-0.158584,Summit Avenue West,-0.010386,-0.181979,0.2416052782805045,Summit Avenue,4,#BA3A30
904,49,44.941629,-93.175447,2025-03-07T00:30:55Z,-0.099897,Summit Avenue West,-0.124525,0.073501,0.1757506279789634,Summit Avenue,4,#BA3A30
905,50,44.941627,-93.175616,2025-03-07T00:30:56Z,-0.149668,Summit Avenue West,-0.096238,-0.017922,0.17883920418073884,Summit Avenue,4,#BA3A30
906,51,44.94163,-93.175779,2025-03-07T00:30:57Z,-0.09155,Summit Avenue West,0.042503,0.109777,0.14912711771505544,Summit Avenue,4,#BA3A30
907,52,44.941626,-93.175934,2025-03-07T00:30:58Z,-0.078821,Summit Avenue West,-0.07754,0.07082,0.13130374724660374,Summit Avenue,4,#BA3A30
908,53,44.941626,-93.176106,2025-03-07T00:30:59Z,-0.224067,Summit Avenue West,-0.160218,0.137472,0.3078544766557732,Summit Avenue,4,#BA3A30
909,54,44.941628,-93.176265,2025-03-07T00:31:00Z,-0.522043,Summit Avenue West,-0.134573,0.170688,0.5654849065377431,Summit Avenue,4,#BA3A30
910,55,44.941626,-93.176416,2025-03-07T00:31:01Z,-1.015361,Summit Avenue West,-0.103203,0.352969,1.0799055210947854,Summit Avenue,4,#BA3A30
911,56,44.941625,-93.176551,2025-03-07T00:31:02Z,-0.895996,Summit Avenue West,-0.361318,0.226969,0.9924084119459086,Summit Avenue,4,#BA3A30
912,57,44.941624,-93.176668,2025-03-07T00:31:03Z,-0.910254,Summit Avenue West,-0.193998,0.212861,0.9547289530756884,Summit Avenue,4,#BA3A30
913,58,44.941623,-93.176777,2025-03-07T00:31:04Z,-1.043178,Summit Avenue West,-0.290896,0.396046,1.153123261675004,Summit Avenue,4,#BA3A30
914,59,44.941624,-93.176867,2025-03-07T00:31:05Z,-1.103255,Summit Avenue West,-0.254889,0.327933,1.1788469153520318,Summit Avenue,4,#BA3A30
915,60,44.941624,-93.176934,2025-03-07T00:31:06Z,-0.838829,Summit Avenue West,-0.249346,0.298194,0.9245145648355142,Summit Avenue,4,#BA3A30
916,61,44.941624,-93.176982,2025-03-07T00:31:07Z,-0.834113,Summit Avenue West,-0.194946,0.278174,0.9006271225990254,Summit Avenue,4,#BA3A30
917,62,44.941624,-93.177017,2025-03-07T00:31:08Z,-0.613169,Summit Avenue West,-0.189028,0.165416,0.6626237698732215,Summit Avenue,4,#BA3A30
918,63,44.941628,-93.177046,2025-03-07T00:31:09Z,-0.144539,Summit Avenue West,-0.029851,0.097362,0.17681053069882463,Summit Avenue,4,#BA3A30
919,64,44.941625,-93.177051,2025-03-07T00:31:10Z,-0.013016,Summit Avenue West,0.012408,0.059193,0.061864254371971544,Summit Avenue,4,#BA3A30
920,1,44.941304,-93.177066,2025-03-07T00:31:58Z,0.561087,Summit Avenue East,0.212622,-1.055148,1.2138220785424032,Summit Avenue,4,#FCAE91
921,2,44.941324,-93.176966,2025-03-07T00:31:59Z,0.631809,Summit Avenue East,0.136756,-0.340238,0.7305112679904396,Summit Avenue,4,#FCAE91
922,3,44.941331,-93.176863,2025-03-07T00:32:00Z,0.76844,Summit Avenue East,0.156717,-0.015271,0.7844064349111372,Summit Avenue,4,#FCAE91
923,4,44.941343,-93.176743,2025-03-07T00:32:01Z,0.696523,Summit Avenue East,0.171245,-0.057644,0.7195776332613459,Summit Avenue,4,#FCAE91
924,5,44.941352,-93.176612,2025-03-07T00:32:02Z,0.201221,Summit Avenue East,0.144424,0.073059,0.25823593881952217,Summit Avenue,4,#FCAE91
925,6,44.941364,-93.176472,2025-03-07T00:32:03Z,-0.076254,Summit Avenue East,-0.054932,0.12926,0.15981346858134332,Summit Avenue,4,#FCAE91
926,7,44.941353,-93.176336,2025-03-07T00:32:04Z,-0.09883,Summit Avenue East,-0.020161,0.127179,0.16232169559858595,Summit Avenue,4,#FCAE91
927,8,44.941351,-93.176182,2025-03-07T00:32:05Z,-0.325306,Summit Avenue East,-2.41e-4,0.200103,0.381923110489533,Summit Avenue,4,#FCAE91
928,9,44.941345,-93.176031,2025-03-07T00:32:06Z,-0.282682,Summit Avenue East,-0.123668,0.22037,0.37916464002857647,Summit Avenue,4,#FCAE91
929,10,44.941343,-93.175871,2025-03-07T00:32:07Z,-0.486465,Summit Avenue East,-0.143738,0.153152,0.5298720071611633,Summit Avenue,4,#FCAE91
930,11,44.941343,-93.175711,2025-03-07T00:32:08Z,-0.614135,Summit Avenue East,-0.095775,0.189162,0.6497052493969862,Summit Avenue,4,#FCAE91
931,12,44.941347,-93.175559,2025-03-07T00:32:09Z,-0.614448,Summit Avenue East,-0.178875,0.211398,0.6739671540461004,Summit Avenue,4,#FCAE91
932,13,44.941349,-93.175398,2025-03-07T00:32:10Z,-0.655726,Summit Avenue East,-0.203111,0.18551,0.7110869324470813,Summit Avenue,4,#FCAE91
933,14,44.941345,-93.175224,2025-03-07T00:32:11Z,-0.597921,Summit Avenue East,-0.104913,0.137344,0.6223982922100606,Summit Avenue,4,#FCAE91
934,15,44.941345,-93.175062,2025-03-07T00:32:12Z,-0.578671,Summit Avenue East,-0.126933,0.075593,0.5972322951574204,Summit Avenue,4,#FCAE91
935,16,44.941355,-93.174907,2025-03-07T00:32:13Z,-0.58019,Summit Avenue East,-0.196211,-0.279894,0.673394270733721,Summit Avenue,4,#FCAE91
936,17,44.941359,-93.174765,2025-03-07T00:32:14Z,-0.593487,Summit Avenue East,-0.163573,-0.86606,1.0625642893952347,Summit Avenue,4,#FCAE91
937,18,44.941369,-93.174617,2025-03-07T00:32:15Z,-0.432027,Summit Avenue East,-0.113685,-0.870126,0.9781057528866701,Summit Avenue,4,#FCAE91
938,19,44.941386,-93.174466,2025-03-07T00:32:16Z,-0.311628,Summit Avenue East,0.067313,-0.318302,0.45050994834409597,Summit Avenue,4,#FCAE91
939,20,44.941396,-93.174334,2025-03-07T00:32:17Z,-0.121455,Summit Avenue East,0.05139,0.610906,0.6249787116062434,Summit Avenue,4,#FCAE91
940,21,44.941458,-93.174196,2025-03-07T00:32:18Z,0.114465,Summit Avenue East,-0.190314,1.098444,1.1206698336071155,Summit Avenue,4,#FCAE91
941,22,44.941466,-93.174042,2025-03-07T00:32:19Z,0.072123,Summit Avenue East,0.093089,0.891655,0.899397536173521,Summit Avenue,4,#FCAE91
942,23,44.941496,-93.173878,2025-03-07T00:32:20Z,0.146713,Summit Avenue East,0.019802,0.738921,0.75360537936907,Summit Avenue,4,#FCAE91
943,24,44.941491,-93.173709,2025-03-07T00:32:21Z,0.136042,Summit Avenue East,0.042337,0.476545,0.49738816266372887,Summit Avenue,4,#FCAE91
944,25,44.941493,-93.173509,2025-03-07T00:32:22Z,0.087728,Summit Avenue East,0.056566,0.106456,0.1490932402089377,Summit Avenue,4,#FCAE91
945,26,44.941486,-93.17338,2025-03-07T00:32:23Z,0.117294,Summit Avenue East,-0.057098,0.095745,0.16181832116605338,Summit Avenue,4,#FCAE91
946,27,44.941489,-93.173197,2025-03-07T00:32:24Z,0.071814,Summit Avenue East,0.014186,0.013088,0.07436255062865986,Summit Avenue,4,#FCAE91
947,28,44.941479,-93.173037,2025-03-07T00:32:25Z,0.088207,Summit Avenue East,-0.047415,0.001763,0.10015870028609596,Summit Avenue,4,#FCAE91
948,29,44.941474,-93.172879,2025-03-07T00:32:26Z,-0.076847,Summit Avenue East,-0.035128,0.025496,0.08825805237484,Summit Avenue,4,#FCAE91
949,30,44.941471,-93.172712,2025-03-07T00:32:27Z,-0.147304,Summit Avenue East,-0.030847,0.036981,0.1549761277939283,Summit Avenue,4,#FCAE91
950,31,44.941464,-93.17253,2025-03-07T00:32:28Z,-0.18872,Summit Avenue East,-0.034212,0.058837,0.20061777566556757,Summit Avenue,4,#FCAE91
951,32,44.941462,-93.172354,2025-03-07T00:32:29Z,-0.185793,Summit Avenue East,-0.100084,0.070749,0.22257867576657026,Summit Avenue,4,#FCAE91
952,33,44.941466,-93.172174,2025-03-07T00:32:30Z,-0.13323,Summit Avenue East,-0.021529,0.053504,0.1451771633453416,Summit Avenue,4,#FCAE91
953,34,44.941466,-93.171995,2025-03-07T00:32:31Z,-0.20506,Summit Avenue East,-0.06117,-0.084323,0.2300037843797358,Summit Avenue,4,#FCAE91
954,35,44.941466,-93.171815,2025-03-07T00:32:32Z,-0.162821,Summit Avenue East,-0.121606,-0.052517,0.20989695701939082,Summit Avenue,4,#FCAE91
955,36,44.941465,-93.171638,2025-03-07T00:32:33Z,-0.171975,Summit Avenue East,0.012882,0.038305,0.17665961500580712,Summit Avenue,4,#FCAE91
956,37,44.941473,-93.171468,2025-03-07T00:32:34Z,-0.169131,Summit Avenue East,-0.07208,0.083547,0.20194287006477848,Summit Avenue,4,#FCAE91
957,38,44.941479,-93.171289,2025-03-07T00:32:35Z,-0.251558,Summit Avenue East,-0.090575,0.072812,0.27710439428670197,Summit Avenue,4,#FCAE91
958,39,44.941472,-93.171115,2025-03-07T00:32:36Z,-0.264537,Summit Avenue East,-0.075426000000000007,0.083249,0.2874009426672084,Summit Avenue,4,#FCAE91
959,40,44.94147,-93.170945,2025-03-07T00:32:37Z,-0.264224,Summit Avenue East,-0.082107,0.022353,0.2775887934229334,Summit Avenue,4,#FCAE91
960,41,44.94147,-93.170779,2025-03-07T00:32:38Z,-0.039819,Summit Avenue East,-0.066197,0.045713,0.08976231914896138,Summit Avenue,4,#FCAE91
961,42,44.941471,-93.170611,2025-03-07T00:32:39Z,-0.013854,Summit Avenue East,0.043695,0.035545,0.0580054597947469,Summit Avenue,4,#FCAE91
962,43,44.941462,-93.170463,2025-03-07T00:32:40Z,0.083047,Summit Avenue East,-0.16974,0.056765,0.19730873532106985,Summit Avenue,4,#FCAE91
963,44,44.941469,-93.17027,2025-03-07T00:32:41Z,0.044938,Summit Avenue East,0.141384,-0.03631,0.15273269263651448,Summit Avenue,4,#FCAE91
964,45,44.941464,-93.170087,2025-03-07T00:32:42Z,-0.234553,Summit Avenue East,-0.143138,0.057619,0.28075531342077925,Summit Avenue,4,#FCAE91
965,46,44.941466,-93.169917,2025-03-07T00:32:43Z,-0.22464,Summit Avenue East,-0.003956,0.00983,0.22488976952275974,Summit Avenue,4,#FCAE91
966,47,44.941466,-93.169753,2025-03-07T00:32:44Z,-0.276447,Summit Avenue East,-0.039967,-0.030898,0.281024894452431,Summit Avenue,4,#FCAE91
967,48,44.94146,-93.169588,2025-03-07T00:32:45Z,-0.235809,Summit Avenue East,-0.172731,0.058995,0.29819841191227026,Summit Avenue,4,#FCAE91
968,49,44.941468,-93.169426,2025-03-07T00:32:46Z,-0.243133,Summit Avenue East,0.010891,0.126658,0.2743620209394879,Summit Avenue,4,#FCAE91
969,50,44.941468,-93.169266,2025-03-07T00:32:47Z,-0.224899,Summit Avenue East,-0.092832,0.120785,0.27163644205076753,Summit Avenue,4,#FCAE91
970,51,44.941467,-93.169113,2025-03-07T00:32:48Z,-0.068845,Summit Avenue East,0.106542,-0.03239,0.13091960849697037,Summit Avenue,4,#FCAE91
971,52,44.941472,-93.168956,2025-03-07T00:32:49Z,-0.117476,Summit Avenue East,-0.032808,0.041363,0.12879391759318448,Summit Avenue,4,#FCAE91
972,53,44.94147,-93.168804,2025-03-07T00:32:50Z,-0.136602,Summit Avenue East,0.043999,0.056098,0.15408765041040764,Summit Avenue,4,#FCAE91
973,54,44.941465,-93.168657,2025-03-07T00:32:51Z,-0.090145,Summit Avenue East,-0.037149,0.125141,0.15863933656883464,Summit Avenue,4,#FCAE91
974,55,44.941467,-93.168511,2025-03-07T00:32:52Z,0.114972,Summit Avenue East,0.015937,0.063581,0.13234459684475222,Summit Avenue,4,#FCAE91
975,56,44.941468,-93.168367,2025-03-07T00:32:53Z,0.180181,Summit Avenue East,-0.007134,0.023492,0.18184598093166646,Summit Avenue,4,#FCAE91
976,57,44.941466,-93.168225,2025-03-07T00:32:54Z,0.10905,Summit Avenue East,0.027342,-0.019934,0.11417903406492805,Summit Avenue,4,#FCAE91
977,58,44.941454,-93.168073,2025-03-07T00:32:55Z,-0.311967,Summit Avenue East,-0.153213,0.094804,0.360257450823713,Summit Avenue,4,#FCAE91
978,59,44.941466,-93.167922,2025-03-07T00:32:56Z,-0.411369,Summit Avenue East,-0.099864,0.073709,0.42968626850063524,Summit Avenue,4,#FCAE91
979,60,44.941464,-93.167796,2025-03-07T00:32:57Z,-0.42272,Summit Avenue East,-0.119631,0.082625,0.4470242333319302,Summit Avenue,4,#FCAE91
980,61,44.941463,-93.167671,2025-03-07T00:32:58Z,-1.285817,Summit Avenue East,-0.341002,0.225624,1.3492642109197885,Summit Avenue,4,#FCAE91
981,62,44.941461,-93.167553,2025-03-07T00:32:59Z,-1.851495,Summit Avenue East,-0.460497,0.353629,1.9403980755698043,Summit Avenue,4,#FCAE91
982,63,44.941459,-93.16748,2025-03-07T00:33:00Z,-1.70481,Summit Avenue East,-0.462322,0.417657,1.8150912201410152,Summit Avenue,4,#FCAE91
983,64,44.94145,-93.167433,2025-03-07T00:33:01Z,-1.42415,Summit Avenue East,-0.380716,0.359834,1.5174414000916148,Summit Avenue,4,#FCAE91
984,65,44.941453,-93.167414,2025-03-07T00:33:02Z,-0.505776,Summit Avenue East,-0.14819,0.156586,0.5498079789090006,Summit Avenue,4,#FCAE91
985,66,44.941453,-93.167399,2025-03-07T00:33:03Z,0.117368,Summit Avenue East,0.020098,0.007657,0.11932228072325805,Summit Avenue,4,#FCAE91
986,67,44.941453,-93.167391,2025-03-07T00:33:04Z,0.242167,Summit Avenue East,0.047607,-0.025942,0.24816178130808136,Summit Avenue,4,#FCAE91
987,68,44.941454,-93.167393,2025-03-07T00:33:05Z,0.602743,Summit Avenue East,0.133699,-0.109752,0.627072601980026,Summit Avenue,4,#FCAE91
988,1,44.941679,-93.167136,2025-03-07T00:42:11Z,1.023761,Summit Avenue West S,0.137295,0.271239,1.0679452688536992,Summit Avenue,4,#990000
989,2,44.941682,-93.167292,2025-03-07T00:42:12Z,1.017602,Summit Avenue West S,0.172369,0.012658,1.0321749500588548,Summit Avenue,4,#990000
990,3,44.941689,-93.167369,2025-03-07T00:42:13Z,0.342726,Summit Avenue West S,0.180052,-0.459686,0.600991724049508,Summit Avenue,4,#990000
991,4,44.941689,-93.167463,2025-03-07T00:42:14Z,0.239374,Summit Avenue West S,-0.050834,-0.230694,0.336308978571789,Summit Avenue,4,#990000
992,5,44.94169,-93.167562,2025-03-07T00:42:15Z,0.209347,Summit Avenue West S,0.13529,-0.44119,0.5067328355346632,Summit Avenue,4,#990000
993,6,44.941694,-93.167663,2025-03-07T00:42:17Z,0.015987,Summit Avenue West S,-0.072515,-0.313125,0.32180937683510713,Summit Avenue,4,#990000
994,7,44.941693,-93.167762,2025-03-07T00:42:18Z,-0.389213,Summit Avenue West S,-0.106097,-0.186456,0.44442004085549514,Summit Avenue,4,#990000
995,8,44.941692,-93.167856,2025-03-07T00:42:19Z,-0.011479,Summit Avenue West S,-0.063756,-0.133063,0.14799444903779327,Summit Avenue,4,#990000
996,9,44.941693,-93.167966,2025-03-07T00:42:20Z,-0.30471,Summit Avenue West S,0.002889,-0.104989,0.32230299493178777,Summit Avenue,4,#990000
997,10,44.941674,-93.168069,2025-03-07T00:42:21Z,-0.336826,Summit Avenue West S,-0.26385,0.005649,0.42790242810365076,Summit Avenue,4,#990000
998,11,44.941683,-93.168175,2025-03-07T00:42:22Z,-0.498152,Summit Avenue West S,-0.088998,-0.208441,0.5472875931254061,Summit Avenue,4,#990000
999,12,44.941683,-93.168279,2025-03-07T00:42:23Z,-0.645783,Summit Avenue West S,-0.205902,-0.112828,0.6871400688920709,Summit Avenue,4,#990000
1000,13,44.941681,-93.168388,2025-03-07T00:42:24Z,-0.46913,Summit Avenue West S,-0.113817,-0.09895,0.49277618539150203,Summit Avenue,4,#990000
1001,14,44.94168,-93.168479,2025-03-07T00:42:25Z,-0.351278,Summit Avenue West S,-0.126723,0.189336,0.41869209797773826,Summit Avenue,4,#990000
1002,15,44.941679,-93.168583,2025-03-07T00:42:26Z,-0.469025,Summit Avenue West S,-0.197369,0.009464,0.5089484650551567,Summit Avenue,4,#990000
1003,16,44.941682,-93.168686,2025-03-07T00:42:27Z,-0.79786,Summit Avenue West S,-0.254147,-0.011824,0.8374431826607701,Summit Avenue,4,#990000
1004,17,44.941681,-93.168783,2025-03-07T00:42:28Z,-1.06931,Summit Avenue West S,-0.174415,0.194727,1.1008011050385078,Summit Avenue,4,#990000
1005,18,44.941683,-93.168855,2025-03-07T00:42:29Z,-1.183379,Summit Avenue West S,-0.388688,0.142521,1.2537050906915868,Summit Avenue,4,#990000
1006,19,44.941678,-93.168903,2025-03-07T00:42:30Z,-1.084743,Summit Avenue West S,-0.305532,0.183189,1.1417422602295144,Summit Avenue,4,#990000
1007,20,44.941682,-93.168963,2025-03-07T00:42:31Z,-1.431502,Summit Avenue West S,-0.385924,0.273129,1.5075592062738365,Summit Avenue,4,#990000
1008,21,44.94167,-93.169006,2025-03-07T00:42:32Z,-1.070983,Summit Avenue West S,-0.235776,0.156881,1.1077935532516878,Summit Avenue,4,#990000
1009,22,44.941676,-93.169019,2025-03-07T00:42:33Z,0.022546,Summit Avenue West S,-0.052462,-0.00553,0.05736867141567774,Summit Avenue,4,#990000
1010,23,44.94168,-93.168991,2025-03-07T00:42:34Z,0.940826,Summit Avenue West S,0.248709,-0.21987400000000001,0.9976744483211946,Summit Avenue,4,#990000
1011,24,44.941677,-93.169019,2025-03-07T00:42:35Z,1.065531,Summit Avenue West S,0.311168,-0.337419,1.1601868029528692,Summit Avenue,4,#990000
1012,25,44.941684,-93.169058,2025-03-07T00:42:36Z,0.785083,Summit Avenue West S,0.17916,-0.088165,0.8100781997523449,Summit Avenue,4,#990000
1013,26,44.941684,-93.169095,2025-03-07T00:42:37Z,0.8011,Summit Avenue West S,0.2618,-0.357633,0.9155336218233605,Summit Avenue,4,#990000
1014,27,44.941684,-93.169144,2025-03-07T00:42:38Z,1.019452,Summit Avenue West S,0.081574,-0.173756,1.0373658203912446,Summit Avenue,4,#990000
1015,28,44.941686,-93.169203,2025-03-07T00:42:39Z,0.582849,Summit Avenue West S,0.047113,-0.101237,0.5934488366649647,Summit Avenue,4,#990000
1016,29,44.941685,-93.169283,2025-03-07T00:42:40Z,0.585991,Summit Avenue West S,0.011234,-0.08196,0.5918015684644643,Summit Avenue,4,#990000
1017,30,44.941684,-93.169357,2025-03-07T00:42:41Z,0.051455,Summit Avenue West S,0.122799,-2.49e-4,0.13314380731750164,Summit Avenue,4,#990000
1018,31,44.941684,-93.169429,2025-03-07T00:42:42Z,-0.024365,Summit Avenue West S,-0.012244,-0.207261,0.20904710206553928,Summit Avenue,4,#990000
1019,32,44.941682,-93.169488,2025-03-07T00:42:43Z,-0.137434,Summit Avenue West S,-0.159207,-0.039491,0.21399652400448002,Summit Avenue,4,#990000
1020,33,44.94168,-93.169559,2025-03-07T00:42:44Z,-0.164309,Summit Avenue West S,-0.09032,0.100261,0.21262036121218494,Summit Avenue,4,#990000
1021,34,44.941679,-93.169628,2025-03-07T00:42:45Z,0.13333,Summit Avenue West S,0.043476,0.003635,0.14028636676812187,Summit Avenue,4,#990000
1022,35,44.941682,-93.169697,2025-03-07T00:42:46Z,0.184912,Summit Avenue West S,0.02442,0.067922,0.19849982928959914,Summit Avenue,4,#990000
1023,36,44.941678,-93.169771,2025-03-07T00:42:47Z,0.232088,Summit Avenue West S,-0.010381,-0.063579,0.2408628118784633,Summit Avenue,4,#990000
1024,37,44.941683,-93.169855,2025-03-07T00:42:48Z,0.069668,Summit Avenue West S,0.008835,0.065552,0.09606639450400956,Summit Avenue,4,#990000
1025,38,44.941682,-93.169896,2025-03-07T00:42:49Z,0.045441,Summit Avenue West S,-0.080416,-0.029719,0.09703008037716963,Summit Avenue,4,#990000
1026,39,44.941686,-93.170014,2025-03-07T00:42:50Z,0.025451,Summit Avenue West S,0.06477,-0.004818,0.06975757611184608,Summit Avenue,4,#990000
1027,40,44.941684,-93.170104,2025-03-07T00:42:51Z,-0.146487,Summit Avenue West S,0.005407,0.042314,0.1525717910165572,Summit Avenue,4,#990000
1028,41,44.94169,-93.170192,2025-03-07T00:42:52Z,-0.315388,Summit Avenue West S,-0.147654,0.071583,0.35552133571559386,Summit Avenue,4,#990000
1029,42,44.941683,-93.170281,2025-03-07T00:42:53Z,-0.422066,Summit Avenue West S,-0.127834,0.013578,0.44120924967185354,Summit Avenue,4,#990000
1030,43,44.941686,-93.170358,2025-03-07T00:42:54Z,-0.396456,Summit Avenue West S,-0.168337,0.131861,0.450446477204562,Summit Avenue,4,#990000
1031,44,44.941676,-93.170414,2025-03-07T00:42:55Z,-0.334396,Summit Avenue West S,-0.092251,0.024193,0.3477301152704494,Summit Avenue,4,#990000
1032,45,44.941686,-93.170421,2025-03-07T00:42:56Z,-0.301995,Summit Avenue West S,-0.147505,0.093799,0.3489368960872438,Summit Avenue,4,#990000
1033,46,44.941685,-93.170545,2025-03-07T00:42:57Z,-0.422518,Summit Avenue West S,0.026144,0.178099,0.45926487222625684,Summit Avenue,4,#990000
1034,47,44.941688,-93.170603,2025-03-07T00:42:58Z,-0.768492,Summit Avenue West S,-0.312658,0.234928,0.862279620663738,Summit Avenue,4,#990000
1035,48,44.941687,-93.17066,2025-03-07T00:42:59Z,-1.183135,Summit Avenue West S,-0.342595,0.252628,1.2573784906041618,Summit Avenue,4,#990000
1036,49,44.941685,-93.170693,2025-03-07T00:43:00Z,-1.107714,Summit Avenue West S,-0.237286,0.287347,1.1687186359432282,Summit Avenue,4,#990000
1037,50,44.941686,-93.1707,2025-03-07T00:43:01Z,-0.534324,Summit Avenue West S,-0.168757,0.10283,0.5696973502878524,Summit Avenue,4,#990000
1038,51,44.941686,-93.1707,2025-03-07T00:43:02Z,0.650713,Summit Avenue West S,0.172662,-0.130469,0.6857563230288146,Summit Avenue,4,#990000
1039,52,44.941693,-93.170724,2025-03-07T00:43:03Z,1.717376,Summit Avenue West S,0.418334,-0.39591,1.8113885251463862,Summit Avenue,4,#990000
1040,53,44.941688,-93.170764,2025-03-07T00:43:04Z,0.974688,Summit Avenue West S,0.235081,-0.20271,1.0229228309139453,Summit Avenue,4,#990000
1041,54,44.941682,-93.170836,2025-03-07T00:43:05Z,1.118981,Summit Avenue West S,0.103256,-0.231425,1.1473176589428056,Summit Avenue,4,#990000
1042,55,44.941682,-93.170901,2025-03-07T00:43:06Z,0.938021,Summit Avenue West S,0.262154,-0.168528,0.9884380622684459,Summit Avenue,4,#990000
1043,56,44.94168,-93.170979,2025-03-07T00:43:07Z,0.489838,Summit Avenue West S,0.13518,-0.151892,0.5303640997541218,Summit Avenue,4,#990000
1044,57,44.94168,-93.171058,2025-03-07T00:43:08Z,0.149351,Summit Avenue West S,-0.111116,0.007675,0.18630993607964122,Summit Avenue,4,#990000
1045,58,44.941678,-93.171134,2025-03-07T00:43:08Z,0.233384,Summit Avenue West S,-0.061315,-0.097764,0.26035633346819126,Summit Avenue,4,#990000
1046,59,44.941681,-93.171214,2025-03-07T00:43:09Z,-0.377923,Summit Avenue West S,-8.93e-4,0.116627,0.3955103646012327,Summit Avenue,4,#990000
1047,60,44.941687,-93.171273,2025-03-07T00:43:10Z,-0.325417,Summit Avenue West S,-0.123142,0.06661,0.35425565366413,Summit Avenue,4,#990000
1048,61,44.941678,-93.171367,2025-03-07T00:43:11Z,-0.042593,Summit Avenue West S,-0.050032,0.107172,0.12571078814882994,Summit Avenue,4,#990000
1049,62,44.941689,-93.171443,2025-03-07T00:43:12Z,0.045812,Summit Avenue West S,-0.035246,0.093438,0.10987119597055453,Summit Avenue,4,#990000
1050,63,44.941686,-93.171521,2025-03-07T00:43:13Z,-0.152076,Summit Avenue West S,-0.031811,0.065276,0.16852301229505717,Summit Avenue,4,#990000
1051,64,44.941687,-93.171602,2025-03-07T00:43:14Z,-0.241479,Summit Avenue West S,-0.062201,0.013498,0.2497263859627172,Summit Avenue,4,#990000
1052,65,44.941682,-93.171676,2025-03-07T00:43:15Z,-0.256453,Summit Avenue West S,-0.155131,0.074169,0.3087633542553261,Summit Avenue,4,#990000
1053,66,44.941685,-93.171746,2025-03-07T00:43:16Z,-0.344784,Summit Avenue West S,-0.025882,0.092318,0.3578665920479306,Summit Avenue,4,#990000
1054,67,44.941685,-93.171813,2025-03-07T00:43:17Z,0.221796,Summit Avenue West S,-0.024598,-0.00105,0.22315830641049417,Summit Avenue,4,#990000
1055,68,44.941691,-93.171887,2025-03-07T00:43:18Z,-0.104294,Summit Avenue West S,-0.015542,0.053532,0.11825593948719869,Summit Avenue,4,#990000
1056,69,44.941688,-93.171962,2025-03-07T00:43:19Z,-0.267796,Summit Avenue West S,-0.145018,-0.058268,0.3100646348166782,Summit Avenue,4,#990000
1057,70,44.941695,-93.172031,2025-03-07T00:43:20Z,0.061026,Summit Avenue West S,-0.140229,-0.219643,0.26764041654055165,Summit Avenue,4,#990000
1058,71,44.941681,-93.172102,2025-03-07T00:43:21Z,0.084079,Summit Avenue West S,0.144982,0.140695,0.21882445382086527,Summit Avenue,4,#990000
1059,72,44.94168,-93.172174,2025-03-07T00:43:22Z,-0.089215,Summit Avenue West S,-0.035855,-0.078372,0.12404461952861963,Summit Avenue,4,#990000
1060,73,44.941695,-93.172247,2025-03-07T00:43:23Z,-0.41142,Summit Avenue West S,-0.132292,0.185807,0.47041665671296123,Summit Avenue,4,#990000
1061,74,44.941695,-93.172313,2025-03-07T00:43:24Z,-0.437619,Summit Avenue West S,-0.17718,0.303551,0.5612898993942435,Summit Avenue,4,#990000
1062,75,44.941695,-93.172372,2025-03-07T00:43:25Z,0.144284,Summit Avenue West S,0.039433,0.014751,0.15030111824600642,Summit Avenue,4,#990000
1063,76,44.94168,-93.172438,2025-03-07T00:43:26Z,0.304625,Summit Avenue West S,0.122615,-0.056138,0.3331400664795515,Summit Avenue,4,#990000
1064,77,44.941681,-93.172506,2025-03-07T00:43:27Z,0.451633,Summit Avenue West S,-3.91e-4,-0.077519,0.4582376184153807,Summit Avenue,4,#990000
1065,78,44.941682,-93.172584,2025-03-07T00:43:28Z,0.372417,Summit Avenue West S,0.090875,0.011106,0.3835049292382042,Summit Avenue,4,#990000
1066,79,44.941688,-93.172661,2025-03-07T00:43:29Z,-0.154841,Summit Avenue West S,-0.04343,0.029088,0.1634258606371709,Summit Avenue,4,#990000
1067,80,44.941689,-93.17274,2025-03-07T00:43:30Z,-0.085041,Summit Avenue West S,-0.211167,-0.019381,0.2284712164168607,Summit Avenue,4,#990000
1068,81,44.941688,-93.172815,2025-03-07T00:43:31Z,-0.174248,Summit Avenue West S,-0.099196,-0.042184,0.20489436736035474,Summit Avenue,4,#990000
1069,82,44.94169,-93.172887,2025-03-07T00:43:32Z,0.235835,Summit Avenue West S,0.118486,0.209329,0.3368615585993748,Summit Avenue,4,#990000
1070,83,44.941694,-93.172969,2025-03-07T00:43:33Z,0.074403,Summit Avenue West S,-0.010699,0.025805,0.0794743545742902,Summit Avenue,4,#990000
1071,84,44.941696,-93.173065,2025-03-07T00:43:34Z,0.128775,Summit Avenue West S,0.013984,0.011737,0.1300627158335547,Summit Avenue,4,#990000
1072,85,44.941698,-93.173134,2025-03-07T00:43:35Z,-0.137592,Summit Avenue West S,-0.045865,-0.090976,0.171206861033663,Summit Avenue,4,#990000
1073,86,44.9417,-93.173216,2025-03-07T00:43:36Z,-0.111779,Summit Avenue West S,-0.072508,-0.090551,0.16109450178699458,Summit Avenue,4,#990000
1074,87,44.941701,-93.173296,2025-03-07T00:43:37Z,-0.075717,Summit Avenue West S,-0.059077,0.077182,0.12320802385396822,Summit Avenue,4,#990000
1075,88,44.9417,-93.173375,2025-03-07T00:43:38Z,0.101468,Summit Avenue West S,-0.012909,-0.127353,0.1633437599481535,Summit Avenue,4,#990000
1076,89,44.941701,-93.173461,2025-03-07T00:43:39Z,0.074157,Summit Avenue West S,-0.147434,-0.052708,0.1732460050592798,Summit Avenue,4,#990000
1077,90,44.94171,-93.173545,2025-03-07T00:43:40Z,-0.434243,Summit Avenue West S,-0.079688,0.103993,0.45357656954697295,Summit Avenue,4,#990000
1078,91,44.941708,-93.173619,2025-03-07T00:43:41Z,-0.450537,Summit Avenue West S,-0.099981,0.189153,0.49875710134192575,Summit Avenue,4,#990000
1079,92,44.941708,-93.173688,2025-03-07T00:43:42Z,-0.418668,Summit Avenue West S,-0.110933,0.192635,0.4740224340028645,Summit Avenue,4,#990000
1080,93,44.94171,-93.173755,2025-03-07T00:43:43Z,-0.434958,Summit Avenue West S,-0.172727,0.301737,0.556837764040838,Summit Avenue,4,#990000
1081,94,44.941709,-93.173815,2025-03-07T00:43:44Z,-0.324054,Summit Avenue West S,0.019249,-0.041434,0.3272587588942426,Summit Avenue,4,#990000
1082,95,44.941717,-93.173871,2025-03-07T00:43:45Z,-0.335107,Summit Avenue West S,-0.171675,-0.067787,0.38257559310938793,Summit Avenue,4,#990000
1083,96,44.941716,-93.173924,2025-03-07T00:43:46Z,-0.217492,Summit Avenue West S,-0.04162,0.057098,0.22868138548644487,Summit Avenue,4,#990000
1084,97,44.941708,-93.173979,2025-03-07T00:43:47Z,-0.257216,Summit Avenue West S,-0.108094,0.05281,0.2839599964642907,Summit Avenue,4,#990000
1085,98,44.941707,-93.174025,2025-03-07T00:43:48Z,-0.390907,Summit Avenue West S,-0.163714,-0.057192,0.42764644428429427,Summit Avenue,4,#990000
1086,99,44.941704,-93.174058,2025-03-07T00:43:49Z,-0.114663,Summit Avenue West S,-0.038733,0.012541,0.1216763146179239,Summit Avenue,4,#990000
1087,100,44.941702,-93.174091,2025-03-07T00:43:50Z,-0.575447,Summit Avenue West S,-0.168865,0.109315,0.6095936410913422,Summit Avenue,4,#990000
1088,101,44.9417,-93.174106,2025-03-07T00:43:51Z,-0.692642,Summit Avenue West S,-0.144907,0.230673,0.7442855713649164,Summit Avenue,4,#990000
1089,1,44.941299,-93.174217,2025-03-07T00:45:17Z,-0.919769,Summit Avenue East S,-0.287136,0.016333,0.9636850433341798,Summit Avenue,4,#DB7460
1090,2,44.941343,-93.174124,2025-03-07T00:45:18Z,-0.469214,Summit Avenue East S,-0.375167,-0.296454,0.6699231521607535,Summit Avenue,4,#DB7460
1091,3,44.941305,-93.17405,2025-03-07T00:45:19Z,-0.269615,Summit Avenue East S,-0.018959,-0.154758,0.3114510081377166,Summit Avenue,4,#DB7460
1092,4,44.941306,-93.173979,2025-03-07T00:45:20Z,0.005297,Summit Avenue East S,-0.057976,-0.150739,0.16159059658903424,Summit Avenue,4,#DB7460
1093,5,44.941304,-93.173902,2025-03-07T00:45:21Z,0.247577,Summit Avenue East S,0.135012,-0.133401,0.3119590323648283,Summit Avenue,4,#DB7460
1094,6,44.941301,-93.173814,2025-03-07T00:45:23Z,0.107869,Summit Avenue East S,-0.028279,-0.108319,0.15546198494487326,Summit Avenue,4,#DB7460
1095,7,44.941301,-93.173729,2025-03-07T00:45:24Z,0.213624,Summit Avenue East S,0.010802,0.106163,0.2387938004827596,Summit Avenue,4,#DB7460
1096,8,44.941302,-93.173643,2025-03-07T00:45:25Z,-0.093156,Summit Avenue East S,0.00623,-0.080461,0.12325106797508896,Summit Avenue,4,#DB7460
1097,9,44.941299,-93.173558,2025-03-07T00:45:26Z,0.180074,Summit Avenue East S,0.054317,0.290047,0.34569385903426175,Summit Avenue,4,#DB7460
1098,10,44.941298,-93.173475,2025-03-07T00:45:27Z,0.06272,Summit Avenue East S,-0.123503,-0.163185,0.21404703603180306,Summit Avenue,4,#DB7460
1099,11,44.941291,-93.173397,2025-03-07T00:45:28Z,0.128202,Summit Avenue East S,-0.067471,0.169257,0.2227914286816259,Summit Avenue,4,#DB7460
1100,12,44.941285,-93.173318,2025-03-07T00:45:29Z,0.008283,Summit Avenue East S,0.050372,0.084316,0.0985653809864295,Summit Avenue,4,#DB7460
1101,13,44.941284,-93.173238,2025-03-07T00:45:30Z,-0.146589,Summit Avenue East S,-0.078938,-0.104833,0.19674730151643757,Summit Avenue,4,#DB7460
1102,14,44.941274,-93.173156,2025-03-07T00:45:31Z,0.198127,Summit Avenue East S,0.016867,-0.135774,0.24077662447588222,Summit Avenue,4,#DB7460
1103,15,44.941272,-93.173076,2025-03-07T00:45:32Z,0.176503,Summit Avenue East S,0.128406,0.114358,0.24641258492414708,Summit Avenue,4,#DB7460
1104,16,44.941268,-93.172995,2025-03-07T00:45:33Z,-0.180705,Summit Avenue East S,-0.283006,-0.005659,0.33582542688426675,Summit Avenue,4,#DB7460
1105,17,44.94126,-93.172912,2025-03-07T00:45:34Z,-0.074537,Summit Avenue East S,-0.030948,-0.073665,0.10927065158586728,Summit Avenue,4,#DB7460
1106,18,44.941265,-93.172837,2025-03-07T00:45:35Z,0.297133,Summit Avenue East S,-0.053319,0.046719,0.3054727490480943,Summit Avenue,4,#DB7460
1107,19,44.941266,-93.172767,2025-03-07T00:45:36Z,0.082919,Summit Avenue East S,0.043417,0.011196,0.09426530043446528,Summit Avenue,4,#DB7460
1108,20,44.941264,-93.172684,2025-03-07T00:45:37Z,0.10905,Summit Avenue East S,0.031443,0.086561,0.14273531963042643,Summit Avenue,4,#DB7460
1109,21,44.941264,-93.172603,2025-03-07T00:45:38Z,0.436194,Summit Avenue East S,0.043259,-0.029118,0.4392999028465634,Summit Avenue,4,#DB7460
1110,22,44.941266,-93.172521,2025-03-07T00:45:39Z,0.539044,Summit Avenue East S,0.128879,0.019113,0.5545660802339067,Summit Avenue,4,#DB7460
1111,23,44.941264,-93.172445,2025-03-07T00:45:40Z,0.52764200000000006,Summit Avenue East S,0.036058,-0.027435,0.529583741020247,Summit Avenue,4,#DB7460
1112,24,44.941279,-93.172349,2025-03-07T00:45:41Z,0.101071,Summit Avenue East S,0.090209,0.055278,0.14631701201842526,Summit Avenue,4,#DB7460
1113,25,44.941263,-93.17223,2025-03-07T00:45:42Z,0.029827,Summit Avenue East S,-0.067285,-0.092231,0.11799779029710683,Summit Avenue,4,#DB7460
1114,26,44.941268,-93.172134,2025-03-07T00:45:43Z,0.069875,Summit Avenue East S,-0.021156,0.036123,0.08145528276299825,Summit Avenue,4,#DB7460
1115,27,44.941266,-93.172032,2025-03-07T00:45:44Z,0.088197,Summit Avenue East S,-0.039062,0.0357,0.10285446345686705,Summit Avenue,4,#DB7460
1116,28,44.941266,-93.171931,2025-03-07T00:45:45Z,0.246064,Summit Avenue East S,0.077326,-0.090101,0.2732123580166168,Summit Avenue,4,#DB7460
1117,29,44.941267,-93.171822,2025-03-07T00:45:46Z,0.289882,Summit Avenue East S,0.042257,-0.008915,0.29308139688148066,Summit Avenue,4,#DB7460
1118,30,44.941277,-93.17171,2025-03-07T00:45:47Z,0.235425,Summit Avenue East S,0.022772,-0.078116,0.2490895502926608,Summit Avenue,4,#DB7460
1119,31,44.94127,-93.171595,2025-03-07T00:45:48Z,0.215987,Summit Avenue East S,0.019158,0.053576,0.22335577205212317,Summit Avenue,4,#DB7460
1120,32,44.941276,-93.171474,2025-03-07T00:45:49Z,-0.384234,Summit Avenue East S,-0.111939,0.075405,0.4072493345629923,Summit Avenue,4,#DB7460
1121,33,44.941275,-93.171347,2025-03-07T00:45:50Z,-0.450435,Summit Avenue East S,-0.082279,0.151664,0.48235204152361577,Summit Avenue,4,#DB7460
1122,34,44.941276,-93.171233,2025-03-07T00:45:51Z,-0.582005,Summit Avenue East S,-0.22371,0.137255,0.6384472720201724,Summit Avenue,4,#DB7460
1123,35,44.941274,-93.171147,2025-03-07T00:45:52Z,-0.811451,Summit Avenue East S,-0.237374,0.169713,0.8623233985263302,Summit Avenue,4,#DB7460
1124,36,44.941269,-93.171045,2025-03-07T00:45:52Z,-0.695949,Summit Avenue East S,-0.135528,0.124281,0.7198323529447673,Summit Avenue,4,#DB7460
1125,37,44.94127,-93.17096,2025-03-07T00:45:53Z,-0.514126,Summit Avenue East S,-0.118952,0.156714,0.5504856037863297,Summit Avenue,4,#DB7460
1126,38,44.941269,-93.170882,2025-03-07T00:45:54Z,-0.507088,Summit Avenue East S,-0.232374,0.217593,0.5987341891599309,Summit Avenue,4,#DB7460
1127,39,44.94127,-93.170806,2025-03-07T00:45:55Z,-1.132792,Summit Avenue East S,-0.223751,0.267883,1.1853453197081432,Summit Avenue,4,#DB7460
1128,40,44.941271,-93.170748,2025-03-07T00:45:56Z,-0.862601,Summit Avenue East S,-0.206558,0.202044,0.9097079039455467,Summit Avenue,4,#DB7460
1129,41,44.941268,-93.17071,2025-03-07T00:45:57Z,-0.878656,Summit Avenue East S,-0.22777,0.266273,0.9459475935616095,Summit Avenue,4,#DB7460
1130,42,44.941269,-93.170683,2025-03-07T00:45:58Z,-0.669536,Summit Avenue East S,-0.239839,0.195095,0.7374708538254241,Summit Avenue,4,#DB7460
1131,43,44.941269,-93.170671,2025-03-07T00:45:59Z,0.015975,Summit Avenue East S,3.2e-5,-0.033916,0.037489954721231664,Summit Avenue,4,#DB7460
1132,44,44.941271,-93.170658,2025-03-07T00:46:00Z,0.764045,Summit Avenue East S,0.169175,-0.153337,0.7974316135061363,Summit Avenue,4,#DB7460
1133,45,44.941271,-93.170635,2025-03-07T00:46:01Z,1.133329,Summit Avenue East S,0.208333,-0.21569,1.172330771254427,Summit Avenue,4,#DB7460
1134,46,44.941272,-93.170604,2025-03-07T00:46:02Z,0.530885,Summit Avenue East S,0.13972,-0.202929,0.5852698016009369,Summit Avenue,4,#DB7460
1135,47,44.941274,-93.170567,2025-03-07T00:46:03Z,0.803041,Summit Avenue East S,0.177071,-0.17294,0.84031971910815,Summit Avenue,4,#DB7460
1136,48,44.941275,-93.170526,2025-03-07T00:46:04Z,0.717848,Summit Avenue East S,0.123067,-0.080056,0.7327074455258388,Summit Avenue,4,#DB7460
1137,49,44.941274,-93.170478,2025-03-07T00:46:05Z,0.840444,Summit Avenue East S,0.219949,-0.241924,0.9018042478903057,Summit Avenue,4,#DB7460
1138,50,44.941274,-93.170422,2025-03-07T00:46:06Z,0.807245,Summit Avenue East S,0.004949,-0.011708,0.8073450686602354,Summit Avenue,4,#DB7460
1139,51,44.941276,-93.170358,2025-03-07T00:46:07Z,0.302018,Summit Avenue East S,0.103906,-0.189468,0.3713616191584693,Summit Avenue,4,#DB7460
1140,52,44.941278,-93.170295,2025-03-07T00:46:08Z,0.149744,Summit Avenue East S,0.027361,0.030398,0.15522863222034777,Summit Avenue,4,#DB7460
1141,53,44.941268,-93.170233,2025-03-07T00:46:09Z,0.183934,Summit Avenue East S,0.007558,0.042144,0.18885167845693085,Summit Avenue,4,#DB7460
1142,54,44.94127,-93.170162,2025-03-07T00:46:10Z,0.080295,Summit Avenue East S,0.027656,0.031529,0.09058818467107066,Summit Avenue,4,#DB7460
1143,55,44.94128,-93.170095,2025-03-07T00:46:11Z,-0.288007,Summit Avenue East S,-0.141843,0.144965,0.3522532042764125,Summit Avenue,4,#DB7460
1144,56,44.941281,-93.170031,2025-03-07T00:46:12Z,-0.261971,Summit Avenue East S,0.005439,0.011686,0.26228791462436846,Summit Avenue,4,#DB7460
1145,57,44.941274,-93.169969,2025-03-07T00:46:13Z,-0.282664,Summit Avenue East S,-0.084552,0.090301,0.30854861561997005,Summit Avenue,4,#DB7460
1146,58,44.941275,-93.169911,2025-03-07T00:46:14Z,-0.522585,Summit Avenue East S,-0.181293,0.066882,0.557167332134611,Summit Avenue,4,#DB7460
1147,59,44.94128,-93.169865,2025-03-07T00:46:15Z,-0.33045,Summit Avenue East S,-0.103444,0.189765,0.39485265462068253,Summit Avenue,4,#DB7460
1148,60,44.941286,-93.169818,2025-03-07T00:46:16Z,-0.336837,Summit Avenue East S,-0.127199,0.192952,0.40849629676901605,Summit Avenue,4,#DB7460
1149,61,44.941283,-93.169778,2025-03-07T00:46:17Z,-0.408811,Summit Avenue East S,-0.120368,0.194433,0.4684219045198463,Summit Avenue,4,#DB7460
1150,62,44.941283,-93.169745,2025-03-07T00:46:18Z,-0.778265,Summit Avenue East S,-0.192215,0.176657,0.8208841039385523,Summit Avenue,4,#DB7460
1151,63,44.941284,-93.169717,2025-03-07T00:46:19Z,-0.804422,Summit Avenue East S,-0.234612,0.126684,0.8474587780441005,Summit Avenue,4,#DB7460
1152,64,44.94128,-93.169713,2025-03-07T00:46:20Z,-0.366821,Summit Avenue East S,-0.088644,0.078864,0.3855320158858406,Summit Avenue,4,#DB7460
1153,65,44.941282,-93.169712,2025-03-07T00:46:21Z,0.502977,Summit Avenue East S,0.106155,-0.086489,0.5212821632043437,Summit Avenue,4,#DB7460
1154,66,44.941282,-93.169705,2025-03-07T00:46:22Z,1.212039,Summit Avenue East S,0.272669,-0.244137,1.2660923330669847,Summit Avenue,4,#DB7460
1155,67,44.941283,-93.169683,2025-03-07T00:46:23Z,1.025755,Summit Avenue East S,0.191971,-0.374782,1.10882267851537,Summit Avenue,4,#DB7460
1156,68,44.941282,-93.169647,2025-03-07T00:46:24Z,0.940552,Summit Avenue East S,0.203956,-0.253138,0.9951456987215491,Summit Avenue,4,#DB7460
1157,69,44.941281,-93.169601,2025-03-07T00:46:25Z,0.131701,Summit Avenue East S,0.08448,-0.162841,0.22583005796837588,Summit Avenue,4,#DB7460
1158,70,44.941283,-93.169555,2025-03-07T00:46:26Z,-0.116693,Summit Avenue East S,-0.236961,0.137744,0.2978945808604111,Summit Avenue,4,#DB7460
1159,71,44.941286,-93.169517,2025-03-07T00:46:27Z,-0.212757,Summit Avenue East S,-0.068045,0.204475,0.3028294713184303,Summit Avenue,4,#DB7460
1160,72,44.941289,-93.169482,2025-03-07T00:46:28Z,-0.221487,Summit Avenue East S,-0.081983,0.037047,0.2390610459004143,Summit Avenue,4,#DB7460
1161,73,44.941291,-93.16945,2025-03-07T00:46:29Z,-0.018637,Summit Avenue East S,-0.054552,-0.036131,0.0680346061501057,Summit Avenue,4,#DB7460
1162,74,44.941291,-93.169418,2025-03-07T00:46:30Z,0.202905,Summit Avenue East S,0.178337,0.152785,0.3103510606055665,Summit Avenue,4,#DB7460
1163,75,44.941294,-93.169384,2025-03-07T00:46:31Z,-0.119888,Summit Avenue East S,-0.052879,-0.027813,0.13395105133592644,Summit Avenue,4,#DB7460
1164,76,44.941297,-93.169353,2025-03-07T00:46:32Z,0.013484,Summit Avenue East S,-0.118096,0.081731,0.14425130790741553,Summit Avenue,4,#DB7460
1165,77,44.941297,-93.16932,2025-03-07T00:46:33Z,0.189424,Summit Avenue East S,0.005481,0.044725,0.19470957542452813,Summit Avenue,4,#DB7460
1166,78,44.941298,-93.169291,2025-03-07T00:46:34Z,-0.07758,Summit Avenue East S,-0.075595,0.014801,0.1093267123167984,Summit Avenue,4,#DB7460
1167,79,44.941294,-93.169268,2025-03-07T00:46:35Z,0.246451,Summit Avenue East S,0.064809,-0.058365,0.261428336465273,Summit Avenue,4,#DB7460
1168,80,44.941281,-93.169222,2025-03-07T00:46:36Z,0.37667,Summit Avenue East S,0.080715,0.034891,0.3867978567753446,Summit Avenue,4,#DB7460
1169,81,44.941281,-93.169183,2025-03-07T00:46:37Z,0.164502,Summit Avenue East S,-0.012778,0.005596,0.16509239989775423,Summit Avenue,4,#DB7460
1170,82,44.941281,-93.169142,2025-03-07T00:46:38Z,-0.338564,Summit Avenue East S,-0.116152,0.067875,0.36431289412399337,Summit Avenue,4,#DB7460
1171,83,44.941281,-93.169101,2025-03-07T00:46:39Z,-0.136087,Summit Avenue East S,-0.038357,0.045289,0.148465566846323,Summit Avenue,4,#DB7460
1172,84,44.941292,-93.169065,2025-03-07T00:46:40Z,0.260113,Summit Avenue East S,0.039893,-0.005482,0.26321146734517475,Summit Avenue,4,#DB7460
1173,85,44.941292,-93.169023,2025-03-07T00:46:41Z,0.168522,Summit Avenue East S,0.039635,-0.062955,0.18421164386107627,Summit Avenue,4,#DB7460
1174,86,44.941292,-93.168978,2025-03-07T00:46:42Z,0.087308,Summit Avenue East S,0.007912,0.008365,0.08806395308524367,Summit Avenue,4,#DB7460
1175,87,44.941293,-93.168937,2025-03-07T00:46:43Z,-0.394164,Summit Avenue East S,-0.102034,0.138515,0.43007278602231974,Summit Avenue,4,#DB7460
1176,88,44.941294,-93.1689,2025-03-07T00:46:44Z,-0.102582,Summit Avenue East S,-0.084049,0.039273,0.1383100489986176,Summit Avenue,4,#DB7460
1177,89,44.941295,-93.168864,2025-03-07T00:46:45Z,0.190998,Summit Avenue East S,0.075189,0.038925,0.20892289809879624,Summit Avenue,4,#DB7460
1178,90,44.941294,-93.168821,2025-03-07T00:46:46Z,0.002814,Summit Avenue East S,-0.033542,0.008131,0.03462798753898355,Summit Avenue,4,#DB7460
1179,91,44.941292,-93.168781,2025-03-07T00:46:47Z,-0.092154,Summit Avenue East S,0.001345,-0.05563,0.10765159376897306,Summit Avenue,4,#DB7460
1180,92,44.941291,-93.168737,2025-03-07T00:46:48Z,-0.450624,Summit Avenue East S,-0.137823,0.046493,0.4735174418688292,Summit Avenue,4,#DB7460
1181,93,44.941293,-93.168705,2025-03-07T00:46:49Z,0.015887,Summit Avenue East S,-0.109603,0.075279,0.13391094883914462,Summit Avenue,4,#DB7460
1182,94,44.941292,-93.168674,2025-03-07T00:46:50Z,0.123338,Summit Avenue East S,-0.003605,-0.057081,0.13595403204760056,Summit Avenue,4,#DB7460
1183,95,44.941292,-93.168638,2025-03-07T00:46:51Z,0.336033,Summit Avenue East S,0.109373,-0.056123,0.35781338899907034,Summit Avenue,4,#DB7460
1184,96,44.941292,-93.168597,2025-03-07T00:46:52Z,-0.220525,Summit Avenue East S,-0.086645,0.122695,0.26681959199991295,Summit Avenue,4,#DB7460
1185,97,44.941293,-93.168561,2025-03-07T00:46:53Z,-0.180168,Summit Avenue East S,-0.109139,-0.021467,0.21173724668560323,Summit Avenue,4,#DB7460
1186,98,44.941284,-93.16853,2025-03-07T00:46:54Z,0.084601,Summit Avenue East S,0.031814,-0.038211,0.09813022122669449,Summit Avenue,4,#DB7460
1187,99,44.941286,-93.168499,2025-03-07T00:46:55Z,0.027932,Summit Avenue East S,0.001825,0.025461,0.03783899800470409,Summit Avenue,4,#DB7460
1188,100,44.941289,-93.168464,2025-03-07T00:46:56Z,-0.354885,Summit Avenue East S,-0.080331,0.036744,0.3657137600938745,Summit Avenue,4,#DB7460
1189,101,44.941289,-93.168427,2025-03-07T00:46:57Z,0.463114,Summit Avenue East S,-0.005807,-0.028413,0.4640211167759502,Summit Avenue,4,#DB7460
1190,102,44.941287,-93.168391,2025-03-07T00:46:58Z,0.325734,Summit Avenue East S,0.160589,0.119231,0.3822401039111412,Summit Avenue,4,#DB7460
1191,103,44.941287,-93.168349,2025-03-07T00:46:59Z,0.630276,Summit Avenue East S,0.100608,-0.063252,0.6413818062152995,Summit Avenue,4,#DB7460
1192,104,44.941287,-93.168298,2025-03-07T00:47:00Z,0.396987,Summit Avenue East S,-0.073793,-0.040458,0.4058089880497966,Summit Avenue,4,#DB7460
1193,105,44.941286,-93.168241,2025-03-07T00:47:01Z,0.267763,Summit Avenue East S,0.321858,-0.05789,0.4226592580708483,Summit Avenue,4,#DB7460
1194,106,44.941288,-93.168185,2025-03-07T00:47:02Z,0.183728,Summit Avenue East S,-0.182273,-0.132128,0.2905808543194131,Summit Avenue,4,#DB7460
1195,107,44.941287,-93.168118,2025-03-07T00:47:03Z,-0.086243,Summit Avenue East S,0.073616,-0.076153,0.13658861560906166,Summit Avenue,4,#DB7460
1196,108,44.941288,-93.168054,2025-03-07T00:47:04Z,0.068609,Summit Avenue East S,-0.168843,-0.145265,0.23306023632314457,Summit Avenue,4,#DB7460
1197,109,44.941287,-93.167987,2025-03-07T00:47:05Z,-0.146057,Summit Avenue East S,-0.014567,0.113289,0.18541640234617865,Summit Avenue,4,#DB7460
1198,110,44.941289,-93.167925,2025-03-07T00:47:06Z,-0.167511,Summit Avenue East S,-0.07204,0.083507,0.20055701376416632,Summit Avenue,4,#DB7460
1199,111,44.941294,-93.167858,2025-03-07T00:47:07Z,-0.10925,Summit Avenue East S,-0.103496,0.058825,0.16157773714531345,Summit Avenue,4,#DB7460
1200,112,44.941295,-93.167792,2025-03-07T00:47:08Z,-0.622682,Summit Avenue East S,-0.030093,0.155879,0.6426015284871333,Summit Avenue,4,#DB7460
1201,113,44.941283,-93.167737,2025-03-07T00:47:09Z,-0.332994,Summit Avenue East S,-0.149025,0.112145,0.38166733641484174,Summit Avenue,4,#DB7460
1202,114,44.941283,-93.167688,2025-03-07T00:47:10Z,-0.14172,Summit Avenue East S,-0.185962,-0.032863,0.2361067568135228,Summit Avenue,4,#DB7460
1203,115,44.941279,-93.167631,2025-03-07T00:47:11Z,-0.179675,Summit Avenue East S,0.061573,0.157166,0.24652685758350956,Summit Avenue,4,#DB7460
1204,116,44.941269,-93.167579,2025-03-07T00:47:12Z,-0.318064,Summit Avenue East S,-0.109701,0.054983,0.34091369550958206,Summit Avenue,4,#DB7460
1205,117,44.94128,-93.167527,2025-03-07T00:47:13Z,0.023172,Summit Avenue East S,-0.06419,0.067282,0.09583405035789733,Summit Avenue,4,#DB7460
1206,118,44.941284,-93.16748,2025-03-07T00:47:14Z,-0.28446,Summit Avenue East S,0.013298,0.076435,0.29485019523310474,Summit Avenue,4,#DB7460
1207,119,44.941285,-93.167434,2025-03-07T00:47:15Z,-0.640478,Summit Avenue East S,-0.145645,0.067792,0.6603183245776237,Summit Avenue,4,#DB7460
1208,120,44.941285,-93.167402,2025-03-07T00:47:16Z,-0.561815,Summit Avenue East S,-0.244292,0.305359,0.6845135457900011,Summit Avenue,4,#DB7460
1209,121,44.941287,-93.167374,2025-03-07T00:47:17Z,-0.369531,Summit Avenue East S,-0.17069,0.19446,0.4511129876882287,Summit Avenue,4,#DB7460
1210,122,44.941286,-93.167347,2025-03-07T00:47:18Z,0.017625,Summit Avenue East S,-0.062127,0.169952,0.18180783002390188,Summit Avenue,4,#DB7460
1211,1,44.934283,-93.170937,2025-03-07T00:20:46Z,-0.662927,Vernon and Cambridge,-0.071625,1.37228,1.5256981177002218,Vernon and Cambridge,1,firebrick
1212,2,44.934442,-93.171088,2025-03-07T00:20:47Z,-0.506564,Vernon and Cambridge,-0.094092,1.337138,1.4329683951867187,Vernon and Cambridge,1,firebrick
1213,3,44.934376,-93.171149,2025-03-07T00:20:48Z,-0.577592,Vernon and Cambridge,-0.14839,0.888238,1.0698592688797905,Vernon and Cambridge,1,firebrick
1214,4,44.934416,-93.171117,2025-03-07T00:20:50Z,-0.140516,Vernon and Cambridge,-0.144988,0.659219,0.689446122884885,Vernon and Cambridge,1,firebrick
1215,5,44.934452,-93.171118,2025-03-07T00:20:51Z,0.227187,Vernon and Cambridge,0.094352,0.108566,0.26889181696176623,Vernon and Cambridge,1,firebrick
1216,6,44.934492,-93.171111,2025-03-07T00:20:52Z,0.435309,Vernon and Cambridge,0.039657,-0.339763,0.5536293880377017,Vernon and Cambridge,1,firebrick
1217,7,44.93454,-93.17112,2025-03-07T00:20:53Z,0.060804,Vernon and Cambridge,0.117262,-0.142105,0.19401374715467973,Vernon and Cambridge,1,firebrick
1218,8,44.934608,-93.171127,2025-03-07T00:20:54Z,-0.011234,Vernon and Cambridge,-0.152373,-0.127368,0.19891289879995214,Vernon and Cambridge,1,firebrick
1219,9,44.934665,-93.171124,2025-03-07T00:20:55Z,-0.631564,Vernon and Cambridge,-0.109627,-0.132028,0.6544635650737175,Vernon and Cambridge,1,firebrick
1220,10,44.934727,-93.171119,2025-03-07T00:20:56Z,-0.558602,Vernon and Cambridge,-0.169694,-0.153824,0.6037334436785824,Vernon and Cambridge,1,firebrick
1221,11,44.934783,-93.171117,2025-03-07T00:20:57Z,-0.446525,Vernon and Cambridge,-0.133637,-0.117231,0.48061058119333994,Vernon and Cambridge,1,firebrick
1222,12,44.93485,-93.171123,2025-03-07T00:20:58Z,-0.365935,Vernon and Cambridge,-0.029721,-0.186086,0.4116063185399369,Vernon and Cambridge,1,firebrick
1223,13,44.934906,-93.171128,2025-03-07T00:20:59Z,-0.158898,Vernon and Cambridge,0.030197,0.057551,0.1716757141065678,Vernon and Cambridge,1,firebrick
1224,14,44.934969,-93.17111,2025-03-07T00:21:00Z,-0.377181,Vernon and Cambridge,-0.218374,0.009757,0.4359448470689842,Vernon and Cambridge,1,firebrick
1225,15,44.935031,-93.171108,2025-03-07T00:21:01Z,-0.155894,Vernon and Cambridge,-0.227947,-0.078333,0.2870519690474183,Vernon and Cambridge,1,firebrick
1226,16,44.935085,-93.171108,2025-03-07T00:21:02Z,-0.120372,Vernon and Cambridge,0.002919,0.019035,0.12190270780421575,Vernon and Cambridge,1,firebrick
1227,17,44.935151,-93.171102,2025-03-07T00:21:03Z,-0.289918,Vernon and Cambridge,-0.125785,-0.24861,0.40209606445350843,Vernon and Cambridge,1,firebrick
1228,18,44.935208,-93.171097,2025-03-07T00:21:04Z,-0.679084,Vernon and Cambridge,-0.135786,0.010651,0.6926083746627671,Vernon and Cambridge,1,firebrick
1229,19,44.935269,-93.1711,2025-03-07T00:21:05Z,-0.694518,Vernon and Cambridge,-0.339893,0.14219,0.786193678347136,Vernon and Cambridge,1,firebrick
1230,20,44.935324,-93.171097,2025-03-07T00:21:06Z,-0.331671,Vernon and Cambridge,-0.181216,-0.305772,0.48614957254018026,Vernon and Cambridge,1,firebrick
1231,21,44.935365,-93.171098,2025-03-07T00:21:07Z,-0.044488,Vernon and Cambridge,-0.066881,-0.230913,0.24448530400414664,Vernon and Cambridge,1,firebrick
1232,22,44.935421,-93.171103,2025-03-07T00:21:08Z,0.095802,Vernon and Cambridge,0.129832,-0.031862,0.16446749974387034,Vernon and Cambridge,1,firebrick
1233,23,44.93547,-93.17111,2025-03-07T00:21:09Z,0.248805,Vernon and Cambridge,-0.141775,-0.159123,0.3276037359051328,Vernon and Cambridge,1,firebrick
1234,24,44.935528,-93.171109,2025-03-07T00:21:10Z,0.017353,Vernon and Cambridge,0.034083,-0.029997,0.048606558271492545,Vernon and Cambridge,1,firebrick
1235,25,44.935589,-93.171118,2025-03-07T00:21:11Z,-0.134569,Vernon and Cambridge,0.068503,0.140849,0.20649435239492628,Vernon and Cambridge,1,firebrick
1236,26,44.93564,-93.17114,2025-03-07T00:21:12Z,-0.372706,Vernon and Cambridge,-0.25943,0.269306,0.5279577719590839,Vernon and Cambridge,1,firebrick
1237,27,44.935702,-93.171132,2025-03-07T00:21:13Z,-1.162754,Vernon and Cambridge,-0.393088,-0.280039,1.2589427635047592,Vernon and Cambridge,1,firebrick
1238,28,44.93577,-93.171116,2025-03-07T00:21:14Z,-0.214087,Vernon and Cambridge,-0.027476,0.289313,0.3609573189644449,Vernon and Cambridge,1,firebrick
1239,29,44.93582,-93.171127,2025-03-07T00:21:15Z,0.356148,Vernon and Cambridge,0.038801,0.042256,0.360738804456909,Vernon and Cambridge,1,firebrick
1240,30,44.935867,-93.171123,2025-03-07T00:21:16Z,0.568625,Vernon and Cambridge,0.169647,0.051304,0.5956060742218804,Vernon and Cambridge,1,firebrick
1241,31,44.93593,-93.171132,2025-03-07T00:21:17Z,0.06926,Vernon and Cambridge,0.029579,-0.164158,0.18060928493574188,Vernon and Cambridge,1,firebrick
1242,32,44.935994,-93.171129,2025-03-07T00:21:18Z,-0.457059,Vernon and Cambridge,-0.333132,0.166294,0.5895197650130146,Vernon and Cambridge,1,firebrick
1243,33,44.936056,-93.171132,2025-03-07T00:21:19Z,-0.807599,Vernon and Cambridge,-0.066341,0.328624,0.8744203831441716,Vernon and Cambridge,1,firebrick
1244,34,44.936117,-93.171105,2025-03-07T00:21:20Z,-0.510062,Vernon and Cambridge,-0.188782,0.159586,0.5668064738197686,Vernon and Cambridge,1,firebrick
1245,35,44.93615,-93.171147,2025-03-07T00:21:21Z,-0.285572,Vernon and Cambridge,-0.308977,-0.118333,0.4370593238932216,Vernon and Cambridge,1,firebrick
1246,36,44.936197,-93.171123,2025-03-07T00:21:22Z,-0.405796,Vernon and Cambridge,0.012979,-0.009597,0.4061169172368962,Vernon and Cambridge,1,firebrick
1247,37,44.936215,-93.171112,2025-03-07T00:21:23Z,-0.366456,Vernon and Cambridge,-0.345309,-0.067017,0.5079562812939712,Vernon and Cambridge,1,firebrick
1248,38,44.936256,-93.171116,2025-03-07T00:21:24Z,-0.220606,Vernon and Cambridge,0.097099,0.28448,0.37285934806170545,Vernon and Cambridge,1,firebrick
1249,39,44.936291,-93.171123,2025-03-07T00:21:25Z,-0.04737,Vernon and Cambridge,-0.053729,0.007011,0.0719713586227188,Vernon and Cambridge,1,firebrick
1250,40,44.936323,-93.171117,2025-03-07T00:21:26Z,-0.115562,Vernon and Cambridge,-0.11461,0.012395,0.1632288699005173,Vernon and Cambridge,1,firebrick
1251,41,44.936352,-93.171118,2025-03-07T00:21:27Z,-0.121667,Vernon and Cambridge,-0.016385,-0.086904,0.15041154320729508,Vernon and Cambridge,1,firebrick
1252,42,44.93638,-93.171112,2025-03-07T00:21:28Z,-0.159725,Vernon and Cambridge,-0.075637,-0.344278,0.38698885342862266,Vernon and Cambridge,1,firebrick
1253,43,44.936408,-93.171121,2025-03-07T00:21:29Z,-0.155776,Vernon and Cambridge,-0.094824,-0.448972,0.48459633710543043,Vernon and Cambridge,1,firebrick
1254,44,44.936436,-93.171133,2025-03-07T00:21:30Z,-0.292418,Vernon and Cambridge,-0.155365,-0.638998,0.7196978629626463,Vernon and Cambridge,1,firebrick
1255,45,44.93646,-93.171155,2025-03-07T00:21:31Z,-0.194835,Vernon and Cambridge,0.034247,-0.549542,0.5840633047863905,Vernon and Cambridge,1,firebrick
1256,46,44.936482,-93.171185,2025-03-07T00:21:32Z,-0.308898,Vernon and Cambridge,-0.073853,-0.465688,0.5636821385825526,Vernon and Cambridge,1,firebrick
1257,47,44.93648,-93.171222,2025-03-07T00:21:33Z,0.189695,Vernon and Cambridge,0.018993,-0.241738,0.3078671592066942,Vernon and Cambridge,1,firebrick
1258,48,44.936481,-93.171253,2025-03-07T00:21:34Z,0.445006,Vernon and Cambridge,0.056103,-0.208195,0.4944927144761589,Vernon and Cambridge,1,firebrick
1259,49,44.936485,-93.171301,2025-03-07T00:21:35Z,0.325267,Vernon and Cambridge,-0.013573,-0.028602,0.3268041034350701,Vernon and Cambridge,1,firebrick
1260,50,44.936493,-93.17136,2025-03-07T00:21:36Z,0.239259,Vernon and Cambridge,0.071858,0.046992,0.25419813002656017,Vernon and Cambridge,1,firebrick
1261,51,44.9365,-93.171422,2025-03-07T00:21:37Z,0.061899,Vernon and Cambridge,0.036602,0.157505,0.17314449927733772,Vernon and Cambridge,1,firebrick
1262,52,44.936503,-93.171484,2025-03-07T00:21:38Z,0.534906,Vernon and Cambridge,0.078014,0.008529,0.5406323675780058,Vernon and Cambridge,1,firebrick
1263,53,44.936502,-93.171543,2025-03-07T00:21:39Z,0.135917,Vernon and Cambridge,0.046409,-0.007215,0.14380292902093475,Vernon and Cambridge,1,firebrick
1264,54,44.936494,-93.171589,2025-03-07T00:21:40Z,-0.421072,Vernon and Cambridge,-0.132728,0.284197,0.5250583643529546,Vernon and Cambridge,1,firebrick
1265,55,44.936493,-93.171615,2025-03-07T00:21:41Z,0.019382,Vernon and Cambridge,-0.136809,0.24313,0.27965078455995795,Vernon and Cambridge,1,firebrick
1266,56,44.93649,-93.171747,2025-03-07T00:21:42Z,-0.495429,Vernon and Cambridge,-0.125921,0.417646,0.6601016388390504,Vernon and Cambridge,1,firebrick
1267,57,44.936493,-93.171831,2025-03-07T00:21:43Z,-0.313642,Vernon and Cambridge,0.100223,0.330582,0.46658376805992724,Vernon and Cambridge,1,firebrick
1268,58,44.936494,-93.171906,2025-03-07T00:21:44Z,-0.779532,Vernon and Cambridge,-0.392343,0.581018,1.048420280706645,Vernon and Cambridge,1,firebrick
1269,59,44.936497,-93.171982,2025-03-07T00:21:45Z,-0.22427,Vernon and Cambridge,-0.032388,0.338405,0.40726399235508165,Vernon and Cambridge,1,firebrick
1270,60,44.936502,-93.172022,2025-03-07T00:21:46Z,0.300991,Vernon and Cambridge,-0.066661,-0.005156,0.3083275131057882,Vernon and Cambridge,1,firebrick
1271,61,44.936504,-93.172086,2025-03-07T00:21:47Z,-0.105597,Vernon and Cambridge,0.06431,0.092792,0.15458608531494675,Vernon and Cambridge,1,firebrick
1272,62,44.93651,-93.172137,2025-03-07T00:21:48Z,-0.396296,Vernon and Cambridge,-0.167012,0.204247,0.4760886102071756,Vernon and Cambridge,1,firebrick
1273,63,44.936508,-93.172254,2025-03-07T00:21:49Z,-0.976151,Vernon and Cambridge,-0.286682,0.413705,1.0982755441827885,Vernon and Cambridge,1,firebrick
1274,64,44.936512,-93.172317,2025-03-07T00:21:50Z,-1.333174,Vernon and Cambridge,-0.397617,0.479449,1.4715038350497087,Vernon and Cambridge,1,firebrick
1275,65,44.936505,-93.172355,2025-03-07T00:21:51Z,-1.428037,Vernon and Cambridge,-0.405534,0.510758,1.5699112182187245,Vernon and Cambridge,1,firebrick
1276,66,44.936506,-93.172367,2025-03-07T00:21:52Z,0.092172,Vernon and Cambridge,0.005426,0.116216,0.1484293694522752,Vernon and Cambridge,1,firebrick
1277,67,44.936505,-93.172388,2025-03-07T00:21:53Z,0.860473,Vernon and Cambridge,0.205189,0.053272,0.8862021301226939,Vernon and Cambridge,1,firebrick
1278,68,44.93651,-93.172417,2025-03-07T00:21:54Z,0.420853,Vernon and Cambridge,0.050506,0.503157,0.6579020218041589,Vernon and Cambridge,1,firebrick
1279,69,44.936516,-93.172453,2025-03-07T00:21:55Z,0.005174,Vernon and Cambridge,0.011601,1.217832,1.2178982443952369,Vernon and Cambridge,1,firebrick
1280,70,44.93653,-93.17249,2025-03-07T00:21:56Z,-0.273845,Vernon and Cambridge,-0.15788,0.984602,1.034097808154045,Vernon and Cambridge,1,firebrick
1281,71,44.936544,-93.172518,2025-03-07T00:21:57Z,0.32735,Vernon and Cambridge,0.042341,1.191005,1.235897929768474,Vernon and Cambridge,1,firebrick
1282,72,44.936571,-93.172526,2025-03-07T00:21:57Z,0.030728,Vernon and Cambridge,0.049569,1.212239,1.2136410873343075,Vernon and Cambridge,1,firebrick
1283,73,44.936595,-93.172518,2025-03-07T00:21:58Z,0.039093,Vernon and Cambridge,-0.028545,1.059178,1.06028350706686,Vernon and Cambridge,1,firebrick
1284,74,44.93663,-93.172491,2025-03-07T00:21:59Z,-0.004541,Vernon and Cambridge,0.06711,0.509886,0.5143035152290911,Vernon and Cambridge,1,firebrick
1285,75,44.936653,-93.172447,2025-03-07T00:22:00Z,0.240214,Vernon and Cambridge,0.024675,-0.182027,0.3023994876814443,Vernon and Cambridge,1,firebrick
1286,76,44.936672,-93.172393,2025-03-07T00:22:01Z,8.53e-4,Vernon and Cambridge,0.001879,-0.287332,0.2873394098866356,Vernon and Cambridge,1,firebrick
1287,77,44.9367,-93.172347,2025-03-07T00:22:02Z,0.053303,Vernon and Cambridge,-0.120999,-0.306978,0.33424161963166704,Vernon and Cambridge,1,firebrick
1288,78,44.936733,-93.172294,2025-03-07T00:22:03Z,-0.196751,Vernon and Cambridge,0.041524,-0.384565,0.43396478866608523,Vernon and Cambridge,1,firebrick
1289,79,44.936768,-93.172236,2025-03-07T00:22:04Z,-0.165179,Vernon and Cambridge,-0.076936,-0.395162,0.4351508432497862,Vernon and Cambridge,1,firebrick
1290,80,44.936803,-93.172183,2025-03-07T00:22:05Z,-0.202184,Vernon and Cambridge,-0.047382,-0.435777,0.4827266488490148,Vernon and Cambridge,1,firebrick
1291,81,44.93685,-93.172123,2025-03-07T00:22:06Z,-0.640798,Vernon and Cambridge,-0.294377,-0.255908,0.750179178194783,Vernon and Cambridge,1,firebrick
1292,82,44.936891,-93.172068,2025-03-07T00:22:07Z,-0.401835,Vernon and Cambridge,-0.01512,-0.280788,0.49045069331075475,Vernon and Cambridge,1,firebrick
1293,83,44.936933,-93.172017,2025-03-07T00:22:08Z,-0.276541,Vernon and Cambridge,-0.173828,-0.595977,0.6796173061319142,Vernon and Cambridge,1,firebrick
1294,84,44.936981,-93.171963,2025-03-07T00:22:09Z,-0.509646,Vernon and Cambridge,-0.160012,-0.589621,0.7956103374774613,Vernon and Cambridge,1,firebrick
1295,85,44.937023,-93.171929,2025-03-07T00:22:10Z,-0.397248,Vernon and Cambridge,-0.299862,-0.322707,0.5931804113395857,Vernon and Cambridge,1,firebrick
1296,86,44.937076,-93.171883,2025-03-07T00:22:11Z,-0.372097,Vernon and Cambridge,0.097583,-0.194808,0.43119459199066956,Vernon and Cambridge,1,firebrick
1297,87,44.937126,-93.171847,2025-03-07T00:22:12Z,-0.431529,Vernon and Cambridge,-0.29831,0.279091,0.594220430666937,Vernon and Cambridge,1,firebrick
1298,88,44.93718,-93.171805,2025-03-07T00:22:13Z,-0.464391,Vernon and Cambridge,-0.017485,-0.084736,0.47238217134223004,Vernon and Cambridge,1,firebrick
1299,89,44.93723,-93.171766,2025-03-07T00:22:14Z,-0.099698,Vernon and Cambridge,-0.049521,-0.073563,0.13342989025701849,Vernon and Cambridge,1,firebrick
1300,90,44.937282,-93.17173,2025-03-07T00:22:15Z,-0.502268,Vernon and Cambridge,-0.190593,0.092296,0.5450847522073976,Vernon and Cambridge,1,firebrick
1301,91,44.93733,-93.171693,2025-03-07T00:22:16Z,-0.673658,Vernon and Cambridge,-0.276456,-0.044349,0.7295271445950452,Vernon and Cambridge,1,firebrick
1302,92,44.93738,-93.17168,2025-03-07T00:22:17Z,0.154978,Vernon and Cambridge,0.11264,-0.187753,0.2682482788257923,Vernon and Cambridge,1,firebrick
1303,93,44.937415,-93.171642,2025-03-07T00:22:18Z,-0.08683,Vernon and Cambridge,-0.127135,-0.326393,0.3608810712326153,Vernon and Cambridge,1,firebrick
1304,94,44.937465,-93.171608,2025-03-07T00:22:19Z,-0.242391,Vernon and Cambridge,0.009313,-0.191435,0.3090104983248951,Vernon and Cambridge,1,firebrick
1305,95,44.93752,-93.171585,2025-03-07T00:22:20Z,0.279776,Vernon and Cambridge,-0.023513,-0.279714,0.3963172884709927,Vernon and Cambridge,1,firebrick
1306,96,44.937572,-93.171559,2025-03-07T00:22:21Z,-0.016981,Vernon and Cambridge,-0.02105,-0.221633,0.22327705558341637,Vernon and Cambridge,1,firebrick
1307,97,44.937629,-93.171533,2025-03-07T00:22:22Z,-0.455922,Vernon and Cambridge,-0.115482,-0.067851,0.47518914193087364,Vernon and Cambridge,1,firebrick
1308,98,44.937685,-93.171513,2025-03-07T00:22:23Z,0.133377,Vernon and Cambridge,-0.01438,-0.083486,0.15800671101253896,Vernon and Cambridge,1,firebrick
1309,99,44.937743,-93.171483,2025-03-07T00:22:24Z,0.387405,Vernon and Cambridge,0.016234,-0.389834,0.5498333605166205,Vernon and Cambridge,1,firebrick
1310,100,44.937804,-93.171477,2025-03-07T00:22:25Z,0.111219,Vernon and Cambridge,0.016005,-0.328694,0.3473695030108429,Vernon and Cambridge,1,firebrick
1311,101,44.937871,-93.171462,2025-03-07T00:22:26Z,-0.257045,Vernon and Cambridge,-0.082111,-0.321591,0.4198036679532469,Vernon and Cambridge,1,firebrick
1312,102,44.93794,-93.171453,2025-03-07T00:22:27Z,-0.078596,Vernon and Cambridge,-0.078904,-0.096673,0.14747488383111207,Vernon and Cambridge,1,firebrick
1313,103,44.938009,-93.171454,2025-03-07T00:22:28Z,-0.248819,Vernon and Cambridge,-0.073686,-0.11192,0.28260680769755003,Vernon and Cambridge,1,firebrick
1314,104,44.938078,-93.171457,2025-03-07T00:22:29Z,-0.254584,Vernon and Cambridge,-0.223878,0.099608,0.3533498628894597,Vernon and Cambridge,1,firebrick
1315,105,44.938144,-93.171456,2025-03-07T00:22:30Z,-0.310226,Vernon and Cambridge,-0.130794,0.011402,0.3368638406181346,Vernon and Cambridge,1,firebrick
1316,106,44.938197,-93.171463,2025-03-07T00:22:31Z,-0.127433,Vernon and Cambridge,-0.249371,-0.021633,0.28087906974176624,Vernon and Cambridge,1,firebrick
1317,107,44.938268,-93.171469,2025-03-07T00:22:32Z,0.380658,Vernon and Cambridge,0.149676,0.004977,0.4090576835471985,Vernon and Cambridge,1,firebrick
1318,108,44.938332,-93.171473,2025-03-07T00:22:33Z,-0.022753,Vernon and Cambridge,-0.044726,0.098883,0.11088715784075269,Vernon and Cambridge,1,firebrick
1319,109,44.938409,-93.171485,2025-03-07T00:22:34Z,-0.122356,Vernon and Cambridge,-0.034339,0.271814,0.30005500871173607,Vernon and Cambridge,1,firebrick
1320,110,44.938481,-93.171491,2025-03-07T00:22:35Z,0.055336,Vernon and Cambridge,-0.09836,0.132493,0.1740435507136073,Vernon and Cambridge,1,firebrick
1321,111,44.938554,-93.171497,2025-03-07T00:22:36Z,-0.112954,Vernon and Cambridge,0.057691,0.131508,0.18270525898561324,Vernon and Cambridge,1,firebrick
1322,112,44.938626,-93.171503,2025-03-07T00:22:37Z,-0.09942,Vernon and Cambridge,-0.076091,0.252609,0.2819317001722225,Vernon and Cambridge,1,firebrick
1323,113,44.938703,-93.17151,2025-03-07T00:22:38Z,-0.291002,Vernon and Cambridge,-0.066804,0.212016,0.36619082822484783,Vernon and Cambridge,1,firebrick
1324,114,44.938775,-93.171518,2025-03-07T00:22:39Z,-0.175168,Vernon and Cambridge,-0.225256,0.413733,0.5025923686736599,Vernon and Cambridge,1,firebrick
1325,115,44.938841,-93.171527,2025-03-07T00:22:40Z,-0.207068,Vernon and Cambridge,-0.013976,0.317176,0.37904234615145577,Vernon and Cambridge,1,firebrick
1326,116,44.938905,-93.171538,2025-03-07T00:22:41Z,-0.09703,Vernon and Cambridge,-0.06105,0.089071,0.14517426232290626,Vernon and Cambridge,1,firebrick
1327,117,44.938975,-93.171523,2025-03-07T00:22:42Z,-0.387665,Vernon and Cambridge,-0.161412,0.176598,0.4555489431147876,Vernon and Cambridge,1,firebrick
1328,118,44.93904,-93.171523,2025-03-07T00:22:43Z,-0.077728,Vernon and Cambridge,-0.079867,0.283718,0.304821723630387,Vernon and Cambridge,1,firebrick
1329,119,44.939107,-93.171525,2025-03-07T00:22:44Z,0.07289,Vernon and Cambridge,0.094981,0.126926,0.17448367240805085,Vernon and Cambridge,1,firebrick
1330,120,44.939172,-93.171527,2025-03-07T00:22:45Z,0.412538,Vernon and Cambridge,-0.050676,0.07303,0.42200597071605517,Vernon and Cambridge,1,firebrick
1331,121,44.939236,-93.171526,2025-03-07T00:22:46Z,0.211829,Vernon and Cambridge,0.071023,-0.089365,0.24062812594333188,Vernon and Cambridge,1,firebrick
1332,122,44.939307,-93.171532,2025-03-07T00:22:47Z,-0.034221,Vernon and Cambridge,0.033422,0.013414,0.04967939533649741,Vernon and Cambridge,1,firebrick
1333,123,44.939376,-93.171534,2025-03-07T00:22:48Z,-0.374239,Vernon and Cambridge,-0.224332,0.027274,0.4371767908077921,Vernon and Cambridge,1,firebrick
1334,124,44.939451,-93.171527,2025-03-07T00:22:49Z,-0.340622,Vernon and Cambridge,-0.098766,0.202179,0.4082332883058411,Vernon and Cambridge,1,firebrick
1335,125,44.939517,-93.171526,2025-03-07T00:22:50Z,-0.356372,Vernon and Cambridge,-0.071384,0.116786,0.38175338588675284,Vernon and Cambridge,1,firebrick
1336,126,44.93958,-93.171527,2025-03-07T00:22:51Z,-0.156073,Vernon and Cambridge,-0.237114,0.368679,0.4653020904380293,Vernon and Cambridge,1,firebrick
1337,127,44.93964,-93.17148,2025-03-07T00:22:52Z,-0.303296,Vernon and Cambridge,-0.00737,0.018796,0.30396721884440103,Vernon and Cambridge,1,firebrick
1338,128,44.939696,-93.17148,2025-03-07T00:22:53Z,-0.238554,Vernon and Cambridge,-0.167858,0.142851,0.3247933608942769,Vernon and Cambridge,1,firebrick
1339,129,44.939753,-93.17148,2025-03-07T00:22:54Z,-0.326622,Vernon and Cambridge,-0.086961,0.191421,0.38844065910509423,Vernon and Cambridge,1,firebrick
1340,130,44.939806,-93.17148,2025-03-07T00:22:55Z,-0.547708,Vernon and Cambridge,-0.160646,0.202531,0.6056484100045174,Vernon and Cambridge,1,firebrick
1341,131,44.93985,-93.17148,2025-03-07T00:22:56Z,-0.788818,Vernon and Cambridge,-0.245156,0.207147,0.8516132814071186,Vernon and Cambridge,1,firebrick
1342,132,44.939887,-93.171479,2025-03-07T00:22:58Z,-0.668574,Vernon and Cambridge,-0.21145,0.206574,0.7310096534601989,Vernon and Cambridge,1,firebrick
1343,133,44.939919,-93.171478,2025-03-07T00:22:59Z,-0.210239,Vernon and Cambridge,-0.126604,0.045049,0.2495163768933815,Vernon and Cambridge,1,firebrick
1344,134,44.93994,-93.171478,2025-03-07T00:23:00Z,-0.444961,Vernon and Cambridge,-0.098834,0.156934,0.48206506970843677,Vernon and Cambridge,1,firebrick
1345,135,44.939966,-93.171477,2025-03-07T00:23:01Z,-0.26359900000000003,Vernon and Cambridge,-0.092591,0.096258,0.2955048707652719,Vernon and Cambridge,1,firebrick
1346,136,44.939983,-93.171477,2025-03-07T00:23:02Z,-0.254243,Vernon and Cambridge,-0.124107,0.103875,0.30138358635300627,Vernon and Cambridge,1,firebrick
1347,137,44.939993,-93.171477,2025-03-07T00:23:03Z,-0.149328,Vernon and Cambridge,-0.011501,0.082659,0.17106617101577973,Vernon and Cambridge,1,firebrick
1348,138,44.940005,-93.171477,2025-03-07T00:23:04Z,-0.043203,Vernon and Cambridge,-0.02578,0.037815,0.06293712603861094,Vernon and Cambridge,1,firebrick
1349,139,44.940009,-93.171477,2025-03-07T00:23:05Z,1.8e-4,Vernon and Cambridge,-0.019738,0.022262,0.02975260808735933,Vernon and Cambridge,1,firebrick
1350,140,44.940009,-93.171477,2025-03-07T00:23:06Z,0.332964,Vernon and Cambridge,0.077137,-0.055812,0.3463092857677946,Vernon and Cambridge,1,firebrick
1351,141,44.940009,-93.171477,2025-03-07T00:23:07Z,0.329312,Vernon and Cambridge,0.077521,-0.050465,0.3420564500342012,Vernon and Cambridge,1,firebrick
1352,142,44.94001,-93.171477,2025-03-07T00:23:08Z,0.318441,Vernon and Cambridge,0.073719,-0.052,0.33097305244082936,Vernon and Cambridge,1,firebrick
1353,143,44.940011,-93.171477,2025-03-07T00:23:09Z,0.307261,Vernon and Cambridge,0.069073,-0.052093,0.3192085244773391,Vernon and Cambridge,1,firebrick
1354,144,44.940012,-93.171477,2025-03-07T00:23:10Z,0.297297,Vernon and Cambridge,0.067933,-0.042172,0.3078617811323776,Vernon and Cambridge,1,firebrick
1355,145,44.940013,-93.171477,2025-03-07T00:23:11Z,0.278507,Vernon and Cambridge,0.06182,-0.041976,0.2883571501194309,Vernon and Cambridge,1,firebrick
1356,146,44.940012,-93.171477,2025-03-07T00:23:12Z,0.261913,Vernon and Cambridge,0.05703,-0.031043,0.26984163562726937,Vernon and Cambridge,1,firebrick
1357,147,44.940012,-93.171477,2025-03-07T00:23:13Z,0.248448,Vernon and Cambridge,0.050935,-0.03847,0.2565165176533472,Vernon and Cambridge,1,firebrick
1358,148,44.940012,-93.171477,2025-03-07T00:23:14Z,0.230706,Vernon and Cambridge,0.048176,-0.02127,0.23664022969900955,Vernon and Cambridge,1,firebrick
1359,149,44.940012,-93.171477,2025-03-07T00:23:15Z,0.31136200000000003,Vernon and Cambridge,0.068866,-0.047792,0.3224482846349163,Vernon and Cambridge,1,firebrick
1360,150,44.940018,-93.171476,2025-03-07T00:23:16Z,0.213996,Vernon and Cambridge,0.042238,-0.022713,0.21930393755926955,Vernon and Cambridge,1,firebrick
1361,151,44.940022,-93.171476,2025-03-07T00:23:17Z,0.316589,Vernon and Cambridge,0.070573,-0.058541,0.3296000484390134,Vernon and Cambridge,1,firebrick
1362,152,44.940023,-93.171476,2025-03-07T00:23:18Z,0.407712,Vernon and Cambridge,0.092474,-0.05953,0.4222846628993291,Vernon and Cambridge,1,firebrick
1363,153,44.940028,-93.171476,2025-03-07T00:23:19Z,0.163235,Vernon and Cambridge,0.020391,-0.015383,0.1652213509053839,Vernon and Cambridge,1,firebrick
1364,154,44.940033,-93.171476,2025-03-07T00:23:20Z,1.09198,Vernon and Cambridge,0.313939,-0.302334,1.1757482144051932,Vernon and Cambridge,1,firebrick
1365,155,44.94004,-93.171476,2025-03-07T00:23:21Z,2.106773,Vernon and Cambridge,0.551539,-0.997801,2.395473768934029,Vernon and Cambridge,1,firebrick
1366,156,44.940084,-93.171475,2025-03-07T00:23:22Z,0.950823,Vernon and Cambridge,0.141596,-0.384241,1.035255983139436,Vernon and Cambridge,1,firebrick
1367,157,44.940131,-93.171474,2025-03-07T00:23:23Z,0.898004,Vernon and Cambridge,-0.004141,0.167043,0.913417591108251,Vernon and Cambridge,1,firebrick
1368,158,44.940185,-93.171473,2025-03-07T00:23:24Z,0.086196,Vernon and Cambridge,0.216853,0.724981,0.7616117281042881,Vernon and Cambridge,1,firebrick
1369,159,44.940242,-93.171472,2025-03-07T00:23:25Z,-0.357146,Vernon and Cambridge,-0.17036,0.483603,0.6248581091135811,Vernon and Cambridge,1,firebrick
1370,160,44.940296,-93.171468,2025-03-07T00:23:26Z,0.247073,Vernon and Cambridge,-0.0686,0.430637,0.5011978183292501,Vernon and Cambridge,1,firebrick
1371,161,44.940344,-93.171456,2025-03-07T00:23:27Z,0.090285,Vernon and Cambridge,-0.009542,0.5301,0.5378182229982543,Vernon and Cambridge,1,firebrick
1372,162,44.940399,-93.171437,2025-03-07T00:23:28Z,-0.092433,Vernon and Cambridge,-0.117888,0.928425,0.940433102702154,Vernon and Cambridge,1,firebrick
1373,163,44.940449,-93.171413,2025-03-07T00:23:29Z,-0.143655,Vernon and Cambridge,-0.186242,0.731384,0.7682742980505075,Vernon and Cambridge,1,firebrick
1374,164,44.940489,-93.171388,2025-03-07T00:23:30Z,-0.174069,Vernon and Cambridge,0.032415,0.934572,0.9511969155595491,Vernon and Cambridge,1,firebrick
1375,165,44.940542,-93.17135,2025-03-07T00:23:31Z,-0.303625,Vernon and Cambridge,-0.119418,0.679851,0.7540863223464539,Vernon and Cambridge,1,firebrick
1376,166,44.94059,-93.171308,2025-03-07T00:23:32Z,-0.133598,Vernon and Cambridge,-0.1656,0.53141,0.572423246998233,Vernon and Cambridge,1,firebrick
1377,167,44.94063,-93.171269,2025-03-07T00:23:33Z,-0.356211,Vernon and Cambridge,3.98e-4,0.534432,0.6422647410133924,Vernon and Cambridge,1,firebrick
1378,168,44.940667,-93.171223,2025-03-07T00:23:34Z,-0.177308,Vernon and Cambridge,-0.072459,0.550053,0.5824489130850877,Vernon and Cambridge,1,firebrick
1379,169,44.940698,-93.171172,2025-03-07T00:23:35Z,-0.12684,Vernon and Cambridge,-0.060367,0.373476,0.39901990284320404,Vernon and Cambridge,1,firebrick
1380,170,44.940729,-93.17111,2025-03-07T00:23:36Z,-0.407925,Vernon and Cambridge,-0.16991,0.105713,0.4543648887117049,Vernon and Cambridge,1,firebrick
1381,171,44.940759,-93.171046,2025-03-07T00:23:37Z,-0.208367,Vernon and Cambridge,-0.081513,-0.054783,0.23035267080500715,Vernon and Cambridge,1,firebrick
1382,172,44.94079,-93.170985,2025-03-07T00:23:38Z,0.202122,Vernon and Cambridge,-0.030454,-0.193197,0.2812575862247986,Vernon and Cambridge,1,firebrick
1383,173,44.940824,-93.17092,2025-03-07T00:23:39Z,-0.146447,Vernon and Cambridge,-0.058472,-0.344576,0.3789436875961915,Vernon and Cambridge,1,firebrick
1384,174,44.940866,-93.170852,2025-03-07T00:23:40Z,-0.186108,Vernon and Cambridge,-0.066054,-0.174354,0.26343620839968074,Vernon and Cambridge,1,firebrick
1385,175,44.940907,-93.170793,2025-03-07T00:23:41Z,-0.418357,Vernon and Cambridge,-0.183081,-0.419053,0.6197956508551831,Vernon and Cambridge,1,firebrick
1386,176,44.940949,-93.170734,2025-03-07T00:23:42Z,-0.419452,Vernon and Cambridge,-0.08144,-0.262803,0.5016351968442805,Vernon and Cambridge,1,firebrick
1387,177,44.940995,-93.170683,2025-03-07T00:23:43Z,-0.415529,Vernon and Cambridge,-0.07196,-0.079319,0.42910848884868263,Vernon and Cambridge,1,firebrick
1388,178,44.941042,-93.170637,2025-03-07T00:23:43Z,-0.539708,Vernon and Cambridge,-0.185027,-0.232687,0.6161679608369782,Vernon and Cambridge,1,firebrick
1389,179,44.94108,-93.170599,2025-03-07T00:23:44Z,-0.442844,Vernon and Cambridge,-0.131435,-0.395373,0.6080343548599865,Vernon and Cambridge,1,firebrick
1390,180,44.941118,-93.170561,2025-03-07T00:23:45Z,-0.429332,Vernon and Cambridge,-0.078748,-0.2673,0.5118364032852685,Vernon and Cambridge,1,firebrick
1391,181,44.941165,-93.170531,2025-03-07T00:23:46Z,-0.390224,Vernon and Cambridge,-0.195451,-0.318678,0.5403994182648608,Vernon and Cambridge,1,firebrick
1392,182,44.941201,-93.170508,2025-03-07T00:23:47Z,-0.291341,Vernon and Cambridge,-0.121333,-0.338349,0.46268922720439476,Vernon and Cambridge,1,firebrick
1393,183,44.941243,-93.170489,2025-03-07T00:23:48Z,-0.212264,Vernon and Cambridge,-0.139657,-0.263111,0.36576971124739127,Vernon and Cambridge,1,firebrick
1394,184,44.94128,-93.170471,2025-03-07T00:23:49Z,-0.058157,Vernon and Cambridge,0.014348,0.099916,0.11649596048361506,Vernon and Cambridge,1,firebrick
1395,185,44.941314,-93.170454,2025-03-07T00:23:50Z,-0.443346,Vernon and Cambridge,-0.107635,0.089747,0.4649682709067362,Vernon and Cambridge,1,firebrick
1396,186,44.941344,-93.170439,2025-03-07T00:23:51Z,-0.778781,Vernon and Cambridge,-0.233568,0.179021,0.8325277022574084,Vernon and Cambridge,1,firebrick
1397,1,44.938965,-93.177193,2025-03-07T01:08:13Z,0.002622,Lincoln Avenue,-0.113987,0.979134,0.9857501209784354,Lincoln Avenue,1,firebrick
1398,2,44.938997,-93.177124,2025-03-07T01:08:14Z,-0.378079,Lincoln Avenue,0.019957,0.564501,0.6797083132425261,Lincoln Avenue,1,firebrick
1399,3,44.939016,-93.177073,2025-03-07T01:08:15Z,0.74829,Lincoln Avenue,0.139815,-0.024951,0.761648679330569,Lincoln Avenue,1,firebrick
1400,4,44.939022,-93.177021,2025-03-07T01:08:16Z,0.659313,Lincoln Avenue,0.13246,-0.471054,0.821054903453478,Lincoln Avenue,1,firebrick
1401,5,44.939006,-93.176956,2025-03-07T01:08:17Z,0.331234,Lincoln Avenue,0.070163,-0.562279,0.6563508841816242,Lincoln Avenue,1,firebrick
1402,6,44.939006,-93.17689,2025-03-07T01:08:19Z,0.176451,Lincoln Avenue,0.004193,-0.780965,0.8006615189173263,Lincoln Avenue,1,firebrick
1403,7,44.939005,-93.176811,2025-03-07T01:08:20Z,0.069674,Lincoln Avenue,-0.009874,-0.724388,0.7277980054218341,Lincoln Avenue,1,firebrick
1404,8,44.939005,-93.176728,2025-03-07T01:08:21Z,0.007006,Lincoln Avenue,-0.051704,-0.624413,0.6265891654194158,Lincoln Avenue,1,firebrick
1405,9,44.939005,-93.176632,2025-03-07T01:08:22Z,-0.216774,Lincoln Avenue,-0.072791,-0.591566,0.6342238004939581,Lincoln Avenue,1,firebrick
1406,10,44.939005,-93.176546,2025-03-07T01:08:23Z,-0.354934,Lincoln Avenue,-0.066945,-0.379057,0.5235876112266218,Lincoln Avenue,1,firebrick
1407,11,44.939006,-93.176411,2025-03-07T01:08:24Z,-0.368289,Lincoln Avenue,-0.135437,-0.325858,0.5100621576376745,Lincoln Avenue,1,firebrick
1408,12,44.939015,-93.176316,2025-03-07T01:08:25Z,-0.353052,Lincoln Avenue,-0.094004,-0.306491,0.4768848915629431,Lincoln Avenue,1,firebrick
1409,13,44.939016,-93.176222,2025-03-07T01:08:26Z,-0.299674,Lincoln Avenue,-0.01268,-0.320344,0.43884572119595744,Lincoln Avenue,1,firebrick
1410,14,44.939018,-93.176115,2025-03-07T01:08:27Z,-0.195282,Lincoln Avenue,-0.150061,-0.251336,0.3518851348678998,Lincoln Avenue,1,firebrick
1411,15,44.939017,-93.176014,2025-03-07T01:08:28Z,-0.242915,Lincoln Avenue,7.6e-4,-0.134483,0.2776579768600211,Lincoln Avenue,1,firebrick
1412,16,44.939021,-93.175911,2025-03-07T01:08:29Z,-0.091124,Lincoln Avenue,-0.146457,-0.2076,0.26990923701311154,Lincoln Avenue,1,firebrick
1413,17,44.939004,-93.1758,2025-03-07T01:08:30Z,-0.22361,Lincoln Avenue,-0.05913,-0.057768,0.23840077773363072,Lincoln Avenue,1,firebrick
1414,18,44.939004,-93.175688,2025-03-07T01:08:31Z,-0.428089,Lincoln Avenue,-0.039263,0.07017,0.4355750268208681,Lincoln Avenue,1,firebrick
1415,19,44.939004,-93.175576,2025-03-07T01:08:32Z,-0.363144,Lincoln Avenue,-0.23677,-0.034687,0.4348985923235439,Lincoln Avenue,1,firebrick
1416,20,44.939004,-93.175463,2025-03-07T01:08:33Z,-0.406434,Lincoln Avenue,-0.07601,-0.252766,0.48462022988315295,Lincoln Avenue,1,firebrick
1417,21,44.939004,-93.175357,2025-03-07T01:08:34Z,-0.316141,Lincoln Avenue,0.003891,-0.270445,0.4160538063604274,Lincoln Avenue,1,firebrick
1418,22,44.939003,-93.175249,2025-03-07T01:08:35Z,-0.138444,Lincoln Avenue,-0.231895,-0.067583,0.27840526943648175,Lincoln Avenue,1,firebrick
1419,23,44.939003,-93.175148,2025-03-07T01:08:35Z,-0.260694,Lincoln Avenue,-0.062377,0.078328,0.2792624703553988,Lincoln Avenue,1,firebrick
1420,24,44.939003,-93.17504,2025-03-07T01:08:36Z,-0.539443,Lincoln Avenue,-0.14733,0.113619,0.5706261090328762,Lincoln Avenue,1,firebrick
1421,25,44.939019,-93.174932,2025-03-07T01:08:37Z,-0.724943,Lincoln Avenue,-0.339316,-0.131845,0.8112094705623203,Lincoln Avenue,1,firebrick
1422,26,44.939019,-93.174837,2025-03-07T01:08:38Z,-0.589227,Lincoln Avenue,-0.139336,-0.031663,0.6063048111255592,Lincoln Avenue,1,firebrick
1423,27,44.93902,-93.174752,2025-03-07T01:08:39Z,-0.520912,Lincoln Avenue,-0.160532,0.15781800000000001,0.567473660967626,Lincoln Avenue,1,firebrick
1424,28,44.93902,-93.174676,2025-03-07T01:08:40Z,-0.814667,Lincoln Avenue,-0.185386,0.127178,0.8451180589533039,Lincoln Avenue,1,firebrick
1425,29,44.939003,-93.174611,2025-03-07T01:08:41Z,-0.719433,Lincoln Avenue,-0.263489,0.091284,0.7715847738686916,Lincoln Avenue,1,firebrick
1426,30,44.939012,-93.174549,2025-03-07T01:08:42Z,-1.25243,Lincoln Avenue,-0.325874,0.182689,1.306962141569908,Lincoln Avenue,1,firebrick
1427,31,44.939014,-93.174499,2025-03-07T01:08:43Z,-1.25978,Lincoln Avenue,-0.333556,0.166388,1.3137694699147182,Lincoln Avenue,1,firebrick
1428,32,44.939012,-93.174459,2025-03-07T01:08:44Z,-0.215308,Lincoln Avenue,-0.09847,-0.002777,0.2367732828952625,Lincoln Avenue,1,firebrick
1429,33,44.939016,-93.174423,2025-03-07T01:08:45Z,0.664509,Lincoln Avenue,0.13211,-0.190919,0.7039000836354546,Lincoln Avenue,1,firebrick
1430,34,44.939008,-93.174419,2025-03-07T01:08:46Z,1.224538,Lincoln Avenue,0.251746,-0.376441,1.3055945727679017,Lincoln Avenue,1,firebrick
1431,35,44.939008,-93.17439,2025-03-07T01:08:47Z,1.303014,Lincoln Avenue,0.290007,-0.390896,1.3909526329321928,Lincoln Avenue,1,firebrick
1432,36,44.939011,-93.174349,2025-03-07T01:08:48Z,1.135347,Lincoln Avenue,0.234355,-0.293175,1.1957786823066383,Lincoln Avenue,1,firebrick
1433,37,44.939012,-93.174296,2025-03-07T01:08:49Z,0.922775,Lincoln Avenue,0.275525,-0.038173,0.963786752440082,Lincoln Avenue,1,firebrick
1434,38,44.939016,-93.174226,2025-03-07T01:08:50Z,0.603595,Lincoln Avenue,-0.043676,0.066656000000000007,0.6088329322047223,Lincoln Avenue,1,firebrick
1435,39,44.93902,-93.174149,2025-03-07T01:08:51Z,0.47939,Lincoln Avenue,0.092976,-0.01552,0.48856952327790565,Lincoln Avenue,1,firebrick
1436,40,44.939016,-93.174069,2025-03-07T01:08:52Z,0.76064,Lincoln Avenue,0.226051,-0.051185,0.7951680127029759,Lincoln Avenue,1,firebrick
1437,41,44.939021,-93.173976,2025-03-07T01:08:53Z,0.612579,Lincoln Avenue,0.095643,-0.119654,0.6314409666833471,Lincoln Avenue,1,firebrick
1438,42,44.939009,-93.173883,2025-03-07T01:08:54Z,0.135528,Lincoln Avenue,0.003138,-0.076438999999999993,0.15562970972471804,Lincoln Avenue,1,firebrick
1439,43,44.939001,-93.173787,2025-03-07T01:08:55Z,0.087274,Lincoln Avenue,-0.064863,0.047649,0.11871978371779492,Lincoln Avenue,1,firebrick
1440,44,44.939015,-93.173671,2025-03-07T01:08:56Z,0.11642,Lincoln Avenue,0.019508,-0.121255,0.16922456526462107,Lincoln Avenue,1,firebrick
1441,45,44.939012,-93.173559,2025-03-07T01:08:57Z,-0.006129,Lincoln Avenue,-0.036798,-0.139257,0.1441671581671776,Lincoln Avenue,1,firebrick
1442,46,44.939019,-93.173448,2025-03-07T01:08:58Z,-0.251714,Lincoln Avenue,-0.132155,0.094823,0.2996936488316027,Lincoln Avenue,1,firebrick
1443,47,44.939015,-93.173336,2025-03-07T01:08:59Z,-0.199179,Lincoln Avenue,-0.074828,0.179604,0.278440479171043,Lincoln Avenue,1,firebrick
1444,48,44.939017,-93.173225,2025-03-07T01:09:00Z,-0.513157,Lincoln Avenue,7.98e-4,0.119772,0.5269497845497234,Lincoln Avenue,1,firebrick
1445,49,44.939011,-93.173122,2025-03-07T01:09:01Z,-0.184629,Lincoln Avenue,-0.29724,-0.039835,0.3521736964425367,Lincoln Avenue,1,firebrick
1446,50,44.939016,-93.173014,2025-03-07T01:09:02Z,-0.200241,Lincoln Avenue,0.129159,-0.021137,0.23921805561244744,Lincoln Avenue,1,firebrick
1447,51,44.939017,-93.172908,2025-03-07T01:09:03Z,-0.206885,Lincoln Avenue,-0.071399,0.27179,0.34895418685838975,Lincoln Avenue,1,firebrick
1448,52,44.93901,-93.172804,2025-03-07T01:09:04Z,-0.141898,Lincoln Avenue,-0.158814,0.008776,0.21315240363645915,Lincoln Avenue,1,firebrick
1449,53,44.939016,-93.172699,2025-03-07T01:09:05Z,-0.180373,Lincoln Avenue,0.018156,0.072866,0.1953804325437939,Lincoln Avenue,1,firebrick
1450,54,44.939017,-93.172595,2025-03-07T01:09:06Z,-0.115289,Lincoln Avenue,-0.092487,-0.106749,0.18232045329858085,Lincoln Avenue,1,firebrick
1451,55,44.939017,-93.172495,2025-03-07T01:09:07Z,0.008914,Lincoln Avenue,-0.027004,0.024105,0.03727903481851428,Lincoln Avenue,1,firebrick
1452,56,44.939019,-93.172395,2025-03-07T01:09:08Z,-0.065462,Lincoln Avenue,-0.035621,0.072115,0.1037048808398139,Lincoln Avenue,1,firebrick
1453,57,44.939019,-93.172286,2025-03-07T01:09:09Z,-0.110745,Lincoln Avenue,-0.13034,0.045722,0.17704087637887472,Lincoln Avenue,1,firebrick
1454,58,44.939021,-93.172191,2025-03-07T01:09:10Z,-0.124751,Lincoln Avenue,6.83e-4,0.144709,0.19106012972621997,Lincoln Avenue,1,firebrick
1455,59,44.939016,-93.172085,2025-03-07T01:09:11Z,-0.10574,Lincoln Avenue,-0.075586,0.061985,0.14400115006832412,Lincoln Avenue,1,firebrick
1456,60,44.93902,-93.171986,2025-03-07T01:09:12Z,-0.075321,Lincoln Avenue,-0.274933,-0.099736,0.3020077436523772,Lincoln Avenue,1,firebrick
1457,61,44.939022,-93.171885,2025-03-07T01:09:13Z,-0.144183,Lincoln Avenue,0.145887,0.074691,0.2182899442003685,Lincoln Avenue,1,firebrick
1458,62,44.939019,-93.17178,2025-03-07T01:09:14Z,-0.412486,Lincoln Avenue,-0.120787,0.051029,0.43282578297277996,Lincoln Avenue,1,firebrick
1459,63,44.939026,-93.171682,2025-03-07T01:09:15Z,-0.439332,Lincoln Avenue,-0.178151,0.171973,0.5043065513693035,Lincoln Avenue,1,firebrick
1460,64,44.939025,-93.171597,2025-03-07T01:09:16Z,-0.314406,Lincoln Avenue,-0.149303,0.009988,0.34819861974022814,Lincoln Avenue,1,firebrick
1461,65,44.939027,-93.171513,2025-03-07T01:09:17Z,0.120405,Lincoln Avenue,-0.093721,-0.158028,0.2196675639460683,Lincoln Avenue,1,firebrick
1462,66,44.939028,-93.171429,2025-03-07T01:09:18Z,0.172889,Lincoln Avenue,0.021973,0.077881,0.1908896781153973,Lincoln Avenue,1,firebrick
1463,67,44.93903,-93.171347,2025-03-07T01:09:19Z,-0.058314,Lincoln Avenue,-0.002375,0.152256,0.16305843356600724,Lincoln Avenue,1,firebrick
1464,68,44.939038,-93.171257,2025-03-07T01:09:20Z,0.112314,Lincoln Avenue,0.012181,-0.058061,0.12701925475297043,Lincoln Avenue,1,firebrick
1465,69,44.939023,-93.17117,2025-03-07T01:09:21Z,0.304007,Lincoln Avenue,0.122569,0.036968,0.32986368219917755,Lincoln Avenue,1,firebrick
1466,70,44.939022,-93.171083,2025-03-07T01:09:22Z,0.214385,Lincoln Avenue,-0.03797,0.215065,0.30603202994131185,Lincoln Avenue,1,firebrick
1467,71,44.939022,-93.170985,2025-03-07T01:09:23Z,0.255949,Lincoln Avenue,0.020041,-0.049786,0.2615151584096035,Lincoln Avenue,1,firebrick
1468,72,44.939034,-93.170893,2025-03-07T01:09:24Z,0.217896,Lincoln Avenue,-0.130527,-0.131347,0.2859510429321775,Lincoln Avenue,1,firebrick
1469,73,44.939037,-93.170796,2025-03-07T01:09:25Z,-0.156825,Lincoln Avenue,-8.53e-4,-0.194416,0.24978468585964192,Lincoln Avenue,1,firebrick
1470,74,44.939027,-93.170719,2025-03-07T01:09:26Z,-0.002237,Lincoln Avenue,-0.060966,0.00838,0.061579880845938635,Lincoln Avenue,1,firebrick
1471,75,44.939021,-93.170611,2025-03-07T01:09:27Z,-0.159535,Lincoln Avenue,0.088571,0.158388,0.24162573706043816,Lincoln Avenue,1,firebrick
1472,76,44.939029,-93.170525,2025-03-07T01:09:28Z,-0.084483,Lincoln Avenue,-0.077464,0.287713,0.3097044057710513,Lincoln Avenue,1,firebrick
1473,77,44.939033,-93.170433,2025-03-07T01:09:29Z,-0.264794,Lincoln Avenue,-0.278614,0.110511,0.3999428766123982,Lincoln Avenue,1,firebrick
1474,78,44.939028,-93.170346,2025-03-07T01:09:30Z,-0.436415,Lincoln Avenue,-0.108744,-0.246307,0.5127869421211894,Lincoln Avenue,1,firebrick
1475,79,44.939032,-93.170261,2025-03-07T01:09:31Z,-0.307616,Lincoln Avenue,-0.126603,0.267918,0.42712524836281923,Lincoln Avenue,1,firebrick
1476,80,44.939021,-93.170189,2025-03-07T01:09:32Z,-0.320068,Lincoln Avenue,-0.119382,0.129108,0.3651909941551133,Lincoln Avenue,1,firebrick
1477,81,44.939021,-93.17012,2025-03-07T01:09:33Z,-0.19723,Lincoln Avenue,-0.031194,0.262292,0.32965107583625447,Lincoln Avenue,1,firebrick
1478,82,44.93903,-93.170057,2025-03-07T01:09:34Z,0.123746,Lincoln Avenue,-0.020527,0.013075,0.12611655668467958,Lincoln Avenue,1,firebrick
1479,83,44.93903,-93.169993,2025-03-07T01:09:35Z,-0.083851,Lincoln Avenue,-0.062845,0.089853,0.1380363931541244,Lincoln Avenue,1,firebrick
1480,84,44.939029,-93.169931,2025-03-07T01:09:36Z,-0.353261,Lincoln Avenue,-0.110536,0.151122,0.3998117060579892,Lincoln Avenue,1,firebrick
1481,85,44.939029,-93.169873,2025-03-07T01:09:37Z,-0.365783,Lincoln Avenue,-0.084238,0.226944,0.4386306223566704,Lincoln Avenue,1,firebrick
1482,86,44.939023,-93.169828,2025-03-07T01:09:38Z,-0.339866,Lincoln Avenue,-0.277574,0.036353,0.440315527821811,Lincoln Avenue,1,firebrick
1483,1,44.939923,-93.169624,2025-03-07T01:04:01Z,0.543476,Macalester Street,0.091276,-0.650941,0.8528901782955411,Macalester Street,1,firebrick
1484,2,44.939906,-93.169631,2025-03-07T01:04:02Z,0.751075,Macalester Street,0.14045,-0.566233,0.9510308451433108,Macalester Street,1,firebrick
1485,3,44.93984,-93.169597,2025-03-07T01:04:03Z,0.726342,Macalester Street,0.120773,-0.662891,0.9907488563576544,Macalester Street,1,firebrick
1486,4,44.93979,-93.169589,2025-03-07T01:04:04Z,0.285666,Macalester Street,0.085062,-0.539975,0.6167767894668216,Macalester Street,1,firebrick
1487,5,44.93973,-93.169583,2025-03-07T01:04:05Z,-0.036401,Macalester Street,-0.027685,-0.390981,0.3936465856412322,Macalester Street,1,firebrick
1488,6,44.93967,-93.169584,2025-03-07T01:04:06Z,0.00476,Macalester Street,-0.059519,-0.387144,0.39172138784728106,Macalester Street,1,firebrick
1489,7,44.939605,-93.169603,2025-03-07T01:04:07Z,0.083682,Macalester Street,0.078263,-0.325821,0.34537964377478886,Macalester Street,1,firebrick
1490,8,44.939535,-93.169603,2025-03-07T01:04:08Z,-0.295406,Macalester Street,-0.152264,-0.460326,0.5677579209557538,Macalester Street,1,firebrick
1491,9,44.939467,-93.169602,2025-03-07T01:04:09Z,-0.32735,Macalester Street,-0.116239,-0.021723,0.3480537549718434,Macalester Street,1,firebrick
1492,10,44.939398,-93.169601,2025-03-07T01:04:10Z,-0.403066,Macalester Street,-0.012149,-0.173283,0.43890408592994434,Macalester Street,1,firebrick
1493,11,44.939328,-93.1696,2025-03-07T01:04:11Z,-0.33126,Macalester Street,-0.212029,-0.3148,0.5037742792570895,Macalester Street,1,firebrick
1494,12,44.939258,-93.169599,2025-03-07T01:04:12Z,-0.258294,Macalester Street,-0.03138,-0.107028,0.2813458505469736,Macalester Street,1,firebrick
1495,13,44.939187,-93.169598,2025-03-07T01:04:13Z,-0.373234,Macalester Street,-0.160748,-0.140881,0.4301057944517837,Macalester Street,1,firebrick
1496,14,44.939112,-93.169597,2025-03-07T01:04:14Z,-0.424704,Macalester Street,-0.133782,-0.096358,0.45558311569240584,Macalester Street,1,firebrick
1497,15,44.939045,-93.169575,2025-03-07T01:04:15Z,-0.344227,Macalester Street,-0.134296,-0.15491,0.4006554021163324,Macalester Street,1,firebrick
1498,16,44.938977,-93.169597,2025-03-07T01:04:16Z,-0.279506,Macalester Street,-0.165338,-0.108886,0.34251484533666565,Macalester Street,1,firebrick
1499,17,44.93891,-93.169598,2025-03-07T01:04:17Z,-0.264442,Macalester Street,-0.098748,-0.128163,0.310010473108571,Macalester Street,1,firebrick
1500,18,44.938839,-93.169598,2025-03-07T01:04:18Z,-0.439438,Macalester Street,-0.057359,-0.004153,0.44318512851177666,Macalester Street,1,firebrick
1501,19,44.938773,-93.169598,2025-03-07T01:04:19Z,-0.299858,Macalester Street,-0.151043,-0.197165,0.38936210041297037,Macalester Street,1,firebrick
1502,20,44.938706,-93.169599,2025-03-07T01:04:20Z,-0.573348,Macalester Street,-0.123276,-0.074495,0.5911636036707605,Macalester Street,1,firebrick
1503,21,44.938644,-93.169599,2025-03-07T01:04:21Z,-0.366484,Macalester Street,-0.140713,0.033507,0.3939966873896277,Macalester Street,1,firebrick
1504,22,44.938589,-93.169599,2025-03-07T01:04:22Z,-0.385015,Macalester Street,-0.086775,0.167216,0.42863462471666935,Macalester Street,1,firebrick
1505,23,44.938528,-93.1696,2025-03-07T01:04:23Z,-0.312238,Macalester Street,-0.115651,0.136663,0.35992290565341906,Macalester Street,1,firebrick
1506,24,44.938468,-93.1696,2025-03-07T01:04:24Z,-0.388265,Macalester Street,-0.076844,0.144057,0.42119725760028404,Macalester Street,1,firebrick
1507,25,44.938414,-93.1696,2025-03-07T01:04:25Z,-0.324842,Macalester Street,-0.220141,0.202692,0.44166552017222266,Macalester Street,1,firebrick
1508,26,44.938364,-93.169601,2025-03-07T01:04:26Z,-0.4936,Macalester Street,0.062851,1.164227,1.2661025691980883,Macalester Street,1,firebrick
1509,27,44.938317,-93.169605,2025-03-07T01:04:27Z,-0.380731,Macalester Street,-0.021724,1.364591,1.41687565573624,Macalester Street,1,firebrick
1510,28,44.938267,-93.169623,2025-03-07T01:04:28Z,-0.342891,Macalester Street,-0.018586,1.056307,1.110722357534051,Macalester Street,1,firebrick
1511,29,44.938322,-93.169731,2025-03-07T01:04:29Z,0.326759,Macalester Street,-0.032922,0.877441,0.93688740553281,Macalester Street,1,firebrick
1512,30,44.938306,-93.169759,2025-03-07T01:04:30Z,0.572086,Macalester Street,0.017827,0.415412,0.7072250865665046,Macalester Street,1,firebrick
1513,31,44.938303,-93.169824,2025-03-07T01:04:31Z,0.420062,Macalester Street,0.038915,-0.027728,0.4227709818010219,Macalester Street,1,firebrick
1514,32,44.938308,-93.169885,2025-03-07T01:04:32Z,-0.014412,Macalester Street,0.073411,-0.128706,0.14886945657521558,Macalester Street,1,firebrick
1515,33,44.938318,-93.169978,2025-03-07T01:04:33Z,-0.162098,Macalester Street,-0.042322,-0.35278,0.3905389118743483,Macalester Street,1,firebrick
1516,34,44.938318,-93.170066,2025-03-07T01:04:34Z,-0.304251,Macalester Street,-0.087554,-0.361681,0.4806740264233132,Macalester Street,1,firebrick
1517,35,44.938311,-93.170149,2025-03-07T01:04:35Z,-0.454983,Macalester Street,-0.103736,-0.329936,0.5715141748732047,Macalester Street,1,firebrick
1518,36,44.938311,-93.170235,2025-03-07T01:04:36Z,-0.71348,Macalester Street,-0.187484,-0.169824,0.7569967976365555,Macalester Street,1,firebrick
1519,37,44.938303,-93.170305,2025-03-07T01:04:37Z,-1.096462,Macalester Street,-0.379798,-0.099905,1.1646701023349917,Macalester Street,1,firebrick
1520,38,44.93831,-93.170376,2025-03-07T01:04:38Z,-1.151364,Macalester Street,-0.303235,-0.104085,1.1951670230331828,Macalester Street,1,firebrick
1521,39,44.938308,-93.170429,2025-03-07T01:04:39Z,-0.822002,Macalester Street,-0.150022,-0.578155,1.0160989580316475,Macalester Street,1,firebrick
1522,40,44.938313,-93.170476,2025-03-07T01:04:40Z,-0.805227,Macalester Street,-0.350195,-1.369215,1.6265843893813197,Macalester Street,1,firebrick
1523,41,44.938316,-93.170526,2025-03-07T01:04:41Z,-0.225162,Macalester Street,-0.15085,-1.734959,1.7560001083214658,Macalester Street,1,firebrick
1524,42,44.938316,-93.170567,2025-03-07T01:04:42Z,0.031299,Macalester Street,-0.057725,-1.581264,1.5826268166317667,Macalester Street,1,firebrick
1525,43,44.93821,-93.170604,2025-03-07T01:04:43Z,0.004861,Macalester Street,-0.195564,-0.94128,0.9613932316263725,Macalester Street,1,firebrick
1526,44,44.938155,-93.170618,2025-03-07T01:04:44Z,-0.227245,Macalester Street,0.017911,-0.722364,0.7574766283140358,Macalester Street,1,firebrick
1527,45,44.938105,-93.170629,2025-03-07T01:04:45Z,-0.445214,Macalester Street,-0.08863,-0.19472,0.4939500593136922,Macalester Street,1,firebrick
1528,46,44.938066,-93.170622,2025-03-07T01:04:46Z,-0.448088,Macalester Street,-0.066945,0.329053,0.5599467524488377,Macalester Street,1,firebrick
1529,47,44.938029,-93.170625,2025-03-07T01:04:47Z,-0.445331,Macalester Street,-0.142041,0.206862,0.5111626280216502,Macalester Street,1,firebrick
1530,48,44.937992,-93.170624,2025-03-07T01:04:48Z,-0.366773,Macalester Street,-0.122522,0.311062,0.4962798019837197,Macalester Street,1,firebrick
1531,49,44.937955,-93.170622,2025-03-07T01:04:49Z,-0.556898,Macalester Street,-0.160883,0.295927,0.6508390825864716,Macalester Street,1,firebrick
1532,50,44.937916,-93.170617,2025-03-07T01:04:50Z,-1.540318,Macalester Street,-0.402887,0.503819,1.6699494185914734,Macalester Street,1,firebrick
1533,51,44.937888,-93.170611,2025-03-07T01:04:51Z,-0.5059,Macalester Street,0.168419,0.302856,0.613205941178818,Macalester Street,1,firebrick
1534,52,44.937894,-93.170605,2025-03-07T01:04:52Z,0.399307,Macalester Street,-0.129992,0.11861,0.4363626157371871,Macalester Street,1,firebrick
1535,53,44.93788,-93.170599,2025-03-07T01:04:53Z,0.326722,Macalester Street,-0.192875,0.140137,0.40445816801988316,Macalester Street,1,firebrick
1536,54,44.937851,-93.170599,2025-03-07T01:04:54Z,0.635181,Macalester Street,0.236303,0.052971,0.6797793299380321,Macalester Street,1,firebrick
1537,55,44.937816,-93.170592,2025-03-07T01:04:55Z,0.745274,Macalester Street,0.156883,0.067056,0.7645535415528464,Macalester Street,1,firebrick
1538,56,44.937783,-93.170589,2025-03-07T01:04:56Z,0.799529,Macalester Street,0.16948,0.015559,0.8174424595786545,Macalester Street,1,firebrick
1539,57,44.937743,-93.170587,2025-03-07T01:04:57Z,0.652859,Macalester Street,0.14984,0.046258,0.671428851066887,Macalester Street,1,firebrick
1540,58,44.937693,-93.170584,2025-03-07T01:04:58Z,0.493279,Macalester Street,0.171184,0.042347,0.5238524621551377,Macalester Street,1,firebrick
1541,59,44.937643,-93.170584,2025-03-07T01:04:59Z,0.050552,Macalester Street,0.188858,0.066492,0.2065043218240238,Macalester Street,1,firebrick
1542,60,44.937588,-93.17058,2025-03-07T01:05:00Z,-0.271124,Macalester Street,-0.054284,0.013604,0.2768393845680199,Macalester Street,1,firebrick
1543,61,44.937537,-93.170579,2025-03-07T01:05:01Z,-0.488944,Macalester Street,-0.108143,0.032223,0.5017962388400296,Macalester Street,1,firebrick
1544,62,44.937494,-93.17057,2025-03-07T01:05:02Z,-0.509778,Macalester Street,-0.205403,0.034091,0.550659784235239,Macalester Street,1,firebrick
1545,63,44.937451,-93.170567,2025-03-07T01:05:03Z,-0.718218,Macalester Street,-0.100575,0.143352,0.7392578860269263,Macalester Street,1,firebrick
1546,64,44.937409,-93.170558,2025-03-07T01:05:04Z,-0.546969,Macalester Street,-0.264083,0.263369,0.6620257910466933,Macalester Street,1,firebrick
1547,65,44.937374,-93.17061,2025-03-07T01:05:05Z,-0.461109,Macalester Street,-0.186055,0.280888,0.5710832176224407,Macalester Street,1,firebrick
1548,66,44.937343,-93.170595,2025-03-07T01:05:06Z,-0.471833,Macalester Street,-0.040162,0.252597,0.5366978764090651,Macalester Street,1,firebrick
1549,67,44.937322,-93.17059,2025-03-07T01:05:07Z,-0.259944,Macalester Street,-0.197553,0.189235,0.3773697870391852,Macalester Street,1,firebrick
1550,68,44.937305,-93.170588,2025-03-07T01:05:08Z,-0.660249,Macalester Street,-0.267892,0.200884,0.7403034831209427,Macalester Street,1,firebrick
1551,69,44.937282,-93.170586,2025-03-07T01:05:09Z,0.002181,Macalester Street,0.064566,0.055171,0.08495507258545543,Macalester Street,1,firebrick
1552,70,44.937264,-93.170584,2025-03-07T01:05:10Z,0.46200599999999997,Macalester Street,-0.023497,-0.0121,0.4627613456685854,Macalester Street,1,firebrick
1553,71,44.937252,-93.170583,2025-03-07T01:05:11Z,0.965985,Macalester Street,0.244487,-0.098814,1.0013316733180868,Macalester Street,1,firebrick
1554,72,44.937222,-93.170581,2025-03-07T01:05:12Z,0.867993,Macalester Street,0.17879,-0.139186,0.8970788453335637,Macalester Street,1,firebrick
1555,73,44.937177,-93.170579,2025-03-07T01:05:13Z,0.759201,Macalester Street,0.115284,-0.089542,0.7731069323327789,Macalester Street,1,firebrick
1556,74,44.937127,-93.170579,2025-03-07T01:05:14Z,0.734468,Macalester Street,0.13051,-0.123947,0.7562003451024074,Macalester Street,1,firebrick
1557,75,44.937074,-93.17058,2025-03-07T01:05:15Z,0.484361,Macalester Street,0.077275,-0.111754,0.503056617551146,Macalester Street,1,firebrick
1558,76,44.937016,-93.17058,2025-03-07T01:05:16Z,0.075732,Macalester Street,-0.004475,-0.005633,0.07607293959089526,Macalester Street,1,firebrick
1559,77,44.936958,-93.170581,2025-03-07T01:05:17Z,-0.439395,Macalester Street,-0.136551,0.099304,0.47071798992815217,Macalester Street,1,firebrick
1560,78,44.936904,-93.170583,2025-03-07T01:05:18Z,-0.980713,Macalester Street,-0.29651,0.152623,1.035861935104288,Macalester Street,1,firebrick
1561,79,44.93686,-93.170584,2025-03-07T01:05:19Z,-1.395923,Macalester Street,-0.317867,0.258519,1.454810133652842,Macalester Street,1,firebrick
1562,80,44.936827,-93.170583,2025-03-07T01:05:20Z,-1.282763,Macalester Street,-0.334947,0.235256,1.3464827486878546,Macalester Street,1,firebrick
1563,81,44.936813,-93.170582,2025-03-07T01:05:21Z,-0.161945,Macalester Street,-0.028567,-0.033582,0.16783923033069476,Macalester Street,1,firebrick
1564,82,44.936795,-93.170577,2025-03-07T01:05:22Z,0.055904,Macalester Street,0.16569,0.029544,0.17734509085960062,Macalester Street,1,firebrick
1565,83,44.936773,-93.170573,2025-03-07T01:05:23Z,0.726096,Macalester Street,-0.041803,-0.366809,0.8145622962708254,Macalester Street,1,firebrick
1566,84,44.936747,-93.170566,2025-03-07T01:05:24Z,0.804213,Macalester Street,0.13504,-0.318147,0.8753352869489496,Macalester Street,1,firebrick
1567,85,44.93671,-93.170551,2025-03-07T01:05:25Z,0.656217,Macalester Street,0.128591,-0.42644,0.7930999117198287,Macalester Street,1,firebrick
1568,86,44.936672,-93.170527,2025-03-07T01:05:26Z,0.584133,Macalester Street,0.131356,-0.523148,0.7950783548361758,Macalester Street,1,firebrick
1569,87,44.936633,-93.170478,2025-03-07T01:05:27Z,0.424183,Macalester Street,0.093702,-0.593098,0.7351710820598155,Macalester Street,1,firebrick
1570,88,44.936582,-93.170462,2025-03-07T01:05:28Z,0.021462,Macalester Street,-0.046216,-0.574326,0.5765820760099988,Macalester Street,1,firebrick
1571,89,44.936551,-93.170406,2025-03-07T01:05:29Z,-0.284416,Macalester Street,-0.141291,0.113532,0.33726120850314223,Macalester Street,1,firebrick
1572,90,44.9365,-93.170383,2025-03-07T01:05:30Z,-0.310237,Macalester Street,-0.103581,0.701112,0.7736498279415565,Macalester Street,1,firebrick
1573,91,44.936473,-93.170325,2025-03-07T01:05:31Z,-0.66712,Macalester Street,-0.094297,1.136131,1.3208840478141903,Macalester Street,1,firebrick
1574,92,44.936435,-93.170309,2025-03-07T01:05:32Z,-0.846118,Macalester Street,-0.310836,0.948225,1.3083062865571655,Macalester Street,1,firebrick
1575,93,44.936404,-93.170303,2025-03-07T01:05:33Z,-1.64735,Macalester Street,-0.378272,0.604833,1.7951809620127437,Macalester Street,1,firebrick
1576,94,44.936388,-93.1703,2025-03-07T01:05:34Z,-0.232398,Macalester Street,-0.123613,0.171319,0.3140687885384347,Macalester Street,1,firebrick
1577,95,44.936378,-93.170304,2025-03-07T01:05:35Z,0.116125,Macalester Street,0.067215,0.062425,0.14798564955765137,Macalester Street,1,firebrick
1578,96,44.936362,-93.170302,2025-03-07T01:05:36Z,0.779411,Macalester Street,0.146839,-0.177189,0.8126740678543889,Macalester Street,1,firebrick
1579,97,44.93634,-93.170301,2025-03-07T01:05:37Z,1.290988,Macalester Street,0.277921,-0.277968,1.3495022443141769,Macalester Street,1,firebrick
1580,98,44.936311,-93.170301,2025-03-07T01:05:38Z,0.959998,Macalester Street,0.130641,-0.19988,0.9892498396689281,Macalester Street,1,firebrick
1581,99,44.936289,-93.170314,2025-03-07T01:05:39Z,0.740546,Macalester Street,0.141636,-0.190247,0.7776008330891886,Macalester Street,1,firebrick
1582,100,44.93622,-93.170289,2025-03-07T01:05:40Z,0.647668,Macalester Street,0.109587,-0.162282,0.6766229351100952,Macalester Street,1,firebrick
1583,101,44.936164,-93.170295,2025-03-07T01:05:41Z,0.546724,Macalester Street,0.122271,-0.199631,0.5947351223679328,Macalester Street,1,firebrick
1584,102,44.936105,-93.170296,2025-03-07T01:05:42Z,0.447937,Macalester Street,0.042627,-0.140369,0.47134708364325323,Macalester Street,1,firebrick
1585,103,44.93604,-93.170298,2025-03-07T01:05:43Z,0.174419,Macalester Street,0.073546,-0.120966,0.22464143614435872,Macalester Street,1,firebrick
1586,104,44.93597,-93.170296,2025-03-07T01:05:44Z,0.112231,Macalester Street,0.020457,-0.097015,0.14975378604562892,Macalester Street,1,firebrick
1587,105,44.935896,-93.170297,2025-03-07T01:05:45Z,-0.056419,Macalester Street,-0.136606,0.027524,0.15033919440052884,Macalester Street,1,firebrick
1588,106,44.935823,-93.170297,2025-03-07T01:05:46Z,-0.074953,Macalester Street,-0.019377,-0.043593,0.08884689069967502,Macalester Street,1,firebrick
1589,107,44.935747,-93.170294,2025-03-07T01:05:47Z,-0.189588,Macalester Street,0.102558,0.026629,0.21718852812476078,Macalester Street,1,firebrick
1590,108,44.93567,-93.170297,2025-03-07T01:05:48Z,-0.16789,Macalester Street,-0.155673,-0.003414,0.2289820744621727,Macalester Street,1,firebrick
1591,109,44.935593,-93.1703,2025-03-07T01:05:49Z,-0.170231,Macalester Street,-0.085485,0.042482,0.19516915460697165,Macalester Street,1,firebrick
1592,110,44.935516,-93.170301,2025-03-07T01:05:50Z,-0.205637,Macalester Street,-0.075188,0.066013,0.2286865262362433,Macalester Street,1,firebrick
1593,111,44.935441,-93.170303,2025-03-07T01:05:51Z,-0.294571,Macalester Street,-0.12707,0.080327,0.33071329859865023,Macalester Street,1,firebrick
1594,112,44.935362,-93.170305,2025-03-07T01:05:52Z,-0.21812,Macalester Street,-0.089329,-0.070807,0.2461089918918039,Macalester Street,1,firebrick
1595,113,44.935285,-93.170313,2025-03-07T01:05:53Z,-0.256051,Macalester Street,-0.094447,0.01847,0.27353882962022047,Macalester Street,1,firebrick
1596,114,44.935209,-93.17031,2025-03-07T01:05:54Z,-0.268794,Macalester Street,-0.096729,0.041308,0.2886400262281723,Macalester Street,1,firebrick
1597,115,44.935134,-93.170308,2025-03-07T01:05:55Z,-0.278628,Macalester Street,-0.010254,0.062176,0.2856651219102535,Macalester Street,1,firebrick
1598,116,44.935059,-93.170306,2025-03-07T01:05:56Z,-0.702583,Macalester Street,-0.205961,0.170966,0.7518458476084043,Macalester Street,1,firebrick
1599,117,44.934988,-93.170303,2025-03-07T01:05:57Z,-2.591334,Macalester Street,-0.679163,0.618923,2.749425387249852,Macalester Street,1,firebrick
1600,118,44.934946,-93.170307,2025-03-07T01:05:58Z,-1.623605,Macalester Street,-0.408865,0.386082,1.7182325497365019,Macalester Street,1,firebrick
1601,119,44.934919,-93.170306,2025-03-07T01:05:59Z,-0.779969,Macalester Street,-0.211238,0.112737,0.815893844059385,Macalester Street,1,firebrick
1602,120,44.934901,-93.170307,2025-03-07T01:06:00Z,-0.093926,Macalester Street,-0.083097,0.03055,0.1290755878739276,Macalester Street,1,firebrick
1603,121,44.934883,-93.170307,2025-03-07T01:06:01Z,0.422377,Macalester Street,0.149419,-0.147646,0.47172842717606067,Macalester Street,1,firebrick
1604,122,44.934865,-93.170306,2025-03-07T01:06:02Z,0.568132,Macalester Street,0.006645,-0.045811,0.5700147131171265,Macalester Street,1,firebrick
1605,123,44.934843,-93.170305,2025-03-07T01:06:03Z,1.204584,Macalester Street,0.309028,-0.293724,1.2778085560896828,Macalester Street,1,firebrick
1606,124,44.93481,-93.170307,2025-03-07T01:06:04Z,1.050384,Macalester Street,0.216058,-0.24868,1.1008312083239646,Macalester Street,1,firebrick
1607,125,44.93477,-93.170306,2025-03-07T01:06:05Z,0.936194,Macalester Street,0.184054,-0.192372,0.9733149885499555,Macalester Street,1,firebrick
1608,126,44.934721,-93.170307,2025-03-07T01:06:06Z,0.849515,Macalester Street,0.201557,-0.223543,0.9012615781908159,Macalester Street,1,firebrick
1609,127,44.934666,-93.170308,2025-03-07T01:06:07Z,0.429383,Macalester Street,0.065621,-0.175717,0.46856412626128346,Macalester Street,1,firebrick
1610,128,44.934609,-93.170308,2025-03-07T01:06:08Z,-0.07217,Macalester Street,-0.019804,-0.045763,0.08772091817234928,Macalester Street,1,firebrick
1611,129,44.934556,-93.170307,2025-03-07T01:06:09Z,-0.243669,Macalester Street,-0.103028,0.038636,0.2673613488165408,Macalester Street,1,firebrick
1612,130,44.934513,-93.170307,2025-03-07T01:06:10Z,-0.730987,Macalester Street,-0.204614,0.108598,0.7668131511450492,Macalester Street,1,firebrick
1613,131,44.934461,-93.170308,2025-03-07T01:06:11Z,-0.92619,Macalester Street,-0.194073,0.145002,0.9573493748015924,Macalester Street,1,firebrick
1614,132,44.934429,-93.170307,2025-03-07T01:06:13Z,-0.81217,Macalester Street,-0.235865,0.210443,0.871515153840712,Macalester Street,1,firebrick
1615,133,44.934401,-93.170302,2025-03-07T01:06:14Z,-0.546693,Macalester Street,-0.19437,0.202549,0.6145559620978386,Macalester Street,1,firebrick
1616,134,44.934382,-93.170301,2025-03-07T01:06:15Z,-0.291774,Macalester Street,0.02365,0.15443,0.33096829829456476,Macalester Street,1,firebrick
1617,135,44.934366,-93.170304,2025-03-07T01:06:16Z,-0.203807,Macalester Street,-0.127893,0.034545,0.243078731531576,Macalester Street,1,firebrick
1618,136,44.934353,-93.170305,2025-03-07T01:06:17Z,-0.045377,Macalester Street,-0.04908,0.070957,0.09748237983348582,Macalester Street,1,firebrick
1619,137,44.934344,-93.170308,2025-03-07T01:06:18Z,0.28935,Macalester Street,0.066778,-0.046014,0.3004996039598056,Macalester Street,1,firebrick
1620,138,44.934334,-93.17031,2025-03-07T01:06:19Z,-0.231041,Macalester Street,-0.091548,0.022912,0.2495715122545039,Macalester Street,1,firebrick
1621,139,44.934326,-93.170312,2025-03-07T01:06:20Z,-0.519468,Macalester Street,-0.139205,0.077614,0.54336816988576,Macalester Street,1,firebrick
1622,140,44.934326,-93.170312,2025-03-07T01:06:21Z,0.278487,Macalester Street,0.050601,-0.060841,0.2895118264441022,Macalester Street,1,firebrick
1623,141,44.934326,-93.170318,2025-03-07T01:06:22Z,0.262466,Macalester Street,0.048523,-0.062793,0.27420037114125134,Macalester Street,1,firebrick
