ID,seconds_elapsed,location_latitude,location_longitude,location_local_time,accelerometer_z,street_name,accelerometer_y_new,accelerometer_x_new,L2_norm
1,1,44.940127,-93.167129,2025-03-28T03:01:05Z,0.170943,Grand Avenue West,-0.012453,0.325421,0.3677980610321376
2,2,44.940126,-93.167296,2025-03-28T03:01:06Z,0.465602,Grand Avenue West,0.02187,-0.481029,0.669815211939084
3,3,44.940116,-93.167365,2025-03-28T03:01:07Z,0.310895,Grand Avenue West,0.047611,-0.533049,0.6189214366516965
4,4,44.940116,-93.167452,2025-03-28T03:01:08Z,0.228646,Grand Avenue West,0.014784,-0.452598,0.5072893745940279
5,5,44.940116,-93.167548,2025-03-28T03:01:09Z,0.205774,Grand Avenue West,0.033542,-0.433148,0.4807132146550581
6,6,44.94012,-93.16766,2025-03-28T03:01:10Z,0.143871,Grand Avenue West,-0.006477,-0.345991,0.3747673788512015
7,7,44.940121,-93.167776,2025-03-28T03:01:11Z,0.021881,Grand Avenue West,0.016877,-0.229238,0.23089753557368256
8,8,44.94012,-93.167899,2025-03-28T03:01:12Z,-0.114594,Grand Avenue West,-0.041262,-0.268329,0.294677433341951
9,9,44.940121,-93.168033,2025-03-28T03:01:13Z,-0.465693,Grand Avenue West,-0.096093,-0.254735,0.5394383700878165
10,10,44.940122,-93.168167,2025-03-28T03:01:14Z,-0.370092,Grand Avenue West,-0.101747,-0.189503,0.4280559863872949
11,11,44.940121,-93.168306,2025-03-28T03:01:15Z,-0.427862,Grand Avenue West,-0.114982,-0.244649,0.5061026423256453
12,12,44.940121,-93.168448,2025-03-28T03:01:16Z,-0.351713,Grand Avenue West,-0.116557,-0.130543,0.3928473539009777
13,13,44.940122,-93.168592,2025-03-28T03:01:17Z,-0.448185,Grand Avenue West,-0.096365,-0.112873,0.47211896973008827
14,14,44.940121,-93.168733,2025-03-28T03:01:18Z,-0.5352,Grand Avenue West,-0.189589,-0.070523,0.5721507864627995
15,15,44.94012,-93.168879,2025-03-28T03:01:19Z,-0.682228,Grand Avenue West,-0.172246,-0.016536,0.7038303544150394
16,16,44.940119,-93.169029,2025-03-28T03:01:20Z,-0.659667,Grand Avenue West,-0.150248,-0.152272,0.693485237317277
17,17,44.94012,-93.169172,2025-03-28T03:01:21Z,-0.601826,Grand Avenue West,-0.101507,-0.133959,0.6248545582821654
18,18,44.940119,-93.169312,2025-03-28T03:01:22Z,-0.447751,Grand Avenue West,-0.06299,-0.088835,0.46080403136908427
19,19,44.940117,-93.169448,2025-03-28T03:01:23Z,-0.125401,Grand Avenue West,-0.015812,-0.106607,0.1653495769392834
20,20,44.940117,-93.16959,2025-03-28T03:01:24Z,-0.189851,Grand Avenue West,0.054632,0.003025,0.1975783597715094
21,21,44.940117,-93.169733,2025-03-28T03:01:25Z,0.074327,Grand Avenue West,-0.150234,-0.091501,0.1909638465416949
22,22,44.940116,-93.16988,2025-03-28T03:01:26Z,-0.042311,Grand Avenue West,0.030171,0.059446,0.07895781707975467
23,23,44.940119,-93.170036,2025-03-28T03:01:27Z,-0.127121,Grand Avenue West,0.008528,-0.08215,0.15159517777620765
24,24,44.940121,-93.170189,2025-03-28T03:01:28Z,-0.139474,Grand Avenue West,-0.022033,-0.123023,0.18727815754646882
25,25,44.94012,-93.170337,2025-03-28T03:01:29Z,-0.171433,Grand Avenue West,-0.109118,-0.11238,0.23221816426154093
26,26,44.94012,-93.170491,2025-03-28T03:01:30Z,-0.144722,Grand Avenue West,-0.006653,-0.086544,0.16875598842411488
27,27,44.94012,-93.170646,2025-03-28T03:01:31Z,-0.250228,Grand Avenue West,-0.050661,0.11521,0.2800962923799599
28,28,44.940121,-93.1708,2025-03-28T03:01:32Z,-0.073139,Grand Avenue West,-0.093977,-0.028161,0.1223684263648103
29,29,44.940121,-93.170956,2025-03-28T03:01:33Z,-0.20482,Grand Avenue West,0.023811,-0.082045,0.2219224597601604
30,30,44.940123,-93.171118,2025-03-28T03:01:34Z,-0.127234,Grand Avenue West,-0.060914,-0.060628,0.15354074552378597
31,31,44.940124,-93.17127,2025-03-28T03:01:35Z,-0.099331,Grand Avenue West,-0.097694,-0.00681,0.13948885725031945
32,32,44.940122,-93.171423,2025-03-28T03:01:36Z,-0.122175,Grand Avenue West,0.023464,0.005118,0.12451298665199546
33,33,44.940124,-93.171585,2025-03-28T03:01:37Z,-0.063121,Grand Avenue West,0.010794,-0.024667,0.06862384400483552
34,34,44.940122,-93.171747,2025-03-28T03:01:38Z,-0.139142,Grand Avenue West,-0.040434,0.011224,0.1453319741006775
35,35,44.94012,-93.171902,2025-03-28T03:01:39Z,-0.138992,Grand Avenue West,-0.029475,-0.042769,0.14838038633862632
36,36,44.940124,-93.172062,2025-03-28T03:01:40Z,-0.159176,Grand Avenue West,0.019614,0.052095,0.16862857704730833
37,37,44.940124,-93.172222,2025-03-28T03:01:41Z,-0.062313,Grand Avenue West,-0.167757,0.002102,0.1789685431074411
38,38,44.940123,-93.172381,2025-03-28T03:01:42Z,-0.052278,Grand Avenue West,0.072419,-0.098632,0.13306303870346564
39,39,44.940124,-93.172536,2025-03-28T03:01:43Z,-0.140445,Grand Avenue West,-0.007832,0.019607,0.14202314141716482
40,40,44.940125,-93.172693,2025-03-28T03:01:44Z,-0.087942,Grand Avenue West,-0.097147,0.018954,0.13240313096373516
41,41,44.940125,-93.172851,2025-03-28T03:01:45Z,-0.069053,Grand Avenue West,-0.115481,0.020859,0.13615901017193097
42,42,44.940125,-93.173008,2025-03-28T03:01:46Z,-0.146951,Grand Avenue West,0.101224,-0.048965,0.1850363904803593
43,43,44.940126,-93.173161,2025-03-28T03:01:47Z,-0.020797,Grand Avenue West,-0.091446,0.085453,0.12687435254613125
44,44,44.940128,-93.173318,2025-03-28T03:01:48Z,-0.093248,Grand Avenue West,-0.113336,-0.091453,0.17292741138697473
45,45,44.940128,-93.173473,2025-03-28T03:01:49Z,-0.071857,Grand Avenue West,0.027218,-0.055438,0.09475030246389719
46,46,44.940126,-93.173626,2025-03-28T03:01:50Z,0.001759,Grand Avenue West,0.00638,0.079901,0.08017461120579257
47,47,44.940122,-93.17378,2025-03-28T03:01:51Z,0.145446,Grand Avenue West,-0.00118,0.002631,0.14547458017468207
48,48,44.940122,-93.173937,2025-03-28T03:01:52Z,0.168504,Grand Avenue West,-0.024635,-0.05707,0.17960363621319028
49,49,44.940127,-93.1741,2025-03-28T03:01:53Z,-0.026142,Grand Avenue West,-0.043955,-0.031629,0.06013185370500397
50,50,44.940129,-93.174261,2025-03-28T03:01:54Z,-0.010308,Grand Avenue West,-0.083052,-0.124382,0.1499158813868631
51,51,44.940129,-93.174422,2025-03-28T03:01:55Z,0.103182,Grand Avenue West,-0.117148,0.017222,0.15705660225536525
52,52,44.94013,-93.174581,2025-03-28T03:01:56Z,0.117315,Grand Avenue West,-2.1e-4,-0.008797,0.11764455165454965
53,53,44.94013,-93.174743,2025-03-28T03:01:57Z,-0.023455,Grand Avenue West,0.008823,-0.020668,0.03248305062644209
54,54,44.940131,-93.174905999999993,2025-03-28T03:01:58Z,-0.087283,Grand Avenue West,0.028417,-0.127314,0.15695446019148357
55,55,44.94013,-93.175069,2025-03-28T03:01:59Z,-0.085497,Grand Avenue West,-0.144597,-0.008466,0.16819542970604165
56,56,44.940128,-93.175236,2025-03-28T03:02:00Z,-0.043083,Grand Avenue West,-0.011714,-0.091608,0.10190872557833308
57,57,44.940128,-93.175403,2025-03-28T03:02:01Z,-0.077373,Grand Avenue West,-0.061202,0.044496,0.1082227330508706
58,58,44.940127,-93.175568,2025-03-28T03:02:02Z,-0.061683,Grand Avenue West,-0.013218,0.099894,0.11814533105036355
59,59,44.940126,-93.17573,2025-03-28T03:02:03Z,-0.194287,Grand Avenue West,0.01574,0.067026,0.20612537603361697
60,60,44.940126,-93.175891,2025-03-28T03:02:04Z,-0.447667,Grand Avenue West,-0.149038,0.066551,0.4764946001100117
61,61,44.940126,-93.17605,2025-03-28T03:02:05Z,-0.322135,Grand Avenue West,-0.131531,0.02882,0.3491446041198403
62,62,44.940129,-93.176203,2025-03-28T03:02:06Z,-0.585747,Grand Avenue West,-0.042416,0.142046,0.6042149710003882
63,63,44.94013,-93.176353,2025-03-28T03:02:07Z,-0.650097,Grand Avenue West,-0.294975,0.225946,0.7487909955054214
64,64,44.940133,-93.17649,2025-03-28T03:02:08Z,-0.740587,Grand Avenue West,-0.158003,0.331897,0.8267948180697554
65,65,44.940134,-93.176615,2025-03-28T03:02:09Z,-0.991095,Grand Avenue West,-0.26066,0.113402,1.0310542896613155
66,66,44.940138,-93.176724,2025-03-28T03:02:10Z,-0.970168,Grand Avenue West,-0.125495,0.112174,0.9846613374785262
67,67,44.94014,-93.176818,2025-03-28T03:02:11Z,-0.590404,Grand Avenue West,-0.137251,0.034345,0.6071196745634257
68,68,44.940141,-93.176896,2025-03-28T03:02:12Z,-0.691443,Grand Avenue West,-0.237781,0.085897,0.7362143171787683
69,69,44.94014,-93.176965,2025-03-28T03:02:13Z,-0.845966,Grand Avenue West,-0.182002,0.168476,0.8815709635281779
70,1,44.940071,-93.176887,2025-03-28T03:02:50Z,0.17753,Grand Avenue East,0.113117,-1.157328,1.1763164778974236
71,2,44.940063,-93.176829,2025-03-28T03:02:51Z,0.467416,Grand Avenue East,0.125782,-0.385998,0.6191068442393446
72,3,44.94006,-93.176753,2025-03-28T03:02:53Z,0.680367,Grand Avenue East,0.083054,-0.149811,0.7015985727793351
73,4,44.940061,-93.176665,2025-03-28T03:02:54Z,0.325381,Grand Avenue East,0.172301,-0.13457,0.39200703394454545
74,5,44.94006,-93.176564,2025-03-28T03:02:55Z,0.234391,Grand Avenue East,0.033464,0.024158,0.23799703599204758
75,6,44.940063,-93.176456,2025-03-28T03:02:56Z,0.18135,Grand Avenue East,0.028813,0.139025,0.23031709032114833
76,7,44.940068,-93.176342,2025-03-28T03:02:57Z,-0.012014,Grand Avenue East,-0.004702,0.254096,0.2544233130355786
77,8,44.940071,-93.176219,2025-03-28T03:02:58Z,0.065499,Grand Avenue East,0.038994,0.219493,0.2323528095074385
78,9,44.940071,-93.176092,2025-03-28T03:02:59Z,-0.096141,Grand Avenue East,5.93e-4,0.213366,0.23402669396032583
79,10,44.940071,-93.175959,2025-03-28T03:03:00Z,-0.012894,Grand Avenue East,-0.036401,0.120823,0.1268443351750483
80,11,44.940072,-93.17582,2025-03-28T03:03:01Z,-0.251619,Grand Avenue East,0.034065,0.119566,0.2806573956659614
81,12,44.940073,-93.175674,2025-03-28T03:03:02Z,-0.251304,Grand Avenue East,-0.245302,0.180485,0.3948437752390178
82,13,44.940074,-93.175526,2025-03-28T03:03:03Z,-0.399904,Grand Avenue East,0.055185,0.241549,0.47044076443480104
83,14,44.940071,-93.175378,2025-03-28T03:03:04Z,-0.344076,Grand Avenue East,-0.172893,0.15436,0.4148581598872077
84,15,44.94007,-93.175231,2025-03-28T03:03:05Z,-0.180228,Grand Avenue East,0.030086,0.150435,0.23668119613733576
85,16,44.94007,-93.175081,2025-03-28T03:03:06Z,-0.346285,Grand Avenue East,-0.072047,0.098828,0.36724793398738137
86,17,44.940069,-93.174927,2025-03-28T03:03:07Z,-0.268973,Grand Avenue East,-0.095411,0.097314,0.30152901725372966
87,18,44.940069,-93.174776,2025-03-28T03:03:08Z,-0.378281,Grand Avenue East,-0.159293,0.114853,0.4262182380178023
88,19,44.940067,-93.174623,2025-03-28T03:03:09Z,-0.396704,Grand Avenue East,-0.064639,0.129908,0.4224078034328912
89,20,44.940068,-93.174471,2025-03-28T03:03:10Z,-0.195181,Grand Avenue East,-0.047167,0.019747,0.20176791781400727
90,21,44.940071,-93.174323,2025-03-28T03:03:11Z,-0.147057,Grand Avenue East,-0.142656,0.126383,0.2407263140456398
91,22,44.940072,-93.174171,2025-03-28T03:03:12Z,-0.029623,Grand Avenue East,-0.187037,-0.001686,0.18937582763911556
92,23,44.940072,-93.174019,2025-03-28T03:03:13Z,-0.155564,Grand Avenue East,-0.045284,0.005622,0.16211849257873082
93,24,44.940074,-93.173866,2025-03-28T03:03:14Z,-0.133018,Grand Avenue East,-0.00929,0.038321,0.1387392931544629
94,25,44.940078,-93.173709,2025-03-28T03:03:15Z,-0.062728,Grand Avenue East,-0.057533,0.123756,0.15020118378028852
95,26,44.940079,-93.173557,2025-03-28T03:03:16Z,-0.168417,Grand Avenue East,-0.072021,0.020133,0.18427329708614865
96,27,44.94008,-93.173396,2025-03-28T03:03:17Z,-0.188463,Grand Avenue East,-0.023927,0.012199,0.19036706463829292
97,28,44.940079,-93.173238,2025-03-28T03:03:18Z,-0.123916,Grand Avenue East,-0.047463,0.028161,0.13565011369696672
98,29,44.940081,-93.173081,2025-03-28T03:03:19Z,0.049495,Grand Avenue East,0.075188,0.075491,0.11748140895477889
99,30,44.940086,-93.172925,2025-03-28T03:03:20Z,-0.073069,Grand Avenue East,-0.119644,0.007277,0.1403806262487812
100,31,44.940087,-93.172762,2025-03-28T03:03:21Z,-0.139164,Grand Avenue East,-0.053949,0.106055,0.18309772396728477
101,32,44.940086,-93.172601,2025-03-28T03:03:22Z,-0.238915,Grand Avenue East,-0.048298,0.071707,0.2540766968417214
102,33,44.940084,-93.17244,2025-03-28T03:03:23Z,-0.288281,Grand Avenue East,-0.151368,0.045406,0.3287550930723355
103,34,44.940085,-93.172285,2025-03-28T03:03:24Z,-0.0352,Grand Avenue East,-0.069184,0.060396,0.0983521360825478
104,35,44.940085,-93.172125,2025-03-28T03:03:25Z,-0.259425,Grand Avenue East,0.05424,0.067996,0.27361791652046474
105,36,44.940083,-93.171967,2025-03-28T03:03:26Z,-0.201309,Grand Avenue East,-0.099289,0.043738,0.22868456801017423
106,37,44.940083,-93.171812,2025-03-28T03:03:27Z,-0.344331,Grand Avenue East,-0.081395,-0.003712,0.3538400239232414
107,38,44.940082,-93.171661,2025-03-28T03:03:28Z,-0.274625,Grand Avenue East,-0.179857,0.083157,0.3386480735557195
108,39,44.940081,-93.171514,2025-03-28T03:03:29Z,-0.357758,Grand Avenue East,0.161085,0.008421,0.39244117652203625
109,40,44.940079,-93.171367,2025-03-28T03:03:30Z,0.174428,Grand Avenue East,-0.097685,-0.002731,0.19993735211310568
110,41,44.940079,-93.171229,2025-03-28T03:03:31Z,0.184308,Grand Avenue East,0.10025,-0.015449,0.2103762652130701
111,42,44.940078,-93.171081,2025-03-28T03:03:32Z,0.035431,Grand Avenue East,-0.016164,-0.042311,0.057505229136140305
112,43,44.940077,-93.170936,2025-03-28T03:03:33Z,-0.037729,Grand Avenue East,-0.084139,-0.001214,0.09221888395551099
113,44,44.940077,-93.170794,2025-03-28T03:03:34Z,0.109217,Grand Avenue East,-0.011756,-0.025942,0.11286958841512623
114,45,44.940076,-93.170645,2025-03-28T03:03:35Z,0.041492,Grand Avenue East,0.048238,-0.095882,0.11507323160492192
115,46,44.940077,-93.170496,2025-03-28T03:03:36Z,-0.132602,Grand Avenue East,-0.084299,0.048574,0.16446593957716593
116,47,44.940075,-93.17035,2025-03-28T03:03:37Z,0.002396,Grand Avenue East,-0.012273,0.066756,0.0679170882841719
117,48,44.940074,-93.170206,2025-03-28T03:03:38Z,-0.140124,Grand Avenue East,-0.016325,0.007959,0.14129609577762578
118,49,44.940074,-93.170062,2025-03-28T03:03:39Z,-0.081598,Grand Avenue East,0.06037,0.046191,0.11151851409071052
119,50,44.940073,-93.16992,2025-03-28T03:03:40Z,0.146707,Grand Avenue East,-0.111852,-0.171107,0.25161760511140713
120,51,44.940072,-93.169779,2025-03-28T03:03:41Z,0.158007,Grand Avenue East,-0.082797,-0.154884,0.2362426902869166
121,52,44.940073,-93.169633,2025-03-28T03:03:42Z,-0.060512,Grand Avenue East,0.017695,0.071468,0.09530209962534929
122,53,44.940074,-93.169491,2025-03-28T03:03:43Z,0.142657,Grand Avenue East,0.202165,-0.020162,0.2482503033593313
123,54,44.940081,-93.169343,2025-03-28T03:03:44Z,0.174344,Grand Avenue East,-0.030699,0.028691,0.1793360878852887
124,55,44.940068,-93.169195,2025-03-28T03:03:45Z,0.085022,Grand Avenue East,0.061705,-0.109196,0.15152562134833833
125,56,44.940081,-93.169046,2025-03-28T03:03:46Z,-0.07861,Grand Avenue East,0.042056,0.064001,0.1097468324690968
126,57,44.940075,-93.168903,2025-03-28T03:03:47Z,-0.002626,Grand Avenue East,-0.075079,-0.041259,0.08570914302453386
127,58,44.940065,-93.16875,2025-03-28T03:03:48Z,0.13238,Grand Avenue East,-0.003639,-0.017119,0.1335318946244679
128,59,44.940064,-93.168601,2025-03-28T03:03:49Z,0.129107,Grand Avenue East,0.032169,-0.010923,0.1335019623039302
129,60,44.940059,-93.168449,2025-03-28T03:03:50Z,0.072501,Grand Avenue East,0.034724,0.039186,0.0894298259698631
130,61,44.940059,-93.168294,2025-03-28T03:03:51Z,0.001628,Grand Avenue East,-0.039448,-0.034394,0.05236164936286862
131,62,44.940057,-93.168138,2025-03-28T03:03:52Z,-0.012748,Grand Avenue East,0.026945,-0.001509,0.029846634818686008
132,63,44.940051,-93.167988,2025-03-28T03:03:53Z,-0.104324,Grand Avenue East,0.002216,0.089326,0.13735917118270627
133,64,44.940067,-93.167833,2025-03-28T03:03:54Z,0.032134,Grand Avenue East,-0.038269,0.007391,0.05051472258658856
134,65,44.940064,-93.167678,2025-03-28T03:03:55Z,-0.194012,Grand Avenue East,-0.131169,-0.017683,0.23485878990150655
135,66,44.940063,-93.167524,2025-03-28T03:03:56Z,-0.380578,Grand Avenue East,-0.088578,-0.129932,0.4117863533338617
136,67,44.940063,-93.167375,2025-03-28T03:03:57Z,-0.365131,Grand Avenue East,-0.258838,-0.001365,0.44757079957253687
137,1,44.941178,-93.167136,2025-03-28T02:39:21Z,0.521523,Snelling Avenue South R,0.368081,-0.381312,0.7435514127711681
138,2,44.941094,-93.167113,2025-03-28T02:39:22Z,0.455152,Snelling Avenue South R,0.153649,-0.442056,0.6528283583308863
139,3,44.941002,-93.167116,2025-03-28T02:39:23Z,0.267286,Snelling Avenue South R,0.076816,-0.384042,0.47416322233593783
140,4,44.940904,-93.167122,2025-03-28T02:39:24Z,-0.035179,Snelling Avenue South R,-0.031142,-0.379879,0.38277335440962973
141,5,44.940801,-93.167124,2025-03-28T02:39:25Z,-0.177487,Snelling Avenue South R,0.016324,-0.347665,0.39069049178345766
142,6,44.940696,-93.167125,2025-03-28T02:39:26Z,-0.381757,Snelling Avenue South R,-0.166228,-0.262889,0.4924233761246515
143,7,44.940591,-93.167125,2025-03-28T02:39:27Z,-0.527979,Snelling Avenue South R,-0.108269,-0.084152,0.5454957010884687
144,8,44.940483,-93.167127,2025-03-28T02:39:28Z,-0.610524,Snelling Avenue South R,-0.01079,-0.07203,0.6148530715349806
145,9,44.940373,-93.167128,2025-03-28T02:39:29Z,-0.414414,Snelling Avenue South R,-0.140675,-0.243196,0.5006722615014736
146,10,44.940265,-93.167129,2025-03-28T02:39:30Z,-0.533312,Snelling Avenue South R,-0.092941,-0.139694,0.5590832965319211
147,11,44.940154,-93.167129,2025-03-28T02:39:31Z,-0.494535,Snelling Avenue South R,-0.134846,-0.156932,0.5360745867554253
148,12,44.940045,-93.167129,2025-03-28T02:39:32Z,-0.297572,Snelling Avenue South R,-0.323774,-0.028029,0.44064080961821955
149,13,44.939935,-93.167129,2025-03-28T02:39:33Z,-0.300407,Snelling Avenue South R,0.00792,-0.062367,0.3069148656191159
150,14,44.939823,-93.167129,2025-03-28T02:39:34Z,-0.332108,Snelling Avenue South R,0.088779,-0.121286,0.36453769119392854
151,15,44.93971,-93.167132,2025-03-28T02:39:35Z,-0.189753,Snelling Avenue South R,0.064147,-0.164939,0.2594723729783192
152,16,44.939594,-93.167134,2025-03-28T02:39:36Z,0.004671,Snelling Avenue South R,-0.073707,-0.142084,0.16013245500522372
153,17,44.939476,-93.167134,2025-03-28T02:39:37Z,-0.301358,Snelling Avenue South R,-0.070189,-0.061717,0.31551882348601645
154,18,44.939357,-93.167133,2025-03-28T02:39:38Z,-0.292794,Snelling Avenue South R,-0.093809,-0.053543,0.3120822131522397
155,19,44.939237,-93.167131,2025-03-28T02:39:40Z,-0.307058,Snelling Avenue South R,-0.116535,0.017415,0.32888950091786145
156,20,44.939118,-93.16713,2025-03-28T02:39:41Z,-0.342509,Snelling Avenue South R,-0.101955,-0.037096,0.3592817144275506
157,21,44.939001,-93.16713,2025-03-28T02:39:42Z,-0.371271,Snelling Avenue South R,-0.103448,0.103293,0.3990151475746253
158,22,44.938884,-93.167131,2025-03-28T02:39:43Z,-0.379374,Snelling Avenue South R,-0.025153,-0.00664,0.3802649009374912
159,23,44.938766,-93.167133,2025-03-28T02:39:44Z,-0.091996,Snelling Avenue South R,-0.079068,-0.061256,0.13589448177170405
160,24,44.938647,-93.167135,2025-03-28T02:39:45Z,-0.021404,Snelling Avenue South R,-0.001483,-0.079895,0.08272570054100478
161,25,44.938526,-93.167137,2025-03-28T02:39:46Z,0.030479,Snelling Avenue South R,0.001183,-0.09206,0.0969815061235904
162,26,44.938403,-93.167137,2025-03-28T02:39:47Z,-0.047167,Snelling Avenue South R,-0.037991,-0.039381,0.07224199008194611
163,27,44.93828,-93.167137,2025-03-28T02:39:48Z,-0.232317,Snelling Avenue South R,-0.031356,-0.035707,0.23712734358146045
164,28,44.938158,-93.167137,2025-03-28T02:39:49Z,-0.192846,Snelling Avenue South R,-0.053669,-0.014683,0.2007125600604008
165,29,44.938035,-93.167136,2025-03-28T02:39:50Z,-0.077351,Snelling Avenue South R,-0.041344,-0.039805,0.09631688098147698
166,30,44.937911,-93.167136,2025-03-28T02:39:51Z,-0.083775,Snelling Avenue South R,-0.301312,0.003071,0.31275645958157283
167,31,44.937789,-93.167136,2025-03-28T02:39:52Z,-0.256725,Snelling Avenue South R,0.019682,0.070081,0.266845373409396
168,32,44.937666,-93.167136,2025-03-28T02:39:53Z,0.080276,Snelling Avenue South R,-0.145964,-0.044616,0.17245379940146288
169,33,44.937539,-93.167137,2025-03-28T02:39:54Z,0.195396,Snelling Avenue South R,0.011085,-0.132044,0.23608916107479394
170,34,44.937411,-93.167137,2025-03-28T02:39:55Z,-0.037193,Snelling Avenue South R,0.032081,-0.106594,0.11736605406164083
171,35,44.937282,-93.167139,2025-03-28T02:39:56Z,-0.21845,Snelling Avenue South R,0.034118,-0.0627,0.22981673225420293
172,36,44.937152,-93.16714,2025-03-28T02:39:57Z,-0.044184,Snelling Avenue South R,-0.027889,-0.126697,0.13704799154310873
173,37,44.937021,-93.167141,2025-03-28T02:39:58Z,0.133904,Snelling Avenue South R,-0.113094,0.03265,0.1782878474602237
174,38,44.936887,-93.16714,2025-03-28T02:39:59Z,0.040802,Snelling Avenue South R,0.136173,-0.061725,0.15497698138110702
175,39,44.936753,-93.167138,2025-03-28T02:40:00Z,0.066366,Snelling Avenue South R,-0.027522,0.02468,0.07596715632429582
176,40,44.936615,-93.167139,2025-03-28T02:40:01Z,-0.020082,Snelling Avenue South R,-0.001261,-0.049412,0.053351875215403625
177,41,44.936478,-93.167141,2025-03-28T02:40:02Z,-0.331519,Snelling Avenue South R,-0.113702,0.095474,0.36324685386249395
178,42,44.936344,-93.167141,2025-03-28T02:40:03Z,-0.224755,Snelling Avenue South R,-0.06419,-0.002193,0.23375195266350185
179,43,44.936211,-93.167139,2025-03-28T02:40:04Z,-0.031564,Snelling Avenue South R,-0.003759,-0.072645,0.079295095699545
180,44,44.936076,-93.16714,2025-03-28T02:40:05Z,-0.122155,Snelling Avenue South R,0.086697,-0.03343,0.1534789195101399
181,45,44.935943,-93.16714,2025-03-28T02:40:06Z,0.083268,Snelling Avenue South R,-0.181644,0.025593,0.2014524862318656
182,46,44.935807,-93.167142,2025-03-28T02:40:07Z,-0.081019,Snelling Avenue South R,0.017297,0.002997,0.0828990143427532
183,47,44.935671,-93.167142,2025-03-28T02:40:08Z,-0.307341,Snelling Avenue South R,-0.090632,0.028556,0.32169565561412233
184,48,44.935541,-93.167142,2025-03-28T02:40:09Z,-0.410467,Snelling Avenue South R,-0.071209,0.018622,0.4170139789671325
185,49,44.935411,-93.167142,2025-03-28T02:40:10Z,-0.370045,Snelling Avenue South R,-0.094117,0.051986,0.3853490053315306
186,50,44.935285,-93.167142,2025-03-28T02:40:11Z,-0.307868,Snelling Avenue South R,-0.122322,0.061737,0.33698194948246113
187,51,44.935163,-93.167142,2025-03-28T02:40:12Z,-0.297104,Snelling Avenue South R,6.39e-4,0.052041,0.30162801729613914
188,52,44.935043,-93.167144,2025-03-28T02:40:13Z,-0.253042,Snelling Avenue South R,-0.105272,0.061122,0.2807994776205967
189,53,44.934925,-93.167146,2025-03-28T02:40:14Z,-0.56218,Snelling Avenue South R,-0.18036,0.03706,0.5915653181179573
190,54,44.934816,-93.167147,2025-03-28T02:40:15Z,-0.74746,Snelling Avenue South R,-0.159323,0.126847,0.7747066743858607
191,55,44.934707,-93.16715,2025-03-28T02:40:16Z,-0.91605,Snelling Avenue South R,-0.265993,0.136973,0.9636708365816619
192,56,44.934617,-93.167151,2025-03-28T02:40:17Z,-0.824063,Snelling Avenue South R,-0.154123,0.103618,0.8447309731636458
193,57,44.934535,-93.167138,2025-03-28T02:40:18Z,-0.822523,Snelling Avenue South R,-0.144625,0.164611,0.8512092912292487
194,58,44.934466,-93.167138,2025-03-28T02:40:19Z,-1.213647,Snelling Avenue South R,-0.301735,0.165499,1.2614963217683195
195,1,44.941199,-93.167066,2025-03-28T02:46:18Z,0.437563,Snelling Avenue South L,0.055221,1.211106,1.288909803301224
196,2,44.941147,-93.167065,2025-03-28T02:46:19Z,0.643283,Snelling Avenue South L,0.157826,0.136988,0.6763784269985258
197,3,44.941089,-93.167065,2025-03-28T02:46:20Z,0.525234,Snelling Avenue South L,0.127632,-0.152082,0.5615065599830513
198,4,44.941023,-93.167064,2025-03-28T02:46:22Z,0.402016,Snelling Avenue South L,0.089516,-0.356505,0.5447254294936119
199,5,44.940951,-93.167067,2025-03-28T02:46:23Z,0.10679,Snelling Avenue South L,0.062731,-0.22562,0.25737845065389603
200,6,44.940874,-93.167067,2025-03-28T02:46:24Z,-0.268068,Snelling Avenue South L,-0.075675,-0.214197,0.35137944313519537
201,7,44.940793,-93.167067,2025-03-28T02:46:25Z,-0.338956,Snelling Avenue South L,-0.075632,-0.154824,0.38023918832229797
202,8,44.940713,-93.167065,2025-03-28T02:46:26Z,-0.753278,Snelling Avenue South L,-0.145996,-0.088314,0.7723612755025979
203,9,44.940637,-93.167066,2025-03-28T02:46:27Z,-0.837542,Snelling Avenue South L,-0.190946,-0.066636,0.8616132155300312
204,10,44.940564,-93.167066,2025-03-28T02:46:28Z,-0.74378,Snelling Avenue South L,-0.179753,-0.024877,0.7655969530621187
205,11,44.940492,-93.167067,2025-03-28T02:46:29Z,-0.802444,Snelling Avenue South L,-0.165213,-0.074924,0.8226939371850263
206,12,44.940423,-93.167061,2025-03-28T02:46:30Z,-1.15137,Snelling Avenue South L,-0.259819,0.115457,1.1859549352778966
207,13,44.940368,-93.167065,2025-03-28T02:46:31Z,-1.310924,Snelling Avenue South L,-0.302209,0.127746,1.351358965624234
208,14,44.940319,-93.167066,2025-03-28T02:46:32Z,-1.45733,Snelling Avenue South L,-0.356493,0.137412,1.5065789211631098
209,15,44.940283,-93.167068,2025-03-28T02:46:33Z,-1.486207,Snelling Avenue South L,-0.334043,0.161888,1.5318628193288066
210,16,44.940259,-93.167072,2025-03-28T02:46:34Z,-1.224641,Snelling Avenue South L,-0.28649,0.141739,1.265666639799754
211,17,44.940246,-93.167072,2025-03-28T02:46:35Z,-0.744753,Snelling Avenue South L,-0.171944,0.031911,0.7650098574959672
212,18,44.940244,-93.167075,2025-03-28T02:46:36Z,-0.126826,Snelling Avenue South L,-0.028921,-0.068028,0.14679600573925708
213,19,44.940246,-93.167075,2025-03-28T02:46:37Z,0.311024,Snelling Avenue South L,0.070985,-0.139513,0.34819344619047615
214,20,44.94025,-93.16707,2025-03-28T02:46:38Z,0.306434,Snelling Avenue South L,0.071996,-0.140834,0.344846974653976
215,21,44.94025,-93.167068,2025-03-28T02:46:39Z,0.30786,Snelling Avenue South L,0.071223,-0.124863,0.33976648465968506
216,22,44.940247,-93.167069,2025-03-28T02:46:40Z,0.294868,Snelling Avenue South L,0.069531,-0.122672,0.32684876773364163
217,23,44.940245,-93.16707,2025-03-28T02:46:41Z,0.268576,Snelling Avenue South L,0.061756,-0.110104,0.2967655002320856
218,24,44.940246,-93.167068,2025-03-28T02:46:42Z,0.250522,Snelling Avenue South L,0.055813,-0.100091,0.2754896944243106
219,25,44.940245,-93.167068,2025-03-28T02:46:43Z,0.226415,Snelling Avenue South L,0.051778,-0.099295,0.25259495350065886
220,26,44.940245,-93.167068,2025-03-28T02:46:44Z,0.463435,Snelling Avenue South L,0.104869,-0.134346,0.49377966149083136
221,27,44.940238,-93.167073,2025-03-28T02:46:45Z,1.015381,Snelling Avenue South L,0.224889,-0.247185,1.068959335852866
222,28,44.940225,-93.167073,2025-03-28T02:46:46Z,1.564579,Snelling Avenue South L,0.349117,-0.360694,1.6431342880501276
223,29,44.940198,-93.167074,2025-03-28T02:46:47Z,1.287957,Snelling Avenue South L,0.271911,-0.301551,1.3504450493711322
224,30,44.940157,-93.167076,2025-03-28T02:46:48Z,1.016017,Snelling Avenue South L,0.217977,-0.228609,1.063986180219931
225,31,44.940109,-93.167072,2025-03-28T02:46:49Z,0.75073,Snelling Avenue South L,0.15784,-0.212201,0.7959511686661438
226,32,44.94005,-93.167071000000007,2025-03-28T02:46:50Z,0.750052,Snelling Avenue South L,0.126332,-0.117721,0.7696726646886974
227,33,44.939982,-93.167072,2025-03-28T02:46:51Z,0.646424,Snelling Avenue South L,0.208605,-0.105843,0.6874465611594839
228,34,44.939908,-93.167071000000007,2025-03-28T02:46:52Z,0.686447,Snelling Avenue South L,0.140423,-0.018716,0.7009125419009137
229,35,44.939825,-93.167072,2025-03-28T02:46:53Z,0.510095,Snelling Avenue South L,0.154125,-0.103076,0.5427486401880708
230,36,44.939733,-93.167075,2025-03-28T02:46:54Z,0.350104,Snelling Avenue South L,0.098287,-0.1285,0.38567524575087786
231,37,44.939635,-93.167076,2025-03-28T02:46:55Z,0.145047,Snelling Avenue South L,0.021737,-0.15745,0.2151781398702015
232,38,44.939532,-93.167075,2025-03-28T02:46:56Z,0.162624,Snelling Avenue South L,0.104333,-0.049346,0.1994165689730921
233,39,44.939423,-93.167077,2025-03-28T02:46:57Z,0.162502,Snelling Avenue South L,0.030428,-0.070494,0.17972803683343344
234,40,44.939306,-93.167079,2025-03-28T02:46:58Z,0.091275,Snelling Avenue South L,0.008699,-0.155777,0.1807574948791889
235,41,44.939186,-93.167078,2025-03-28T02:46:59Z,-0.024474,Snelling Avenue South L,-0.015747,0.017004,0.03370579625227685
236,42,44.939063,-93.167076,2025-03-28T02:47:00Z,-0.163865,Snelling Avenue South L,-0.012077,0.040299,0.16917919953410349
237,43,44.938933,-93.167078,2025-03-28T02:47:01Z,-0.329827,Snelling Avenue South L,-0.055274,-0.118692,0.3548645598943349
238,44,44.938805,-93.167076,2025-03-28T02:47:02Z,-0.469352,Snelling Avenue South L,-0.13269,0.124915,0.5034895165035712
239,45,44.938677,-93.167076,2025-03-28T02:47:03Z,-0.451353,Snelling Avenue South L,-0.077302,0.118505,0.4730101107143483
240,46,44.938548,-93.16708,2025-03-28T02:47:04Z,-0.398441,Snelling Avenue South L,-0.095347,0.006752,0.40974610479417617
241,47,44.938415,-93.167082,2025-03-28T02:47:05Z,-0.377597,Snelling Avenue South L,-0.076303,1.9e-5,0.38522933764058004
242,48,44.938282,-93.167082,2025-03-28T02:47:06Z,-0.340252,Snelling Avenue South L,-0.0932,0.03719,0.35474041157443564
243,49,44.93815,-93.167082,2025-03-28T02:47:07Z,-0.38311,Snelling Avenue South L,-0.053629,0.101192,0.3998614292539355
244,50,44.938019,-93.167078,2025-03-28T02:47:08Z,-0.307432,Snelling Avenue South L,-0.195435,0.088541,0.37489836293320883
245,51,44.937885,-93.167079,2025-03-28T02:47:09Z,-0.279052,Snelling Avenue South L,-0.221845,-0.026674,0.3574866780804566
246,52,44.93775,-93.167079,2025-03-28T02:47:10Z,-0.190853,Snelling Avenue South L,-0.145083,0.032425,0.24192008003264218
247,53,44.937615,-93.167081,2025-03-28T02:47:11Z,-0.280337,Snelling Avenue South L,-0.0493,-0.02198,0.2854863288653241
248,54,44.937479,-93.167084,2025-03-28T02:47:12Z,-0.231793,Snelling Avenue South L,-0.063074,0.083909,0.25445440575081424
249,55,44.937344,-93.167084,2025-03-28T02:47:13Z,-0.250877,Snelling Avenue South L,-0.065253,0.09185,0.2750157188925753
250,56,44.93721,-93.167084,2025-03-28T02:47:14Z,-0.252331,Snelling Avenue South L,-0.076296,-0.01027,0.26381335462216465
251,57,44.937071,-93.167089,2025-03-28T02:47:15Z,-0.333773,Snelling Avenue South L,-0.006254,0.008578,0.3339417765554349
252,58,44.936932,-93.167094,2025-03-28T02:47:16Z,-0.150614,Snelling Avenue South L,-0.069472,-0.044985,0.17185629463304508
253,59,44.936795,-93.167092,2025-03-28T02:47:17Z,-0.154125,Snelling Avenue South L,-0.004204,-0.016994,0.15511603810373706
254,60,44.936658,-93.167092,2025-03-28T02:47:18Z,-0.119206,Snelling Avenue South L,-0.029622,-0.013172,0.12353556129309488
255,61,44.936517,-93.167092,2025-03-28T02:47:19Z,-0.121051,Snelling Avenue South L,-0.034118,-0.010028,0.126166331915452
256,62,44.936376,-93.167094,2025-03-28T02:47:20Z,-0.141983,Snelling Avenue South L,-0.05784,0.106747,0.18681423901298316
257,63,44.936237,-93.167095,2025-03-28T02:47:21Z,-0.37046,Snelling Avenue South L,-0.132195,0.146064,0.4195841056582101
258,64,44.936101,-93.167097,2025-03-28T02:47:22Z,-0.333956,Snelling Avenue South L,-0.018918,0.13903,0.36223451182900834
259,65,44.935967,-93.1671,2025-03-28T02:47:23Z,-0.119706,Snelling Avenue South L,-0.058284,-0.066497,0.14882339231787456
260,66,44.935834,-93.167099,2025-03-28T02:47:24Z,-0.053065,Snelling Avenue South L,0.00286,-0.079504,0.09562928338641884
261,67,44.935699,-93.1671,2025-03-28T02:47:25Z,-0.033346,Snelling Avenue South L,-0.044634,-0.111192,0.12436965279359752
262,68,44.935564,-93.167099,2025-03-28T02:47:26Z,-0.074586,Snelling Avenue South L,0.013955,-0.030914,0.08193588235321568
263,69,44.93543,-93.167098,2025-03-28T02:47:27Z,-0.411895,Snelling Avenue South L,-0.093794,0.143444,0.44612889011697054
264,70,44.9353,-93.167098,2025-03-28T02:47:28Z,-0.207413,Snelling Avenue South L,-0.055674,0.043209,0.21905881522093557
265,71,44.935171,-93.167097,2025-03-28T02:47:29Z,-0.235311,Snelling Avenue South L,-0.042423,-0.014541,0.23954627596980085
266,72,44.935044,-93.167098,2025-03-28T02:47:30Z,-0.345647,Snelling Avenue South L,-0.074190999999999993,-0.026617,0.35452026427131067
267,73,44.934918,-93.167098,2025-03-28T02:47:31Z,-0.583753,Snelling Avenue South L,-0.105467,-0.002873,0.5932108455068905
268,74,44.934799,-93.1671,2025-03-28T02:47:32Z,-1.015049,Snelling Avenue South L,-0.260659,-0.452214,1.1413873525135978
269,75,44.93469,-93.167088,2025-03-28T02:47:33Z,-1.170087,Snelling Avenue South L,-0.277455,-0.450707,1.2842202554246684
270,76,44.934594,-93.167066,2025-03-28T02:47:34Z,-1.514697,Snelling Avenue South L,-0.335072,0.421013,1.6074303074043366
271,77,44.934514,-93.167052,2025-03-28T02:47:35Z,-1.605363,Snelling Avenue South L,-0.374767,0.847872,1.8537873649483105
272,78,44.93445,-93.167048,2025-03-28T02:47:36Z,-0.698473,Snelling Avenue South L,-0.160833,0.476381,0.8606222416246282
273,1,44.934379,-93.16699,2025-03-28T02:50:54Z,0.668766,Snelling Avenue North R,0.114764,0.222641,0.7141342684208621
274,2,44.93444,-93.166988,2025-03-28T02:50:55Z,0.522308,Snelling Avenue North R,0.088338,-0.22169,0.5742435939633981
275,3,44.934507,-93.16699,2025-03-28T02:50:56Z,0.645256,Snelling Avenue North R,0.20099,-0.310064,0.7435670579927544
276,4,44.93458,-93.166988,2025-03-28T02:50:57Z,0.532183,Snelling Avenue North R,0.12994,-0.366009,0.6588366543916633
277,5,44.934663,-93.166983,2025-03-28T02:50:58Z,0.288284,Snelling Avenue North R,0.096745,-0.304908,0.43062297679640826
278,6,44.934758,-93.166981,2025-03-28T02:50:59Z,0.009884,Snelling Avenue North R,-0.002149,-0.227676,0.22790057620155327
279,7,44.934858,-93.16698,2025-03-28T02:51:00Z,0.028565,Snelling Avenue North R,-0.024323,-0.146653,0.15137592266605676
280,8,44.934959,-93.166983,2025-03-28T02:51:01Z,-0.260071,Snelling Avenue North R,0.034193,-0.186626,0.32192444791596675
281,9,44.935065,-93.166983,2025-03-28T02:51:02Z,-0.36646,Snelling Avenue North R,-0.191482,-0.085701,0.4222593389434981
282,10,44.935174,-93.166983,2025-03-28T02:51:03Z,-0.396032,Snelling Avenue North R,0.010896,-0.04778,0.399052623396965
283,11,44.935285,-93.166983,2025-03-28T02:51:04Z,-0.471648,Snelling Avenue North R,-0.096633,-0.09728,0.4911752955849877
284,12,44.935395,-93.166984,2025-03-28T02:51:05Z,-0.420257,Snelling Avenue North R,-0.081009,-0.165835,0.45899853088544845
285,13,44.93551,-93.166981,2025-03-28T02:51:06Z,-0.410838,Snelling Avenue North R,-0.08771,-0.160078,0.4495618671862639
286,14,44.935625,-93.16698,2025-03-28T02:51:07Z,-0.408201,Snelling Avenue North R,-0.113447,-0.024976,0.42440791555530627
287,15,44.935742,-93.16698,2025-03-28T02:51:08Z,-0.433904,Snelling Avenue North R,0.02019,0.047049,0.4369140942073167
288,16,44.935859,-93.166981,2025-03-28T02:51:09Z,-0.425431,Snelling Avenue North R,-0.196629,-0.065141,0.4731784539505154
289,17,44.935974,-93.166982,2025-03-28T02:51:10Z,-0.287071,Snelling Avenue North R,0.002309,-0.1151,0.30929452067891533
290,18,44.936091,-93.166984,2025-03-28T02:51:11Z,-0.184348,Snelling Avenue North R,-0.220925,0.07338,0.2969455592006724
291,19,44.936209,-93.166981,2025-03-28T02:51:12Z,-0.158354,Snelling Avenue North R,0.10786,-0.038261,0.19538084101825337
292,20,44.936329,-93.166981,2025-03-28T02:51:13Z,-0.00302,Snelling Avenue North R,-1.65e-4,-0.120636,0.1206739082030577
293,21,44.936452,-93.166979,2025-03-28T02:51:14Z,-0.188199,Snelling Avenue North R,-0.051291,-0.031378,0.1975707700192516
294,22,44.936579,-93.166978,2025-03-28T02:51:15Z,-0.193236,Snelling Avenue North R,-0.018474,0.072097,0.2070734598662996
295,23,44.936704,-93.166978,2025-03-28T02:51:16Z,-0.262808,Snelling Avenue North R,-0.004432,0.024267,0.263963207241085
296,24,44.936828,-93.166978,2025-03-28T02:51:17Z,-0.099838,Snelling Avenue North R,-0.045263,-0.112652,0.15718409117019444
297,25,44.936954,-93.166979,2025-03-28T02:51:18Z,-0.15669,Snelling Avenue North R,-0.131621,0.010122,0.2048860625445274
298,26,44.937082,-93.166977,2025-03-28T02:51:19Z,-0.291963,Snelling Avenue North R,-0.00255,-0.02095,0.2927247826354987
299,27,44.93721,-93.166976,2025-03-28T02:51:20Z,-0.11522,Snelling Avenue North R,-0.035474,-0.050222,0.1305997793260004
300,28,44.937342,-93.166973,2025-03-28T02:51:21Z,-0.194741,Snelling Avenue North R,0.028002,-0.021537,0.19791920435874838
301,29,44.937471,-93.166977,2025-03-28T02:51:22Z,-0.261832,Snelling Avenue North R,-0.141161,0.056919,0.302856726367436
302,30,44.937599,-93.16698,2025-03-28T02:51:23Z,-0.230738,Snelling Avenue North R,-0.007022,0.073602,0.2422944232375149
303,31,44.937724,-93.166979,2025-03-28T02:51:24Z,-0.165888,Snelling Avenue North R,-0.122733,-0.048467,0.21196996938717522
304,32,44.937852,-93.166978,2025-03-28T02:51:25Z,-0.150073,Snelling Avenue North R,-0.251315,0.075504,0.3022945394313301
305,33,44.93798,-93.166977,2025-03-28T02:51:26Z,0.029492,Snelling Avenue North R,-0.190677,0.036234,0.19631708827557526
306,34,44.938106,-93.166977,2025-03-28T02:51:27Z,-0.034072,Snelling Avenue North R,0.063861,-0.032098,0.07917960664842937
307,35,44.938234,-93.166977,2025-03-28T02:51:28Z,-0.089496,Snelling Avenue North R,-0.031229,-0.088739,0.12984373137737532
308,36,44.938364,-93.166976,2025-03-28T02:51:29Z,-0.02957,Snelling Avenue North R,-0.101336,-0.0039,0.10563417910884715
309,37,44.938493,-93.166975,2025-03-28T02:51:30Z,-0.114785,Snelling Avenue North R,0.056676,-0.078282,0.1500527797976432
310,38,44.938623,-93.166974,2025-03-28T02:51:31Z,-0.155665,Snelling Avenue North R,-0.041716,0.028462,0.16365177153028318
311,39,44.938756,-93.166974,2025-03-28T02:51:32Z,-0.361638,Snelling Avenue North R,-0.013115,0.060481,0.3668950771405907
312,40,44.938884,-93.166973,2025-03-28T02:51:33Z,-0.513982,Snelling Avenue North R,-0.13583,0.126782,0.5465354158222503
313,41,44.93901,-93.166975,2025-03-28T02:51:34Z,-0.490733,Snelling Avenue North R,-0.274524,0.162981,0.5854443698815456
314,42,44.939131,-93.166975,2025-03-28T02:51:35Z,-0.840042,Snelling Avenue North R,-0.197043,0.201811,0.8861287634051837
315,43,44.939241,-93.166974,2025-03-28T02:51:36Z,-0.854418,Snelling Avenue North R,-0.192473,0.137385,0.886538556791525
316,44,44.939346,-93.166971,2025-03-28T02:51:37Z,-0.698365,Snelling Avenue North R,-0.190641,0.090771,0.7295868958163928
317,45,44.939443,-93.166969,2025-03-28T02:51:38Z,-0.590139,Snelling Avenue North R,-0.086154,0.063974,0.5998159915449071
318,46,44.939536,-93.166969,2025-03-28T02:51:39Z,-0.60318,Snelling Avenue North R,-0.201773,0.130991,0.6493820893818986
319,47,44.939619,-93.16697,2025-03-28T02:51:40Z,-0.722376,Snelling Avenue North R,-0.146084,0.173868,0.7572302832401778
320,48,44.939696,-93.166969,2025-03-28T02:51:41Z,-0.823095,Snelling Avenue North R,-0.189328,0.175275,0.8625843705018078
321,49,44.939761,-93.166969,2025-03-28T02:51:42Z,-0.864722,Snelling Avenue North R,-0.208205,0.198862,0.911394291376131
322,50,44.939814,-93.166968,2025-03-28T02:51:43Z,-0.654682,Snelling Avenue North R,-0.131492,0.105621,0.6760580321459098
323,51,44.939857,-93.166965,2025-03-28T02:51:44Z,-0.561615,Snelling Avenue North R,-0.102469,0.085814,0.5773000491789343
324,52,44.939891,-93.166964,2025-03-28T02:51:45Z,-0.555188,Snelling Avenue North R,-0.120488,0.096484,0.5762466795947722
325,53,44.939916,-93.166963,2025-03-28T02:51:46Z,-0.331159,Snelling Avenue North R,-0.051767,0.047326,0.3385053261708004
326,54,44.939932,-93.166962,2025-03-28T02:51:47Z,-0.039937,Snelling Avenue North R,0.010527,-0.007079,0.04190338815656796
327,55,44.939942,-93.16696,2025-03-28T02:51:48Z,0.066399,Snelling Avenue North R,0.038341,-0.022401,0.0798790603537623
328,56,44.939946,-93.16696,2025-03-28T02:51:49Z,0.240387,Snelling Avenue North R,0.07507,-0.057601,0.25833948569663134
329,57,44.939947,-93.16696,2025-03-28T02:51:50Z,0.454042,Snelling Avenue North R,0.126045,-0.100333,0.48177607939581224
330,58,44.939948,-93.166959,2025-03-28T02:51:51Z,0.447012,Snelling Avenue North R,0.121958,-0.088524,0.4717308347818701
331,59,44.939948,-93.166958,2025-03-28T02:51:52Z,0.452699,Snelling Avenue North R,0.123036,-0.096542,0.4789515629591369
332,60,44.939949,-93.166957,2025-03-28T02:51:53Z,0.450683,Snelling Avenue North R,0.121801,-0.097191,0.47686134312921613
333,61,44.939951,-93.166957,2025-03-28T02:51:54Z,0.437022,Snelling Avenue North R,0.116206,-0.09033,0.4611415962803616
334,62,44.939952,-93.166957,2025-03-28T02:51:55Z,0.413118,Snelling Avenue North R,0.110904,-0.087623,0.43662795291758405
335,63,44.939954,-93.166957,2025-03-28T02:51:56Z,0.38129,Snelling Avenue North R,0.101672,-0.080995,0.4028392355630221
336,64,44.939955,-93.166957,2025-03-28T02:51:57Z,0.351253,Snelling Avenue North R,0.092719,-0.079794,0.371944304172009
337,65,44.939957,-93.166958,2025-03-28T02:51:58Z,0.319399,Snelling Avenue North R,0.083512,-0.06919,0.33730880724493395
338,66,44.939957,-93.166958,2025-03-28T02:51:59Z,0.28513,Snelling Avenue North R,0.073207,-0.061233,0.3006790016579142
339,67,44.939957,-93.166958,2025-03-28T02:52:00Z,0.253199,Snelling Avenue North R,0.065644,-0.058606,0.26805509055602733
340,68,44.939957,-93.166958,2025-03-28T02:52:01Z,0.224733,Snelling Avenue North R,0.057567,-0.056534,0.2387780851208921
341,69,44.939957,-93.166958,2025-03-28T02:52:02Z,0.199944,Snelling Avenue North R,0.051096,-0.047941,0.21186491883509173
342,70,44.939957,-93.166958,2025-03-28T02:52:03Z,0.179871,Snelling Avenue North R,0.043378,-0.039621,0.18922222693436413
343,71,44.939957,-93.166958,2025-03-28T02:52:04Z,0.158539,Snelling Avenue North R,0.039177,-0.038961,0.1678910699560879
344,72,44.939957,-93.166958,2025-03-28T02:52:05Z,0.143036,Snelling Avenue North R,0.034701,-0.0343,0.15112890754915156
345,73,44.939957,-93.166958,2025-03-28T02:52:06Z,0.12789,Snelling Avenue North R,0.031302,-0.037547,0.13691400407920296
346,74,44.939957,-93.166958,2025-03-28T02:52:07Z,0.11595,Snelling Avenue North R,0.026588,-0.03104,0.1229422866388941
347,75,44.939957,-93.166958,2025-03-28T02:52:08Z,0.218872,Snelling Avenue North R,0.044872,-0.049472,0.22883602765299002
348,76,44.939957,-93.166958,2025-03-28T02:52:09Z,0.719366,Snelling Avenue North R,0.171825,-0.148142,0.7542925988931616
349,77,44.939966,-93.166961,2025-03-28T02:52:10Z,2.22598,Snelling Avenue North R,0.503915,-0.458585,2.327921280853371
350,78,44.939982,-93.166961,2025-03-28T02:52:11Z,1.36772,Snelling Avenue North R,0.340162,-0.275806,1.4361187744333683
351,79,44.940019,-93.16696,2025-03-28T02:52:12Z,0.897457,Snelling Avenue North R,0.21777,-0.29849,0.9705406327655736
352,80,44.940067,-93.16696,2025-03-28T02:52:13Z,0.957804,Snelling Avenue North R,0.177564,-0.148795,0.9854224619608587
353,81,44.940124,-93.166958,2025-03-28T02:52:14Z,0.868515,Snelling Avenue North R,-0.063638,-0.153754,0.8843123841635376
354,82,44.940192,-93.166959,2025-03-28T02:52:15Z,0.869792,Snelling Avenue North R,0.280841,-0.129807,0.9231790984386508
355,83,44.94027,-93.166958,2025-03-28T02:52:16Z,0.599032,Snelling Avenue North R,0.245272,-0.097868,0.6546570372584412
356,84,44.940361,-93.166957,2025-03-28T02:52:17Z,0.260037,Snelling Avenue North R,0.099285,-0.052159,0.2831913026118564
357,85,44.940462,-93.166955,2025-03-28T02:52:18Z,0.029909,Snelling Avenue North R,-0.021649,0.013373,0.039269130509854686
358,86,44.940568,-93.166953,2025-03-28T02:52:19Z,-0.323681,Snelling Avenue North R,-0.164548,0.088751,0.37379429378469653
359,87,44.940678,-93.166953,2025-03-28T02:52:20Z,-0.619214,Snelling Avenue North R,-0.067623,-0.163274,0.6439388534643643
360,88,44.940793,-93.166954,2025-03-28T02:52:21Z,-0.490578,Snelling Avenue North R,-0.051226,0.007085,0.49329613254616134
361,89,44.940907,-93.16696,2025-03-28T02:52:22Z,-0.506952,Snelling Avenue North R,-0.122092,0.110564,0.5330395715741937
362,90,44.941022,-93.166963,2025-03-28T02:52:23Z,-0.484991,Snelling Avenue North R,-0.121604,0.218378,0.5456122742213558
363,91,44.941135,-93.166965,2025-03-28T02:52:24Z,-0.707461,Snelling Avenue North R,0.128535,0.186778,0.7429053331549048
364,92,44.941248,-93.166965,2025-03-28T02:52:25Z,-0.565553,Snelling Avenue North R,-0.637184,0.15058,0.8651751164157462
365,93,44.94136,-93.166964,2025-03-28T02:52:26Z,-1.177875,Snelling Avenue North R,0.970017,0.127597,1.5312098126393392
366,1,44.934445,-93.166993,2025-03-28T02:31:18Z,0.830835,Snelling Avenue North L,0.193222,-0.120829,0.8615225973530816
367,2,44.934517,-93.166995,2025-03-28T02:31:19Z,0.870978,Snelling Avenue North L,0.218933,-0.158766,0.9119983430516746
368,3,44.934598,-93.166995,2025-03-28T02:31:20Z,0.547153,Snelling Avenue North L,0.179241,-0.04605,0.5776022368291176
369,4,44.934688,-93.166994,2025-03-28T02:31:21Z,0.163838,Snelling Avenue North L,0.021534,0.034429,0.1687956144009672
370,5,44.934783,-93.166994,2025-03-28T02:31:22Z,0.139282,Snelling Avenue North L,0.05201,0.053252,0.15792495410162383
371,6,44.934882,-93.166993,2025-03-28T02:31:23Z,0.122677,Snelling Avenue North L,0.044446,0.024013,0.13267146420387466
372,7,44.934986,-93.166993,2025-03-28T02:31:24Z,0.053097,Snelling Avenue North L,0.050381,0.045027,0.08593583245073036
373,8,44.935094,-93.166992,2025-03-28T02:31:25Z,0.002626,Snelling Avenue North L,-0.062376,0.022746,0.06644578066363582
374,9,44.935205,-93.166993,2025-03-28T02:31:26Z,-0.261634,Snelling Avenue North L,-0.073189,0.152566,0.31158524360598333
375,10,44.935319,-93.166993,2025-03-28T02:31:27Z,-0.43871,Snelling Avenue North L,0.008031,0.11706,0.4541299424845272
376,11,44.935434,-93.166994,2025-03-28T02:31:28Z,-0.380604,Snelling Avenue North L,-0.112924,0.150196,0.4244644543515982
377,12,44.93555,-93.166994,2025-03-28T02:31:29Z,-0.273394,Snelling Avenue North L,-0.104181,0.1404,0.32451520765135183
378,13,44.935668,-93.166995,2025-03-28T02:31:30Z,-0.231655,Snelling Avenue North L,-0.10888,0.109848,0.2785416962126137
379,14,44.935787,-93.166995,2025-03-28T02:31:31Z,-0.249427,Snelling Avenue North L,0.086718,0.076676,0.2749782697396287
380,15,44.935907,-93.166995,2025-03-28T02:31:32Z,-0.27124,Snelling Avenue North L,-0.114909,0.059076,0.3004416576591868
381,16,44.936029,-93.166995,2025-03-28T02:31:33Z,-0.295842,Snelling Avenue North L,-0.112623,0.036159,0.3186124642477127
382,17,44.936151,-93.166997,2025-03-28T02:31:34Z,-0.424114,Snelling Avenue North L,-0.051026,0.215529,0.47846534619865627
383,18,44.936273,-93.166999,2025-03-28T02:31:35Z,-0.410155,Snelling Avenue North L,-0.137942,0.181903,0.4694079470971918
384,19,44.936396,-93.166998,2025-03-28T02:31:36Z,-0.28865,Snelling Avenue North L,-0.08507,0.081998,0.31189645622225337
385,20,44.936517,-93.166999,2025-03-28T02:31:37Z,-0.250193,Snelling Avenue North L,-0.0482,0.14118,0.2912929275643334
386,21,44.936637,-93.167,2025-03-28T02:31:38Z,-0.202494,Snelling Avenue North L,-0.050584,0.08044,0.22368092160933173
387,22,44.936757,-93.167001,2025-03-28T02:31:39Z,-0.070043,Snelling Avenue North L,0.004766,0.057652,0.09084321498604064
388,23,44.93688,-93.167002,2025-03-28T02:31:40Z,0.036429,Snelling Avenue North L,0.029563,-0.029146,0.055231624328820894
389,24,44.937005,-93.167002,2025-03-28T02:31:41Z,-0.055009,Snelling Avenue North L,-0.042768,0.033298,0.07722595877682581
390,25,44.937135,-93.167002,2025-03-28T02:31:42Z,-0.189007,Snelling Avenue North L,-0.056688,0.040755,0.20148981467558108
391,26,44.937261,-93.167003,2025-03-28T02:31:43Z,-0.081748,Snelling Avenue North L,0.003823,0.053844,0.09796186589178464
392,27,44.93739,-93.167004,2025-03-28T02:31:44Z,-0.173152,Snelling Avenue North L,-0.055272,0.007186,0.18190175283377563
393,28,44.93752,-93.167002,2025-03-28T02:31:45Z,-0.184258,Snelling Avenue North L,-0.001636,0.040444,0.18865154172706886
394,29,44.937648,-93.167005,2025-03-28T02:31:46Z,-0.321282,Snelling Avenue North L,-0.09719,0.116503,0.3553040509662112
395,30,44.937777,-93.167003,2025-03-28T02:31:47Z,-0.277177,Snelling Avenue North L,-0.144252,0.093531,0.3261652599434833
396,31,44.937902,-93.167002,2025-03-28T02:31:48Z,-0.181227,Snelling Avenue North L,-0.281835,-0.02866,0.3362968753259536
397,32,44.938029,-93.167001,2025-03-28T02:31:49Z,-0.088463,Snelling Avenue North L,-0.127216,0.018307,0.15602807207038097
398,33,44.938159,-93.167001,2025-03-28T02:31:50Z,0.084341,Snelling Avenue North L,0.042722,0.00302,0.09459225108326791
399,34,44.938287,-93.167003,2025-03-28T02:31:51Z,0.27953,Snelling Avenue North L,0.093759,0.002275,0.2948439360170055
400,35,44.938419,-93.167002,2025-03-28T02:31:52Z,-0.032708,Snelling Avenue North L,-0.024799,0.036244,0.05475793276777347
401,36,44.938553,-93.167001,2025-03-28T02:31:54Z,-0.241573,Snelling Avenue North L,-0.108228,0.163378,0.31106781446655646
402,37,44.938684,-93.166998,2025-03-28T02:31:55Z,-0.441892,Snelling Avenue North L,-0.093545,0.103779,0.46345365197611726
403,38,44.938813,-93.166996,2025-03-28T02:31:56Z,-0.23344,Snelling Avenue North L,-0.052847,-0.03755,0.24227472321519636
404,39,44.938937,-93.166994,2025-03-28T02:31:57Z,-0.274076,Snelling Avenue North L,-0.049188,-0.055829,0.28399646188112976
405,40,44.93907,-93.166993,2025-03-28T02:31:58Z,-0.332663,Snelling Avenue North L,-0.178623,0.035946,0.3792927136315698
406,41,44.939193,-93.166995,2025-03-28T02:31:59Z,-0.339902,Snelling Avenue North L,-0.068744,0.074951,0.35479114918639104
407,42,44.939316,-93.166998,2025-03-28T02:32:00Z,-0.375663,Snelling Avenue North L,-0.135089,0.107031,0.4133126691150418
408,43,44.939438,-93.166997,2025-03-28T02:32:01Z,-1.01656,Snelling Avenue North L,-0.278357,0.233203,1.0794723212097657
409,44,44.939549,-93.166997,2025-03-28T02:32:02Z,-1.525579,Snelling Avenue North L,-0.376895,0.341809,1.608189826714185
410,45,44.939646,-93.166997,2025-03-28T02:32:03Z,-1.436444,Snelling Avenue North L,-0.335043,0.295471,1.5043032569352497
411,46,44.93973,-93.166998,2025-03-28T02:32:04Z,-1.455516,Snelling Avenue North L,-0.366206,0.294129,1.5294265361020125
412,47,44.939792,-93.166998,2025-03-28T02:32:05Z,-1.524401,Snelling Avenue North L,-0.405748,0.28892,1.6037158771755675
413,48,44.939845,-93.166998,2025-03-28T02:32:06Z,-1.303175,Snelling Avenue North L,-0.294567,0.241895,1.3577731729339035
414,49,44.93988,-93.166998,2025-03-28T02:32:07Z,-1.171776,Snelling Avenue North L,-0.286224,0.227897,1.2275667863546162
415,50,44.939904,-93.166998,2025-03-28T02:32:08Z,-0.592367,Snelling Avenue North L,-0.141831,0.122878,0.6213804777541695
416,51,44.939912,-93.166996,2025-03-28T02:32:09Z,-0.198348,Snelling Avenue North L,-0.048335,0.042982,0.208628027007399
417,52,44.939921,-93.166997,2025-03-28T02:32:10Z,-0.113093,Snelling Avenue North L,-0.018088,0.02325,0.11686644040527631
418,53,44.939924,-93.166998,2025-03-28T02:32:11Z,0.085379,Snelling Avenue North L,0.031428,-0.007524,0.0912902152533337
419,54,44.939923,-93.166998,2025-03-28T02:32:12Z,0.376456,Snelling Avenue North L,0.103037,-0.069981,0.3965262710918408
420,55,44.939924,-93.166997,2025-03-28T02:32:13Z,0.387332,Snelling Avenue North L,0.104667,-0.068247,0.40698760684079804
421,56,44.939924,-93.166997,2025-03-28T02:32:14Z,0.404686,Snelling Avenue North L,0.110404,-0.073435,0.4258550234962598
422,57,44.939924,-93.166996,2025-03-28T02:32:15Z,0.421086,Snelling Avenue North L,0.116044,-0.080121,0.4440709447520745
423,58,44.939926,-93.166997,2025-03-28T02:32:16Z,0.426665,Snelling Avenue North L,0.117902,-0.081926,0.4501730481770316
424,59,44.939923,-93.166995,2025-03-28T02:32:17Z,0.428213,Snelling Avenue North L,0.118148,-0.077131,0.45085975029270464
425,60,44.939925,-93.166996,2025-03-28T02:32:18Z,0.41412,Snelling Avenue North L,0.115315,-0.082891,0.4377942913127123
426,61,44.939926,-93.166995,2025-03-28T02:32:19Z,0.403525,Snelling Avenue North L,0.10953,-0.071957,0.42427238464693884
427,62,44.939925,-93.166995,2025-03-28T02:32:20Z,0.374544,Snelling Avenue North L,0.103301,-0.073613,0.3954404864274775
428,63,44.939925,-93.166995,2025-03-28T02:32:21Z,0.353173,Snelling Avenue North L,0.094047,-0.063116,0.3708903282562111
429,64,44.939925,-93.166995,2025-03-28T02:32:22Z,0.320702,Snelling Avenue North L,0.083719,-0.057801,0.33645148144420467
430,65,44.939925,-93.166995,2025-03-28T02:32:23Z,0.283625,Snelling Avenue North L,0.076355,-0.057582,0.2993140714600635
431,66,44.939925,-93.166995,2025-03-28T02:32:24Z,0.254237,Snelling Avenue North L,0.065722,-0.04689,0.2667480188361293
432,67,44.939925,-93.166995,2025-03-28T02:32:25Z,0.224856,Snelling Avenue North L,0.058878,-0.047031,0.23714711590276616
433,68,44.939925,-93.166995,2025-03-28T02:32:26Z,0.205649,Snelling Avenue North L,0.052958,-0.038658,0.2158483308459901
434,69,44.939925,-93.166995,2025-03-28T02:32:27Z,0.18689,Snelling Avenue North L,0.049225,-0.040466,0.1974549819098014
435,70,44.939925,-93.166995,2025-03-28T02:32:28Z,0.170813,Snelling Avenue North L,0.041167,-0.032426,0.17867078198183384
436,71,44.939925,-93.166995,2025-03-28T02:32:29Z,0.153566,Snelling Avenue North L,0.036957,-0.032359,0.16123101775402895
437,72,44.939925,-93.166995,2025-03-28T02:32:30Z,0.141491,Snelling Avenue North L,0.03324,-0.026591,0.1477554803112223
438,73,44.939925,-93.166995,2025-03-28T02:32:31Z,0.128235,Snelling Avenue North L,0.029788,-0.028054,0.1346052268115915
439,74,44.939925,-93.166995,2025-03-28T02:32:32Z,0.116831,Snelling Avenue North L,0.028716,-0.02974,0.12392965269458314
440,75,44.939925,-93.166995,2025-03-28T02:32:33Z,0.108222,Snelling Avenue North L,0.023682,-0.022476,0.11303985573239202
441,76,44.939925,-93.166995,2025-03-28T02:32:34Z,0.100555,Snelling Avenue North L,0.023499,-0.024838,0.10620940292648294
442,77,44.939925,-93.166995,2025-03-28T02:32:35Z,0.093113,Snelling Avenue North L,0.020996,-0.022867,0.09815173189506134
443,78,44.939925,-93.166995,2025-03-28T02:32:36Z,0.085829,Snelling Avenue North L,0.017748,-0.016183,0.08912630494977339
444,79,44.939925,-93.166995,2025-03-28T02:32:37Z,0.077978,Snelling Avenue North L,0.016768,-0.021166,0.08252111162605605
445,80,44.939925,-93.166995,2025-03-28T02:32:38Z,0.089751,Snelling Avenue North L,0.021208,-0.020816,0.09454272643096347
446,81,44.939925,-93.166995,2025-03-28T02:32:39Z,0.582876,Snelling Avenue North L,0.138902,-0.117817,0.610670977261078
447,82,44.939936,-93.166989,2025-03-28T02:32:40Z,1.550246,Snelling Avenue North L,0.375506,-0.302644,1.6235334327595474
448,83,44.939951,-93.166989,2025-03-28T02:32:41Z,1.480304,Snelling Avenue North L,0.355629,-0.285058,1.5488802346924697
449,84,44.939984,-93.166991,2025-03-28T02:32:42Z,1.396249,Snelling Avenue North L,0.328094,-0.259094,1.4574932739717876
450,85,44.940029,-93.166991,2025-03-28T02:32:43Z,1.129644,Snelling Avenue North L,0.31412,-0.22709,1.194293435147326
451,86,44.940088,-93.166991,2025-03-28T02:32:44Z,1.270281,Snelling Avenue North L,0.182964,-0.245886,1.3067324015470803
452,87,44.940159,-93.166992,2025-03-28T02:32:45Z,1.066102,Snelling Avenue North L,0.208643,-0.149337,1.0965431662374263
453,88,44.940244,-93.166992,2025-03-28T02:32:46Z,0.804783,Snelling Avenue North L,0.221063,-0.265752,0.8758816430100588
454,89,44.940342,-93.166992,2025-03-28T02:32:47Z,0.301416,Snelling Avenue North L,0.099408,-0.02515,0.3183803982973826
455,90,44.940446,-93.166992,2025-03-28T02:32:48Z,0.09324,Snelling Avenue North L,0.035412,0.003261,0.0997914899427802
456,91,44.940558,-93.166992,2025-03-28T02:32:49Z,-0.232435,Snelling Avenue North L,-0.112476,-0.014103,0.2586035081161893
457,92,44.940673,-93.166991,2025-03-28T02:32:50Z,-0.569883,Snelling Avenue North L,-0.120967,-0.030516,0.5833788434919457
458,93,44.940787,-93.166992,2025-03-28T02:32:51Z,-1.267241,Snelling Avenue North L,-0.277962,-0.314728,1.3349967563664715
459,94,44.940896,-93.167001,2025-03-28T02:32:52Z,-2.108162,Snelling Avenue North L,-0.652386,-0.025506,2.2069447358907746
460,95,44.940987,-93.167015,2025-03-28T02:32:53Z,-1.851587,Snelling Avenue North L,-0.343023,0.493438,1.9466690157656488
461,96,44.941071,-93.167006,2025-03-28T02:32:54Z,-1.900893,Snelling Avenue North L,-0.479243,0.494888,2.0218759069344485
462,97,44.94114,-93.167011,2025-03-28T02:32:55Z,-1.794351,Snelling Avenue North L,-0.486697,0.558813,1.9413504191616207
463,98,44.941189,-93.167013,2025-03-28T02:32:56Z,-0.081567,Snelling Avenue North L,-0.035152,0.169852,0.19167300409029958
464,99,44.941237,-93.167013,2025-03-28T02:32:57Z,-0.028626,Snelling Avenue North L,0.011029,-0.022702,0.03816369375466688
465,100,44.941286,-93.167013,2025-03-28T02:32:58Z,0.115361,Snelling Avenue North L,0.041511,-0.521262,0.5354861306196455
466,101,44.941336,-93.167016,2025-03-28T02:32:59Z,0.208005,Snelling Avenue North L,0.094852,-1.213242,1.234592699027902
467,102,44.94139,-93.167034,2025-03-28T02:33:00Z,-0.319699,Snelling Avenue North L,-0.077815,-1.379669,1.4183614399676128
468,1,44.934445,-93.177207,2025-03-28T02:41:34Z,0.487647,Fairview Avenue North,0.149267,-0.708385,0.8728628426751822
469,2,44.934496,-93.177208,2025-03-28T02:41:35Z,0.959061,Fairview Avenue North,0.210957,-0.587743,1.144439903017629
470,3,44.934557,-93.177208,2025-03-28T02:41:36Z,0.507306,Fairview Avenue North,0.197821,-0.591524,0.8039858010269834
471,4,44.934625,-93.17721,2025-03-28T02:41:37Z,0.47149,Fairview Avenue North,0.082356,-0.579054,0.7512581884758395
472,5,44.934707,-93.177209,2025-03-28T02:41:38Z,0.330267,Fairview Avenue North,0.129108,-0.510627,0.6216792582047435
473,6,44.934792,-93.177208,2025-03-28T02:41:39Z,0.241969,Fairview Avenue North,0.00851,-0.552214,0.6029607937975735
474,7,44.934882,-93.177209,2025-03-28T02:41:40Z,0.110309,Fairview Avenue North,0.103679,-0.519079,0.5407036330218247
475,8,44.93498,-93.177207,2025-03-28T02:41:41Z,0.006423,Fairview Avenue North,0.062238,-0.486148,0.490157833230277
476,9,44.935082,-93.177207,2025-03-28T02:41:42Z,-0.169395,Fairview Avenue North,-0.002099,-0.403264,0.43740247544109767
477,10,44.935189,-93.177207,2025-03-28T02:41:43Z,-0.079002,Fairview Avenue North,-0.270907,-0.367195,0.4631026740130098
478,11,44.935299,-93.177205,2025-03-28T02:41:44Z,-0.224088,Fairview Avenue North,0.07043,-0.252537,0.34489237888506613
479,12,44.935416,-93.177205,2025-03-28T02:41:45Z,-0.288905,Fairview Avenue North,-0.004013,-0.266444,0.3930325792221302
480,13,44.935531,-93.177205,2025-03-28T02:41:46Z,-0.393513,Fairview Avenue North,-0.104721,-0.25827,0.48220572571258424
481,14,44.935647,-93.177204,2025-03-28T02:41:47Z,-0.451267,Fairview Avenue North,-0.160992,-0.221839,0.5279894613285382
482,15,44.935766,-93.177202,2025-03-28T02:41:48Z,-0.599887,Fairview Avenue North,-0.104713,-0.167393,0.6315454390516964
483,16,44.935884,-93.177201,2025-03-28T02:41:49Z,-0.510195,Fairview Avenue North,-0.217345,-0.159944,0.5771653750754631
484,17,44.936,-93.1772,2025-03-28T02:41:50Z,-0.504796,Fairview Avenue North,0.104938,-0.129613,0.5316300548586395
485,18,44.936117,-93.177201,2025-03-28T02:41:51Z,-0.266232,Fairview Avenue North,-0.301361,-0.203065,0.4504812142254103
486,19,44.936235,-93.177204,2025-03-28T02:41:53Z,-0.283907,Fairview Avenue North,0.083701,0.05249,0.30060645726597424
487,20,44.936355,-93.177205,2025-03-28T02:41:54Z,-0.277846,Fairview Avenue North,-0.131252,-0.03255,0.3090064557901663
488,21,44.936473,-93.177204,2025-03-28T02:41:55Z,-0.240301,Fairview Avenue North,-0.054998,-0.073229,0.2571611110685284
489,22,44.936591,-93.177203,2025-03-28T02:41:56Z,-0.303052,Fairview Avenue North,-0.029735,-0.054435,0.309334534370154
490,23,44.936716,-93.177202,2025-03-28T02:41:57Z,-0.326619,Fairview Avenue North,-0.088483,-0.042002,0.34098882746213255
491,24,44.936836,-93.177203,2025-03-28T02:41:58Z,-0.299089,Fairview Avenue North,-0.092498,-0.017523,0.313555681584627
492,25,44.936953,-93.177202,2025-03-28T02:41:59Z,-0.387776,Fairview Avenue North,-0.019505,-0.100975,0.4011815322594
493,26,44.937076,-93.177197,2025-03-28T02:42:00Z,-0.234842,Fairview Avenue North,-0.129622,-0.001612,0.2682447136329065
494,27,44.937194,-93.177195,2025-03-28T02:42:01Z,-0.312037,Fairview Avenue North,-0.162695,-0.011369,0.3520880664762724
495,28,44.937309,-93.177194,2025-03-28T02:42:02Z,0.031638,Fairview Avenue North,0.004133,-0.141595,0.14514540556972516
496,29,44.937427,-93.177195,2025-03-28T02:42:03Z,-0.092621,Fairview Avenue North,-0.031543,-0.06201,0.11583976256018483
497,30,44.937547,-93.177192,2025-03-28T02:42:04Z,-0.106437,Fairview Avenue North,-0.02477,0.061711,0.12550153540893436
498,31,44.937667,-93.177193,2025-03-28T02:42:05Z,-0.095835,Fairview Avenue North,0.065738,-0.043105,0.12395109073340177
499,32,44.937784,-93.177192,2025-03-28T02:42:06Z,-0.164992,Fairview Avenue North,-0.136034,-0.062488,0.22278321158471523
500,33,44.9379,-93.177191,2025-03-28T02:42:07Z,-0.06445,Fairview Avenue North,-0.101705,-0.212653,0.2443747285093121
501,34,44.938021,-93.177192,2025-03-28T02:42:08Z,-0.009858,Fairview Avenue North,0.002388,-0.015457,0.018487875946143734
502,35,44.93814,-93.177195,2025-03-28T02:42:09Z,-0.146421,Fairview Avenue North,0.009733,0.080499,0.16737362256640084
503,36,44.938261,-93.177193,2025-03-28T02:42:10Z,-0.064132,Fairview Avenue North,-0.035596,7e-5,0.07334843924719871
504,37,44.938382,-93.177193,2025-03-28T02:42:11Z,-0.163898,Fairview Avenue North,-0.025012,-0.116439,0.20259860628592685
505,38,44.938499,-93.177195,2025-03-28T02:42:12Z,-0.065861,Fairview Avenue North,-0.029045,0.082291,0.10933019723296945
506,39,44.938619,-93.177195,2025-03-28T02:42:13Z,-0.037821,Fairview Avenue North,-0.023464,0.011948,0.046084075785459776
507,40,44.938738,-93.177196,2025-03-28T02:42:14Z,-0.039804,Fairview Avenue North,-0.017906,0.007439,0.04427552340740875
508,41,44.938857,-93.177194,2025-03-28T02:42:15Z,-0.238292,Fairview Avenue North,-0.001595,0.019733,0.23911297032574375
509,42,44.938973,-93.177195,2025-03-28T02:42:16Z,-0.176949,Fairview Avenue North,-0.083987,-0.021219,0.19701525507178372
510,43,44.939085,-93.177194,2025-03-28T02:42:17Z,-0.215099,Fairview Avenue North,-0.141797,-0.003089,0.2576499775489996
511,44,44.939198,-93.177191,2025-03-28T02:42:18Z,-0.193267,Fairview Avenue North,-0.042554,-0.031293,0.20035525462038672
512,45,44.939309,-93.177192,2025-03-28T02:42:19Z,-0.161829,Fairview Avenue North,-0.01644,0.054245,0.17146841944218183
513,46,44.939422,-93.17719,2025-03-28T02:42:20Z,-0.283337,Fairview Avenue North,-0.114321,0.080336,0.31591615898209446
514,47,44.93953,-93.177187,2025-03-28T02:42:21Z,-0.930602,Fairview Avenue North,-0.199095,0.153031,0.9638866055662357
515,48,44.939627,-93.177185,2025-03-28T02:42:22Z,-1.132333,Fairview Avenue North,-0.289664,0.121023,1.1750446043933822
516,49,44.939716,-93.177185,2025-03-28T02:42:23Z,-1.42293,Fairview Avenue North,-0.360064,0.258977,1.4904512590235885
517,50,44.939785,-93.177186,2025-03-28T02:42:24Z,-1.437729,Fairview Avenue North,-0.336963,0.258135,1.4990805245332888
518,51,44.939841,-93.177186,2025-03-28T02:42:25Z,-1.340386,Fairview Avenue North,-0.355729,0.225357,1.4049781236325354
519,52,44.939878,-93.177189,2025-03-28T02:42:26Z,-1.287711,Fairview Avenue North,-0.294568,0.228016,1.3405078225810545
520,53,44.9399,-93.177191,2025-03-28T02:42:27Z,-1.025051,Fairview Avenue North,-0.259702,0.176935,1.0721383658977977
521,54,44.939911,-93.177194,2025-03-28T02:42:28Z,-0.468841,Fairview Avenue North,-0.10436,0.081636,0.48720358103876865
522,55,44.939918,-93.177175,2025-03-28T02:42:29Z,-0.168169,Fairview Avenue North,-0.025183,0.028493,0.17241475313615134
523,56,44.93992,-93.177175,2025-03-28T02:42:30Z,0.208838,Fairview Avenue North,0.057778,-0.040497,0.2204350574137426
524,57,44.939919,-93.177175,2025-03-28T02:42:31Z,0.360176,Fairview Avenue North,0.10079,-0.074286,0.3813184822061475
525,58,44.939922,-93.177175,2025-03-28T02:42:32Z,0.301563,Fairview Avenue North,0.080678,-0.060559,0.31798832546809014
526,59,44.939923,-93.177175,2025-03-28T02:42:33Z,0.257476,Fairview Avenue North,0.067272,-0.048782,0.2705533146793807
527,60,44.939924,-93.177175,2025-03-28T02:42:34Z,0.21751,Fairview Avenue North,0.057319,-0.044965,0.22938596096099692
528,61,44.939926,-93.177175,2025-03-28T02:42:35Z,0.184762,Fairview Avenue North,0.04704,-0.038602,0.19452473531147654
529,62,44.939928,-93.177175,2025-03-28T02:42:36Z,0.154162,Fairview Avenue North,0.038317,-0.029582,0.16158344425404478
530,63,44.939929,-93.177175,2025-03-28T02:42:37Z,0.139202,Fairview Avenue North,0.034605,-0.029814,0.14650453039070158
531,64,44.939931,-93.177175,2025-03-28T02:42:38Z,0.12917,Fairview Avenue North,0.032196,-0.02844,0.13612606258905752
532,65,44.939931,-93.177175,2025-03-28T02:42:39Z,0.148712,Fairview Avenue North,0.035766,-0.029598,0.15578994609409172
533,66,44.939931,-93.177175,2025-03-28T02:42:40Z,0.176988,Fairview Avenue North,0.043221999999999997,-0.032407,0.18504893157486754
534,67,44.939931,-93.177175,2025-03-28T02:42:41Z,0.19581,Fairview Avenue North,0.049934,-0.042126,0.206420833086198
535,68,44.939931,-93.177175,2025-03-28T02:42:42Z,0.203492,Fairview Avenue North,0.051322,-0.044294,0.21448752920391434
536,69,44.939931,-93.177175,2025-03-28T02:42:43Z,0.200666,Fairview Avenue North,0.0513,-0.042444,0.21142380824306425
537,70,44.939931,-93.177175,2025-03-28T02:42:44Z,0.19049,Fairview Avenue North,0.048381,-0.039601,0.20048790602427868
538,71,44.939931,-93.177175,2025-03-28T02:42:45Z,0.445205,Fairview Avenue North,0.107273,-0.084045,0.4655948352151257
539,72,44.939947,-93.177175,2025-03-28T02:42:46Z,1.12729,Fairview Avenue North,0.271779,-0.223662,1.1809620058177146
540,73,44.939959,-93.177175,2025-03-28T02:42:47Z,2.156624,Fairview Avenue North,0.48094,-0.420016,2.2491651342736043
541,74,44.939995,-93.177175,2025-03-28T02:42:48Z,1.297465,Fairview Avenue North,0.398816,-0.256272,1.3813562053521895
542,75,44.940041,-93.177174,2025-03-28T02:42:49Z,0.831881,Fairview Avenue North,0.271256,-0.101924,0.8809053964376651
543,76,44.940094,-93.177174,2025-03-28T02:42:50Z,0.876963,Fairview Avenue North,-0.034741,-0.053296,0.8792675952552784
544,77,44.940156,-93.177174,2025-03-28T02:42:51Z,0.702686,Fairview Avenue North,0.16332,-0.13559,0.7340474678765673
545,78,44.940224,-93.177196,2025-03-28T02:42:52Z,0.494919,Fairview Avenue North,0.133992,-0.15473,0.5355745004432156
546,79,44.940303,-93.177195,2025-03-28T02:42:53Z,0.365117,Fairview Avenue North,0.072363,-0.067189,0.37823430460364116
547,80,44.940387,-93.177196,2025-03-28T02:42:54Z,0.219921,Fairview Avenue North,0.011568,-0.132116,0.2568145290301933
548,81,44.940479,-93.177196,2025-03-28T02:42:55Z,0.055314,Fairview Avenue North,0.070948,-0.061508,0.10897931622101507
549,82,44.940576,-93.177195,2025-03-28T02:42:56Z,-0.453098,Fairview Avenue North,-0.080501,0.104332,0.4718722017972663
550,83,44.940672,-93.177196,2025-03-28T02:42:57Z,-0.837515,Fairview Avenue North,-0.217989,0.177195,0.8833734472865935
551,84,44.940766000000004,-93.177195,2025-03-28T02:42:58Z,-0.711266,Fairview Avenue North,-0.235912,0.115146,0.7581638317778024
552,85,44.940855,-93.177196,2025-03-28T02:42:59Z,-0.490216,Fairview Avenue North,-0.085335,0.148264,0.5192070902607167
553,86,44.940944,-93.177196,2025-03-28T02:43:00Z,-0.545973,Fairview Avenue North,-0.144383,0.070505,0.5691255770416579
554,87,44.941029,-93.177195,2025-03-28T02:43:01Z,-1.012043,Fairview Avenue North,-0.249623,0.107323,1.0478840118577057
555,88,44.941105,-93.177175,2025-03-28T02:43:02Z,-1.489486,Fairview Avenue North,-0.359591,0.239389,1.5508647022864375
556,1,44.941573,-93.177243,2025-03-28T02:27:59Z,0.616862,Fairview Avenue South,0.11322,-0.15351,0.6456801185912417
557,2,44.941523,-93.177258,2025-03-28T02:28:00Z,0.649424,Fairview Avenue South,0.189026,-0.301551,0.7405507180828332
558,3,44.94144,-93.177244,2025-03-28T02:28:01Z,0.711072,Fairview Avenue South,0.15634,-0.16527,0.7465787016008426
559,4,44.941362,-93.177241,2025-03-28T02:28:02Z,0.655718,Fairview Avenue South,-0.017331,-0.052343,0.6580321031180774
560,5,44.941274,-93.17724,2025-03-28T02:28:03Z,0.526889,Fairview Avenue South,0.395688,-0.016397,0.6591281159789802
561,6,44.941179,-93.177239,2025-03-28T02:28:04Z,0.123821,Fairview Avenue South,-0.174124,-0.107136,0.23901658920041513
562,7,44.941087,-93.177232,2025-03-28T02:28:05Z,0.215328,Fairview Avenue South,0.10081,0.099991,0.2579282919049401
563,8,44.940978,-93.177238,2025-03-28T02:28:06Z,-0.128879,Fairview Avenue South,-0.082215,0.178711,0.23517381739258306
564,9,44.94087,-93.177253,2025-03-28T02:28:07Z,-0.273033,Fairview Avenue South,-0.126935,0.097987,0.3166401198253311
565,10,44.940772,-93.177239,2025-03-28T02:28:08Z,-0.313709,Fairview Avenue South,-0.034715,2.14e-4,0.31562400685309094
566,11,44.940663,-93.177242,2025-03-28T02:28:09Z,-0.336879,Fairview Avenue South,-0.099862,-0.002824,0.3513799292233408
567,12,44.940558,-93.177246,2025-03-28T02:28:10Z,-0.446652,Fairview Avenue South,-0.065064,-0.012087,0.4515278826041643
568,13,44.94045,-93.177244,2025-03-28T02:28:11Z,-0.50292,Fairview Avenue South,-0.180647,0.067801,0.5386639403282905
569,14,44.940345,-93.177244,2025-03-28T02:28:12Z,-0.303278,Fairview Avenue South,0.021985,0.070166,0.3120643412262926
570,15,44.940242,-93.177249,2025-03-28T02:28:13Z,-0.26781,Fairview Avenue South,0.033209,0.007414,0.2699629626022799
571,16,44.94013,-93.177247,2025-03-28T02:28:14Z,-0.423964,Fairview Avenue South,-0.440476,0.039637,0.6126464491376735
572,17,44.940026,-93.177246,2025-03-28T02:28:15Z,-0.432824,Fairview Avenue South,-0.049608,0.235299,0.49513956420488153
573,18,44.93992,-93.177245,2025-03-28T02:28:16Z,-0.600268,Fairview Avenue South,-0.005914,0.087213,0.6065993361264089
574,19,44.939822,-93.177246,2025-03-28T02:28:17Z,-0.383755,Fairview Avenue South,-0.202496,0.019753,0.43435321001461474
575,20,44.939719,-93.177248,2025-03-28T02:28:18Z,-0.1439,Fairview Avenue South,-0.02896,0.012143,0.1472866051241592
576,21,44.939617,-93.177247,2025-03-28T02:28:19Z,-0.055279,Fairview Avenue South,0.043378,0.001229,0.07027751536586933
577,22,44.939514,-93.177248,2025-03-28T02:28:20Z,-0.065729,Fairview Avenue South,0.005709,-0.005122,0.06617498776728258
578,23,44.939408,-93.177248,2025-03-28T02:28:21Z,-0.044497,Fairview Avenue South,-0.082819,-0.026172,0.09759069296813094
579,24,44.939312,-93.17725,2025-03-28T02:28:22Z,-0.153176,Fairview Avenue South,-0.024132,0.033511,0.15864497319801849
580,25,44.939223,-93.177255,2025-03-28T02:28:23Z,-0.209568,Fairview Avenue South,-0.040369,0.112029,0.2410371332927771
581,26,44.939093,-93.177255,2025-03-28T02:28:24Z,-0.224576,Fairview Avenue South,-0.092963,0.028589,0.2447321598523578
582,27,44.938991,-93.17725,2025-03-28T02:28:25Z,-0.059131,Fairview Avenue South,-0.268457,0.012355,0.27516955143147653
583,28,44.938883,-93.17725,2025-03-28T02:28:26Z,-0.095273,Fairview Avenue South,0.175275,-0.123122,0.23442972729157024
584,29,44.938779,-93.177256,2025-03-28T02:28:27Z,4.11e-4,Fairview Avenue South,0.038134,-0.031539,0.04948817432478187
585,30,44.938675,-93.177247,2025-03-28T02:28:28Z,0.044714,Fairview Avenue South,-0.01837,-0.052893,0.071655203195581
586,31,44.93857,-93.177241,2025-03-28T02:28:29Z,-0.080727,Fairview Avenue South,-0.032671,-0.061455,0.10658780321875481
587,32,44.938453,-93.17726,2025-03-28T02:28:30Z,-0.099807,Fairview Avenue South,0.010176,0.009179,0.10074344775716186
588,33,44.938343,-93.177251,2025-03-28T02:28:31Z,-0.180882,Fairview Avenue South,-0.080909,-0.013561,0.19861637627849318
589,34,44.938225,-93.177249,2025-03-28T02:28:32Z,-0.222137,Fairview Avenue South,-0.075407,0.085308,0.24961674078875398
590,35,44.93812,-93.177247,2025-03-28T02:28:33Z,-0.144545,Fairview Avenue South,-0.046103,0.077893,0.17054636637290166
591,36,44.938015,-93.177248,2025-03-28T02:28:34Z,-0.23611,Fairview Avenue South,0.100593,-0.011348,0.25689620638109856
592,37,44.937911,-93.177247,2025-03-28T02:28:35Z,-0.173408,Fairview Avenue South,-0.242821,0.096902,0.313723397452278
593,38,44.9378,-93.177258,2025-03-28T02:28:36Z,-0.038367,Fairview Avenue South,-0.096179,-0.074462,0.12754221330210638
594,39,44.937696,-93.177252,2025-03-28T02:28:37Z,-0.127672,Fairview Avenue South,0.033137,-0.05729,0.14380662172862557
595,40,44.937592,-93.177252,2025-03-28T02:28:38Z,-0.125551,Fairview Avenue South,-0.004281,-0.038515,0.13139553183803473
596,41,44.937489,-93.177249,2025-03-28T02:28:39Z,0.016928,Fairview Avenue South,0.033206,0.053216,0.0649702876398127
597,42,44.937375,-93.177243,2025-03-28T02:28:40Z,0.054346,Fairview Avenue South,-0.086943,-0.00232,0.10255708344624472
598,43,44.937275,-93.177254,2025-03-28T02:28:41Z,-0.143629,Fairview Avenue South,-0.03041,-0.041468,0.15255704757565283
599,44,44.937171,-93.177252,2025-03-28T02:28:42Z,-0.097764,Fairview Avenue South,-0.008347,-0.016896,0.09956378317942725
600,45,44.93707,-93.177237,2025-03-28T02:28:43Z,-0.010196,Fairview Avenue South,-0.038538,-0.094494,0.10255852912361799
601,46,44.936962,-93.177243,2025-03-28T02:28:44Z,0.130816,Fairview Avenue South,-0.074588,0.007496,0.15077262886877046
602,47,44.936856,-93.177246,2025-03-28T02:28:45Z,-0.008265,Fairview Avenue South,0.124788,-0.047244,0.13368751140252405
603,48,44.936749,-93.177244,2025-03-28T02:28:46Z,0.033928,Fairview Avenue South,-0.021499,0.013767,0.04245993963726279
604,49,44.936644,-93.177244,2025-03-28T02:28:47Z,-0.010752,Fairview Avenue South,0.013247,0.072896,0.07486598245531811
605,50,44.936532,-93.177245,2025-03-28T02:28:48Z,-0.068263,Fairview Avenue South,-0.027015,0.027354,0.07834467888759263
606,51,44.936422,-93.177244,2025-03-28T02:28:49Z,-0.303425,Fairview Avenue South,-0.031029,-0.037424,0.30729478557567486
607,52,44.93633,-93.177248,2025-03-28T02:28:50Z,-0.190836,Fairview Avenue South,-0.142676,-0.005327,0.23833421240140915
608,53,44.936229,-93.177245,2025-03-28T02:28:51Z,-0.140653,Fairview Avenue South,0.003999,0.081742,0.16272987732435615
609,54,44.936127,-93.177249,2025-03-28T02:28:52Z,0.089687,Fairview Avenue South,-0.107054,0.013846,0.14034254023994291
610,55,44.93603,-93.177245,2025-03-28T02:28:53Z,0.177515,Fairview Avenue South,0.015721,0.04334,0.1834041457165023
611,56,44.935928,-93.177254,2025-03-28T02:28:54Z,0.225017,Fairview Avenue South,0.135303,-0.117469,0.2876430393021879
612,57,44.935825,-93.177259,2025-03-28T02:28:55Z,0.17448,Fairview Avenue South,0.069368,-0.123014,0.22447190029043726
613,58,44.935717,-93.177259,2025-03-28T02:28:56Z,0.130018,Fairview Avenue South,0.025844,-0.167785,0.2138326422345288
614,59,44.935609,-93.17726,2025-03-28T02:28:57Z,0.156594,Fairview Avenue South,-0.016849,-0.153592,0.2199910727756924
615,60,44.935505,-93.177253,2025-03-28T02:28:58Z,0.067259,Fairview Avenue South,0.044064,-0.125477,0.14902981817743724
616,61,44.935394,-93.177252,2025-03-28T02:28:59Z,0.11801,Fairview Avenue South,0.021586,-0.038681,0.12604973326826202
617,62,44.935282,-93.177247,2025-03-28T02:29:00Z,-0.045295,Fairview Avenue South,0.104213,-0.049257,0.12384764205668189
618,63,44.935172,-93.177246,2025-03-28T02:29:01Z,-0.275403,Fairview Avenue South,-0.340103,-0.054886,0.4410547993322371
619,64,44.935064,-93.177243,2025-03-28T02:29:02Z,-0.294293,Fairview Avenue South,0.033123,0.026292,0.2973159468343399
620,65,44.93496,-93.177235,2025-03-28T02:29:03Z,-0.118593,Fairview Avenue South,-0.077227,0.066479,0.15635781598308413
621,66,44.934854,-93.17723,2025-03-28T02:29:04Z,-0.149132,Fairview Avenue South,-0.027594,0.076198,0.16972895293378792
622,67,44.93475,-93.177228,2025-03-28T02:29:05Z,-0.399495,Fairview Avenue South,-0.109075,0.109242,0.4282842808392575
623,68,44.934651,-93.177227,2025-03-28T02:29:06Z,-0.992495,Fairview Avenue South,-0.254318,0.149726,1.0354428256668737
624,69,44.934565,-93.177231,2025-03-28T02:29:07Z,-1.203045,Fairview Avenue South,-0.26464,0.312412,1.2708079553453384
625,70,44.934487,-93.177229,2025-03-28T02:29:08Z,-1.234751,Fairview Avenue South,-0.23599,0.281265,1.2881813972907696
626,1,44.93428,-93.167236,2025-03-28T02:40:24Z,0.583982,St. Clair Avenue West,0.133013,0.315764,0.677077793306648
627,2,44.934273,-93.167294,2025-03-28T02:40:25Z,0.736764,St. Clair Avenue West,0.268664,-0.462253,0.9103182809331031
628,3,44.934271,-93.167376,2025-03-28T02:40:26Z,0.620738,St. Clair Avenue West,0.153323,-0.641054,0.9054136280667527
629,4,44.93427,-93.167467,2025-03-28T02:40:27Z,0.549217,St. Clair Avenue West,0.177268,-0.639806,0.8616350587975166
630,5,44.93427,-93.167565,2025-03-28T02:40:28Z,0.406457,St. Clair Avenue West,0.118311,-0.673574,0.7955543470096811
631,6,44.934272,-93.167683,2025-03-28T02:40:29Z,0.187573,St. Clair Avenue West,0.088171,-0.69378,0.7240776505113247
632,7,44.934274,-93.167804,2025-03-28T02:40:30Z,0.240499,St. Clair Avenue West,0.06305,-0.402793,0.4733468837438354
633,8,44.934274,-93.167933,2025-03-28T02:40:31Z,0.08801,St. Clair Avenue West,0.097423,-0.50601,0.5227648813080312
634,9,44.934276,-93.168073,2025-03-28T02:40:32Z,0.037234,St. Clair Avenue West,0.00297,-0.510485,0.5118497112248868
635,10,44.934279,-93.16822,2025-03-28T02:40:33Z,-0.168851,St. Clair Avenue West,0.027383,-0.532076,0.5588965545304425
636,11,44.934279,-93.168375,2025-03-28T02:40:34Z,-0.247088,St. Clair Avenue West,-0.089528,-0.41878,0.4944132188038665
637,12,44.934281,-93.168533,2025-03-28T02:40:35Z,-0.371747,St. Clair Avenue West,-0.062996,-0.356286,0.5187523897014837
638,13,44.934287,-93.168689,2025-03-28T02:40:36Z,-0.416955,St. Clair Avenue West,-0.025182,-0.379551,0.5643975254641006
639,14,44.93429,-93.168851,2025-03-28T02:40:37Z,-0.398732,St. Clair Avenue West,-0.08295,-0.319732,0.5177803222873577
640,15,44.934292,-93.169021,2025-03-28T02:40:38Z,-0.499066,St. Clair Avenue West,-0.104111,-0.335122,0.6100923926431143
641,16,44.934294,-93.169189,2025-03-28T02:40:39Z,-0.509713,St. Clair Avenue West,-0.084995,-0.326687,0.6113557788742984
642,17,44.934294,-93.169356,2025-03-28T02:40:40Z,-0.437855,St. Clair Avenue West,-0.066677,-0.172152,0.4751832640760825
643,18,44.934291,-93.169525,2025-03-28T02:40:41Z,-0.411534,St. Clair Avenue West,-0.111865,-0.078203,0.4335778137658799
644,19,44.93429,-93.169695,2025-03-28T02:40:42Z,-0.267169,St. Clair Avenue West,-0.231832,-0.082249,0.3631669709458722
645,20,44.934292,-93.169866,2025-03-28T02:40:43Z,-0.284397,St. Clair Avenue West,0.020001,-0.125803,0.31162170723330557
646,21,44.934295,-93.170036,2025-03-28T02:40:44Z,-0.394491,St. Clair Avenue West,-0.142375,-0.162831,0.4498974597249911
647,22,44.934296,-93.17021,2025-03-28T02:40:45Z,-0.281439,St. Clair Avenue West,-0.122197,-0.211187,0.37247814231039117
648,23,44.934297,-93.170383,2025-03-28T02:40:46Z,-0.435416,St. Clair Avenue West,-0.072756,-0.108492,0.4545888721207329
649,24,44.934297,-93.170556,2025-03-28T02:40:47Z,-0.36512,St. Clair Avenue West,-0.053376,-0.093515,0.3806660833341999
650,25,44.934298,-93.170729,2025-03-28T02:40:48Z,-0.388361,St. Clair Avenue West,-0.118599,-0.029027,0.40710263552450754
651,26,44.934295,-93.1709,2025-03-28T02:40:49Z,-0.374525,St. Clair Avenue West,-0.089564,-0.064674,0.39047843986192116
652,27,44.934295,-93.171074,2025-03-28T02:40:50Z,-0.208379,St. Clair Avenue West,-0.15549,0.009165,0.26015946065057866
653,28,44.934296,-93.171244,2025-03-28T02:40:51Z,-0.328323,St. Clair Avenue West,-0.080092,-0.076488,0.346498390958746
654,29,44.934295,-93.171412,2025-03-28T02:40:52Z,-0.228665,St. Clair Avenue West,-0.058384,-0.060623,0.24366272142040935
655,30,44.934294,-93.171581,2025-03-28T02:40:53Z,-0.207701,St. Clair Avenue West,-0.045735,-0.078241,0.22661211288675634
656,31,44.934295,-93.17175,2025-03-28T02:40:54Z,-0.263604,St. Clair Avenue West,-0.017032,-0.072892,0.27402627885660896
657,32,44.934295,-93.171917,2025-03-28T02:40:55Z,-0.152899,St. Clair Avenue West,-0.094648,-0.068639,0.1924776881251435
658,33,44.934295,-93.172084,2025-03-28T02:40:56Z,-0.206059,St. Clair Avenue West,0.034583,0.118247,0.24008050395440275
659,34,44.934295,-93.172249,2025-03-28T02:40:57Z,-0.153816,St. Clair Avenue West,-0.071717,0.029803,0.17231050099747258
660,35,44.934296,-93.172414,2025-03-28T02:40:58Z,-0.153268,St. Clair Avenue West,0.016181,0.024419,0.1560422767906185
661,36,44.934299,-93.172576,2025-03-28T02:40:59Z,-0.118586,St. Clair Avenue West,-0.072036,-0.043788,0.1454964385680969
662,37,44.9343,-93.172738,2025-03-28T02:41:00Z,-0.084583,St. Clair Avenue West,-0.107772,-0.037162,0.1419510553571195
663,38,44.934301,-93.172899,2025-03-28T02:41:01Z,0.101674,St. Clair Avenue West,0.080153,-0.08031,0.15235419844887768
664,39,44.934303,-93.173061,2025-03-28T02:41:02Z,0.077586,St. Clair Avenue West,0.037102,-0.096613,0.12934534227794983
665,40,44.934301,-93.173224,2025-03-28T02:41:03Z,-0.118796,St. Clair Avenue West,0.177125,-0.100161,0.2356225395882151
666,41,44.9343,-93.17339,2025-03-28T02:41:04Z,-0.152673,St. Clair Avenue West,-0.207178,0.017125,0.2579244739027299
667,42,44.934301,-93.173553,2025-03-28T02:41:05Z,-0.204431,St. Clair Avenue West,-0.014003,-0.021704,0.20605625781810172
668,43,44.934303,-93.17371,2025-03-28T02:41:06Z,-0.143535,St. Clair Avenue West,-0.072867,-0.080764,0.18009641753793995
669,44,44.934303,-93.173865,2025-03-28T02:41:07Z,-0.011625,St. Clair Avenue West,0.027185,0.097103,0.10150447014294493
670,45,44.934303,-93.174023,2025-03-28T02:41:08Z,0.035466,St. Clair Avenue West,0.035527,-0.002381,0.05025608466643616
671,46,44.934304,-93.17418,2025-03-28T02:41:09Z,0.022526,St. Clair Avenue West,0.00681,-0.030819,0.0387763785957379
672,47,44.934303,-93.174342,2025-03-28T02:41:10Z,0.022997,St. Clair Avenue West,0.025992,0.020119,0.04011508736124103
673,48,44.934303,-93.174502,2025-03-28T02:41:11Z,-0.104919,St. Clair Avenue West,-0.04608,0.039562,0.1212291829758825
674,49,44.934302,-93.174658,2025-03-28T02:41:12Z,-0.16615,St. Clair Avenue West,-0.094797,0.027338,0.1932347276060905
675,50,44.934302,-93.174814,2025-03-28T02:41:13Z,-0.184465,St. Clair Avenue West,-0.022202,-0.016146,0.18649653708581293
676,51,44.934304,-93.174968,2025-03-28T02:41:14Z,-0.134535,St. Clair Avenue West,-0.040377,0.065294,0.15489762680557762
677,52,44.934306,-93.175116,2025-03-28T02:41:15Z,-0.122245,St. Clair Avenue West,-0.009112,0.066692,0.1395517518091407
678,53,44.934307,-93.175264,2025-03-28T02:41:16Z,-0.075109,St. Clair Avenue West,-0.062784,-0.017806,0.09949998076884237
679,54,44.934308,-93.175409,2025-03-28T02:41:17Z,-0.098601,St. Clair Avenue West,0.005908,-0.051598,0.11144243029026242
680,55,44.93431,-93.175552,2025-03-28T02:41:18Z,-0.08502,St. Clair Avenue West,-0.029263,-0.068433,0.11299468597239429
681,56,44.934311,-93.175694,2025-03-28T02:41:19Z,-0.094575,St. Clair Avenue West,-3.77e-4,-0.056856,0.11035024916147676
682,57,44.93431,-93.175834,2025-03-28T02:41:20Z,-0.023292,St. Clair Avenue West,-0.031194,-0.085036,0.0935238161967314
683,58,44.934309,-93.175972,2025-03-28T02:41:21Z,-0.047037,St. Clair Avenue West,-0.029347,0.085849,0.10219479722079788
684,59,44.934307,-93.176107,2025-03-28T02:41:22Z,-0.31304,St. Clair Avenue West,-0.100343,0.153488,0.36279653442804544
685,60,44.934308,-93.176241,2025-03-28T02:41:23Z,-0.178004,St. Clair Avenue West,-0.036946,0.02896,0.18408995771632955
686,61,44.934309,-93.176368,2025-03-28T02:41:24Z,0.030337,St. Clair Avenue West,0.002134,0.060681,0.06787541002454424
687,62,44.93431,-93.176492,2025-03-28T02:41:24Z,-0.028079,St. Clair Avenue West,0.021602,0.095301,0.1016727950142023
688,63,44.934311,-93.176617,2025-03-28T02:41:25Z,-0.203644,St. Clair Avenue West,-0.09557,0.085948,0.24081437320060445
689,64,44.934315,-93.176738,2025-03-28T02:41:26Z,-0.624361,St. Clair Avenue West,-0.122351,0.024784,0.6367186758514313
690,65,44.93432,-93.17685,2025-03-28T02:41:27Z,-1.154697,St. Clair Avenue West,-0.305034,0.097891,1.1983127934082989
691,1,44.934274,-93.177044,2025-03-28T02:29:14Z,0.90893,St. Clair Avenue East,0.269984,-0.153995,0.960603750347145
692,2,44.934277,-93.176968,2025-03-28T02:29:15Z,0.775663,St. Clair Avenue East,0.197783,-0.177713,0.8199714111034604
693,3,44.934279,-93.176878,2025-03-28T02:29:16Z,0.678649,St. Clair Avenue East,0.135903,0.381213,0.7901629211618322
694,4,44.934283,-93.176781,2025-03-28T02:29:17Z,0.664001,St. Clair Avenue East,0.122071,0.698015,0.971094020817243
695,5,44.934289,-93.176674,2025-03-28T02:29:18Z,0.568856,St. Clair Avenue East,0.154606,0.403291,0.7142435121532432
696,6,44.934287,-93.176558,2025-03-28T02:29:19Z,0.322661,St. Clair Avenue East,0.031837,0.248611,0.408572080312642
697,7,44.934286,-93.176437,2025-03-28T02:29:20Z,0.349353,St. Clair Avenue East,0.127115,0.385684,0.5356845057400859
698,8,44.934287,-93.176308,2025-03-28T02:29:21Z,0.284238,St. Clair Avenue East,0.048712,0.453808,0.5376855962846689
699,9,44.934283,-93.176173,2025-03-28T02:29:22Z,-0.168149,St. Clair Avenue East,-0.079656,0.483598,0.5181565305397587
700,10,44.934284,-93.176038,2025-03-28T02:29:23Z,-0.229601,St. Clair Avenue East,-0.043375,0.481813,0.5354827511647784
701,11,44.934283,-93.175902,2025-03-28T02:29:24Z,-0.244879,St. Clair Avenue East,-0.062806,0.473544,0.5367999983355067
702,12,44.934285,-93.175767,2025-03-28T02:29:25Z,-0.234631,St. Clair Avenue East,-0.084044,0.405771,0.47619870278907733
703,13,44.934284,-93.175632,2025-03-28T02:29:26Z,-0.142782,St. Clair Avenue East,-0.049366,0.389535,0.4178052389630843
704,14,44.934284,-93.175495,2025-03-28T02:29:27Z,-0.186192,St. Clair Avenue East,-0.035036,0.351849,0.3996156915850528
705,15,44.934279,-93.175354,2025-03-28T02:29:28Z,-0.151568,St. Clair Avenue East,-0.086733,0.275852,0.3264809302501449
706,16,44.934279,-93.175214,2025-03-28T02:29:29Z,-0.140822,St. Clair Avenue East,-0.060825,0.248238,0.29180922013020766
707,17,44.934279,-93.175072,2025-03-28T02:29:30Z,-0.113148,St. Clair Avenue East,0.007609,0.233861,0.2599063948924689
708,18,44.934279,-93.174928,2025-03-28T02:29:31Z,-0.142128,St. Clair Avenue East,-0.129954,0.195668,0.2745439431566466
709,19,44.934279,-93.174784,2025-03-28T02:29:32Z,-0.100168,St. Clair Avenue East,-0.077696,0.19889,0.23585488915856717
710,20,44.934278,-93.174635,2025-03-28T02:29:33Z,-0.288776,St. Clair Avenue East,0.035356,0.245177,0.3804646977592008
711,21,44.934281,-93.174489,2025-03-28T02:29:34Z,-0.390479,St. Clair Avenue East,-0.065973,0.169533,0.43077572385059026
712,22,44.934281,-93.174343,2025-03-28T02:29:35Z,-0.376273,St. Clair Avenue East,-0.111907,0.120357,0.4105975579895721
713,23,44.934283,-93.174201,2025-03-28T02:29:36Z,-0.349223,St. Clair Avenue East,-0.094523,0.167592,0.39872092962622363
714,24,44.934279,-93.17406,2025-03-28T02:29:37Z,-0.273321,St. Clair Avenue East,-0.037964,0.294437,0.40353287512419606
715,25,44.934278,-93.173919,2025-03-28T02:29:38Z,-0.308245,St. Clair Avenue East,-0.065227,0.219071,0.3837468496222477
716,26,44.934278,-93.173782,2025-03-28T02:29:39Z,-0.24136,St. Clair Avenue East,-0.057941,0.220667,0.3321230705175417
717,27,44.934278,-93.173647,2025-03-28T02:29:40Z,-0.035357,St. Clair Avenue East,-0.103016,0.060598,0.12463759990067202
718,28,44.934277,-93.173513,2025-03-28T02:29:41Z,-0.090943,St. Clair Avenue East,0.156928,0.087796,0.20150723076108212
719,29,44.934276,-93.173376,2025-03-28T02:29:42Z,0.089838,St. Clair Avenue East,-0.138438,-0.067658,0.17836353621746795
720,30,44.934273,-93.173239,2025-03-28T02:29:43Z,0.094983,St. Clair Avenue East,0.026969,0.020618,0.10086723538394418
721,31,44.934273,-93.1731,2025-03-28T02:29:44Z,0.129543,St. Clair Avenue East,0.044889,0.067689,0.15289935216017103
722,32,44.934276,-93.172957,2025-03-28T02:29:45Z,0.028731,St. Clair Avenue East,0.058284,0.12685,0.1425251469636148
723,33,44.934273,-93.172813,2025-03-28T02:29:46Z,-0.084578,St. Clair Avenue East,-0.093827,0.122179,0.17574029718308773
724,34,44.934271,-93.17267,2025-03-28T02:29:47Z,-0.137061,St. Clair Avenue East,-0.005978,0.02025,0.1386777440867856
725,35,44.934271,-93.172528,2025-03-28T02:29:48Z,-0.117717,St. Clair Avenue East,0.006635,0.032839,0.12239164691677287
726,36,44.934271,-93.172386,2025-03-28T02:29:49Z,-0.006718,St. Clair Avenue East,-0.045298,0.04854,0.06673209069106106
727,37,44.934269,-93.172245,2025-03-28T02:29:50Z,0.106337,St. Clair Avenue East,0.022723,-0.00471,0.10883968209251625
728,38,44.934268,-93.172102,2025-03-28T02:29:51Z,0.127958,St. Clair Avenue East,-0.055249,-0.00854,0.13963750701369598
729,39,44.934267,-93.171955,2025-03-28T02:29:52Z,0.05948,St. Clair Avenue East,0.090028,-0.086055,0.1380158476733741
730,40,44.934267,-93.171807,2025-03-28T02:29:53Z,0.033687,St. Clair Avenue East,0.030122,-0.092709,0.10313635408525938
731,41,44.934269,-93.171658,2025-03-28T02:29:54Z,0.066617,St. Clair Avenue East,0.019318,0.118279,0.1371164893585013
732,42,44.934269,-93.171506,2025-03-28T02:29:55Z,0.067906,St. Clair Avenue East,-0.016099,0.026097,0.0745080938287915
733,43,44.93427,-93.171354,2025-03-28T02:29:56Z,0.082062,St. Clair Avenue East,-0.030571,0.028233,0.09201010908590425
734,44,44.93427,-93.1712,2025-03-28T02:29:57Z,0.072255,St. Clair Avenue East,-0.011168,0.020798,0.07601359123867257
735,45,44.934267,-93.171044,2025-03-28T02:29:58Z,0.071154,St. Clair Avenue East,-0.012814,-0.012552,0.07338012684644256
736,46,44.934266,-93.170886,2025-03-28T02:29:59Z,-0.045631,St. Clair Avenue East,0.009547,-0.026461,0.053605203954466954
737,47,44.934267,-93.170728,2025-03-28T02:30:00Z,-0.067762,St. Clair Avenue East,-0.052744,0.033966,0.09234342064272906
738,48,44.934267,-93.170571,2025-03-28T02:30:01Z,-0.137406,St. Clair Avenue East,-0.029886,0.070266,0.1571969865741707
739,49,44.934266,-93.170415,2025-03-28T02:30:02Z,-0.153301,St. Clair Avenue East,-0.047277,0.011918,0.16086749222263644
740,50,44.934263,-93.17026,2025-03-28T02:30:03Z,-0.135749,St. Clair Avenue East,-0.048885,0.026215,0.14664501509086492
741,51,44.934264,-93.170106,2025-03-28T02:30:04Z,-0.148349,St. Clair Avenue East,-0.034168,-0.009132,0.15250662755762454
742,52,44.934263,-93.169953,2025-03-28T02:30:05Z,-0.126746,St. Clair Avenue East,-0.027589,-0.013905,0.13045708283569735
743,53,44.934261,-93.1698,2025-03-28T02:30:06Z,-0.039987,St. Clair Avenue East,-0.108536,-0.037376,0.12155652529173414
744,54,44.934262,-93.169646,2025-03-28T02:30:07Z,-0.006725,St. Clair Avenue East,-0.114542,0.071549,0.13521965385993265
745,55,44.93426,-93.169496,2025-03-28T02:30:08Z,0.096946,St. Clair Avenue East,0.07557,0.061665,0.1375206313285392
746,56,44.93426,-93.169342,2025-03-28T02:30:09Z,0.086845,St. Clair Avenue East,0.015371,0.002135,0.08822063188959825
747,57,44.934258,-93.169187,2025-03-28T02:30:11Z,0.073147,St. Clair Avenue East,-0.007198,-0.074936,0.10496522714213502
748,58,44.934259,-93.169032,2025-03-28T02:30:12Z,0.043066,St. Clair Avenue East,0.012913000000000001,-0.01134,0.04636832458694189
749,59,44.934257,-93.168875,2025-03-28T02:30:13Z,-0.233234,St. Clair Avenue East,-0.07661,-0.016496,0.24604737119506073
750,60,44.934257,-93.16872,2025-03-28T02:30:14Z,-0.187909,St. Clair Avenue East,-0.034478,0.001082,0.19104893480205537
751,61,44.934258,-93.168571,2025-03-28T02:30:15Z,-0.075314999999999993,St. Clair Avenue East,-0.021489,-0.024615,0.08209765265219218
752,62,44.934259,-93.168421,2025-03-28T02:30:16Z,-0.053788,St. Clair Avenue East,-0.033622,0.067821,0.09286159523182876
753,63,44.934257,-93.168264,2025-03-28T02:30:17Z,-0.23488,St. Clair Avenue East,-0.088516,0.088244,0.2660652179297399
754,64,44.934257,-93.168115,2025-03-28T02:30:18Z,-0.570119,St. Clair Avenue East,-0.101738,0.061171,0.5823471353462641
755,65,44.934257,-93.167973,2025-03-28T02:30:19Z,-0.977479,St. Clair Avenue East,-0.242085,0.131107,1.0155094229572663
756,66,44.934257,-93.167843,2025-03-28T02:30:20Z,-1.091887,St. Clair Avenue East,-0.27422,0.162241,1.1374251497351375
757,67,44.934257,-93.16773,2025-03-28T02:30:21Z,-1.141886,St. Clair Avenue East,-0.29569,0.282347,1.2128709912867897
758,68,44.934252,-93.167632,2025-03-28T02:30:22Z,-1.271791,St. Clair Avenue East,-0.338135,0.217085,1.3337591698395177
759,69,44.934254,-93.167552,2025-03-28T02:30:23Z,-1.154014,St. Clair Avenue East,-0.28947,0.180907,1.2034402917241056
760,70,44.934255,-93.167493,2025-03-28T02:30:24Z,-0.882971,St. Clair Avenue East,-0.212124,0.163016,0.9226096652826697
761,71,44.934255,-93.16745,2025-03-28T02:30:25Z,-0.734724,St. Clair Avenue East,-0.176102,0.140019,0.768398718726808
762,72,44.934256,-93.167423,2025-03-28T02:30:26Z,-0.387092,St. Clair Avenue East,-0.099215,0.063157,0.40456475296051186
763,73,44.934256,-93.167407,2025-03-28T02:30:27Z,-0.065897,St. Clair Avenue East,-0.009416,0.007399,0.06697627091739282
764,3,44.941501,-93.167547,2025-03-28T02:18:14Z,0.279737,Summit Avenue West,-0.020882,-0.081235,0.2920410456048944
765,4,44.941488,-93.167676,2025-03-28T02:18:15Z,0.252144,Summit Avenue West,0.105606,-0.065843,0.2811841471722757
766,5,44.94148,-93.167803,2025-03-28T02:18:16Z,0.133187,Summit Avenue West,-0.054512,-0.030092,0.14702334364651076
767,6,44.941514,-93.167908,2025-03-28T02:18:17Z,0.035103,Summit Avenue West,0.046247,0.002858,0.05813066128989073
768,7,44.941526,-93.168073,2025-03-28T02:18:18Z,-0.029535,Summit Avenue West,-0.052865,0.091772,0.10995055449610067
769,8,44.941518,-93.168249,2025-03-28T02:18:19Z,-0.163689,Summit Avenue West,-0.069096,0.072844,0.1920275872706836
770,9,44.941489,-93.168439,2025-03-28T02:18:20Z,-0.331382,Summit Avenue West,-0.090421,0.055424,0.34793937250762524
771,10,44.941501,-93.168543,2025-03-28T02:18:20Z,-0.387943,Summit Avenue West,-0.096783,0.068589,0.4056737251277189
772,11,44.941505,-93.168715,2025-03-28T02:18:21Z,-0.414859,Summit Avenue West,-0.1548,0.114118,0.4572679168769661
773,12,44.941505,-93.168884,2025-03-28T02:18:22Z,-0.493909,Summit Avenue West,0.056803,0.210589,0.5399262986843667
774,13,44.941511,-93.169061,2025-03-28T02:18:23Z,-0.474302,Summit Avenue West,-0.077479,0.117507,0.4947456697071739
775,14,44.941511,-93.169231,2025-03-28T02:18:24Z,-0.435803,Summit Avenue West,-0.055834,0.141104,0.46146725688937024
776,15,44.941511,-93.169404,2025-03-28T02:18:25Z,-0.361008,Summit Avenue West,-0.10729,0.101886,0.390152120537618
777,16,44.94151,-93.169572,2025-03-28T02:18:26Z,-0.257925,Summit Avenue West,-0.05123,0.005883,0.263029329569917
778,17,44.941515,-93.169731,2025-03-28T02:18:27Z,-0.188247,Summit Avenue West,-0.061389,0.068618,0.209556608709914
779,18,44.941514,-93.169904,2025-03-28T02:18:28Z,-0.12834,Summit Avenue West,-0.037628,0.03578,0.1384457669414273
780,19,44.941512,-93.170079,2025-03-28T02:18:29Z,-0.120208,Summit Avenue West,-0.059574,-0.070451,0.15153338952521322
781,20,44.94151,-93.170242,2025-03-28T02:18:30Z,-0.068607,Summit Avenue West,-0.007057,-0.016448,0.07090316214387057
782,21,44.941513,-93.17042,2025-03-28T02:18:31Z,-0.029615,Summit Avenue West,-0.029976,0.005615,0.04251043431911746
783,22,44.941522,-93.170588,2025-03-28T02:18:32Z,-0.117015,Summit Avenue West,-0.053413,0.086778,0.15516404247763074
784,23,44.941511,-93.170772,2025-03-28T02:18:33Z,-0.213756,Summit Avenue West,-0.001243,0.013868,0.21420899609726946
785,24,44.941524,-93.17095,2025-03-28T02:18:34Z,-0.059039,Summit Avenue West,-0.142574,0.139955,0.2083275090380529
786,25,44.941524,-93.171119,2025-03-28T02:18:35Z,-0.065603,Summit Avenue West,-0.002203,0.106435,0.12504805493489293
787,26,44.941525,-93.171306,2025-03-28T02:18:36Z,-0.109356,Summit Avenue West,-0.03925,0.006704,0.11637972698026061
788,27,44.941533,-93.171484,2025-03-28T02:18:37Z,-0.140067,Summit Avenue West,-0.067289,-0.020624,0.15675434088407247
789,28,44.941533,-93.171665,2025-03-28T02:18:38Z,-0.124474,Summit Avenue West,0.00491,-0.011898,0.12513771286067202
790,29,44.941534,-93.171852,2025-03-28T02:18:39Z,-0.146447,Summit Avenue West,-0.086043,-0.0032,0.16988337663821024
791,30,44.941527,-93.172032,2025-03-28T02:18:40Z,-0.16516,Summit Avenue West,-0.093968,0.052366,0.19710405520942484
792,31,44.941527,-93.172208,2025-03-28T02:18:41Z,-0.230375,Summit Avenue West,-0.020702,0.098983,0.25159262254287185
793,32,44.941528,-93.172395,2025-03-28T02:18:42Z,-0.251254,Summit Avenue West,-0.101367,0.07831,0.28202180288942197
794,33,44.941529,-93.17258,2025-03-28T02:18:43Z,-0.158262,Summit Avenue West,-0.01234,0.054365,0.16779359185916487
795,34,44.94153,-93.172758,2025-03-28T02:18:44Z,-0.090166,Summit Avenue West,-0.163196,0.071741,0.19977390483494084
796,35,44.941533,-93.172932,2025-03-28T02:18:45Z,-0.050082,Summit Avenue West,0.074203,0.021787,0.09213558108570218
797,36,44.941523,-93.173109,2025-03-28T02:18:46Z,-0.176541,Summit Avenue West,-0.05709,-0.04829,0.19172354284489948
798,37,44.94153,-93.173289,2025-03-28T02:18:47Z,-0.289015,Summit Avenue West,-0.019811,-0.066443,0.2972151042511131
799,38,44.941526,-93.17346,2025-03-28T02:18:48Z,-0.589232,Summit Avenue West,-0.357451,0.208768,0.720103912674414
800,39,44.94152,-93.173629,2025-03-28T02:18:49Z,-1.138057,Summit Avenue West,-0.249394,0.363374,1.2204145879007675
801,40,44.941515,-93.173778,2025-03-28T02:18:50Z,-0.991368,Summit Avenue West,-0.282548,0.473171,1.1342551207594347
802,41,44.941525,-93.17391,2025-03-28T02:18:51Z,-0.121997,Summit Avenue West,-0.085507,0.656683,0.6733700895844721
803,42,44.941539,-93.174031,2025-03-28T02:18:52Z,0.238953,Summit Avenue West,0.054941,1.013913,1.0431378726031377
804,43,44.941552,-93.174167,2025-03-28T02:18:53Z,0.314551,Summit Avenue West,-0.0246,0.58393,0.6637181152424574
805,44,44.941581,-93.174301,2025-03-28T02:18:54Z,0.232768,Summit Avenue West,0.04731,-0.226837,0.32844208392500496
806,45,44.941605,-93.17444,2025-03-28T02:18:55Z,0.131216,Summit Avenue West,0.096326,-0.773221,0.7901690020324766
807,46,44.941623,-93.174588,2025-03-28T02:18:56Z,0.143275,Summit Avenue West,0.059678,-0.858705,0.8726187405356364
808,47,44.941642,-93.174715,2025-03-28T02:18:57Z,0.161038,Summit Avenue West,0.125426,-0.779048,0.8053450845594079
809,48,44.941648,-93.174855,2025-03-28T02:18:58Z,0.161879,Summit Avenue West,0.015675,-0.705027,0.7235423878357092
810,49,44.941653,-93.175007,2025-03-28T02:18:59Z,0.188175,Summit Avenue West,0.094411,-0.441443,0.4890758528030187
811,50,44.941649,-93.175157,2025-03-28T02:19:00Z,0.17392,Summit Avenue West,0.076007,-0.093183,0.2114433776167984
812,51,44.94165,-93.175305,2025-03-28T02:19:01Z,0.092742,Summit Avenue West,-0.012141,-0.005582,0.09369973942866651
813,52,44.941649,-93.175448,2025-03-28T02:19:02Z,-0.039972,Summit Avenue West,-6.12e-4,0.045778,0.06077631620952359
814,53,44.941655,-93.175591,2025-03-28T02:19:03Z,-0.045124,Summit Avenue West,-0.04465,0.052491,0.08237173639665489
815,54,44.941653,-93.175739,2025-03-28T02:19:04Z,-0.019543,Summit Avenue West,-0.028203,0.114806,0.1198238527756473
816,55,44.941649,-93.175883,2025-03-28T02:19:05Z,-0.00378,Summit Avenue West,-0.051667,-0.012043,0.05318647514171248
817,56,44.941655,-93.176031,2025-03-28T02:19:06Z,-0.199602,Summit Avenue West,-0.109326,-0.011417,0.22786724329968977
818,57,44.941651,-93.176171,2025-03-28T02:19:07Z,-0.663415,Summit Avenue West,-0.152113,0.154896,0.6980333787219634
819,58,44.941653,-93.176304,2025-03-28T02:19:08Z,-0.146865,Summit Avenue West,0.057491,0.216793,0.2680927976559609
820,59,44.941649,-93.17643,2025-03-28T02:19:09Z,-0.260477,Summit Avenue West,-0.141547,0.250053,0.3878276982720548
821,60,44.941654,-93.176548,2025-03-28T02:19:10Z,-0.47105,Summit Avenue West,-0.195905,0.426763,0.6651267019854188
822,61,44.941658,-93.176661,2025-03-28T02:19:11Z,-0.681383,Summit Avenue West,-0.184268,0.46406,0.8447420743120352
823,62,44.941659,-93.176767,2025-03-28T02:19:13Z,-0.881869,Summit Avenue West,-0.220246,0.11674,0.9164220977677263
824,63,44.941671,-93.176846,2025-03-28T02:19:14Z,-1.128823,Summit Avenue West,-0.261341,0.289122,1.194207693198298
825,1,44.94135,-93.177038,2025-03-28T02:59:34Z,0.840107,Summit Avenue East,0.136819,0.410027,0.9447864049291776
826,2,44.941354,-93.17695,2025-03-28T02:59:35Z,0.727317,Summit Avenue East,0.178034,-0.012989,0.7489024220591091
827,3,44.941357000000004,-93.176849,2025-03-28T02:59:36Z,0.582454,Summit Avenue East,0.171574,-0.253181,0.6578684658448071
828,4,44.94136,-93.176739,2025-03-28T02:59:37Z,0.417216,Summit Avenue East,0.167535,-0.182074,0.4850650557987042
829,5,44.941364,-93.176617,2025-03-28T02:59:38Z,0.242608,Summit Avenue East,0.119804,-0.280362,0.38963379104487333
830,6,44.941364,-93.176485,2025-03-28T02:59:39Z,0.122882,Summit Avenue East,-0.003019,-0.296569,0.3210331323181456
831,7,44.941362,-93.176343,2025-03-28T02:59:40Z,-0.100185,Summit Avenue East,4.7e-4,-0.241861,0.26178998920126795
832,8,44.94136,-93.176197,2025-03-28T02:59:41Z,-0.167894,Summit Avenue East,0.017222,-0.240107,0.2934899725186535
833,9,44.941361,-93.176043,2025-03-28T02:59:42Z,-0.310015,Summit Avenue East,-0.068609,-0.207837,0.3794900705881512
834,10,44.941362,-93.175888,2025-03-28T02:59:43Z,-0.495306,Summit Avenue East,-0.123774,-0.159842,0.5349743000144961
835,11,44.941362,-93.175729,2025-03-28T02:59:44Z,-0.325709,Summit Avenue East,0.018995,-0.170144,0.36796214946920835
836,12,44.941361,-93.175566,2025-03-28T02:59:45Z,-0.287955,Summit Avenue East,-0.090292,-0.23688,0.3836441863093979
837,13,44.941359,-93.175399,2025-03-28T02:59:46Z,-0.320829,Summit Avenue East,-0.051368,-0.148628,0.357295677344409
838,14,44.941357000000004,-93.175226,2025-03-28T02:59:47Z,-0.449322,Summit Avenue East,-0.055182,-0.136525,0.47283653457934066
839,15,44.941356,-93.175052,2025-03-28T02:59:48Z,-0.632004,Summit Avenue East,-0.111439,-0.354984,0.733390310130288
840,16,44.94136,-93.174881,2025-03-28T02:59:49Z,-0.700521,Summit Avenue East,-0.127821,-0.842693,1.103267588453046
841,17,44.941373,-93.174712,2025-03-28T02:59:50Z,-0.737273,Summit Avenue East,-0.243994,-1.074207,1.325528282389327
842,18,44.941396,-93.174544,2025-03-28T02:59:51Z,-0.617869,Summit Avenue East,-0.008759,-0.703115,0.9360606414474438
843,19,44.941425,-93.17438,2025-03-28T02:59:52Z,-0.463397,Summit Avenue East,0.044912,0.209976,0.5107286832839918
844,20,44.941454,-93.174216,2025-03-28T02:59:53Z,-0.207405,Summit Avenue East,-0.292412,0.84534,0.9182163837402381
845,21,44.941475,-93.174052,2025-03-28T02:59:54Z,-0.025515,Summit Avenue East,0.142416,1.051081,1.0609922718106857
846,22,44.941485,-93.173886,2025-03-28T02:59:55Z,0.081245,Summit Avenue East,-0.061539,0.700213,0.707591721202983
847,23,44.94149,-93.173716,2025-03-28T02:59:56Z,0.01765,Summit Avenue East,0.031009,0.291404,0.2935802646585768
848,24,44.941491,-93.173546,2025-03-28T02:59:57Z,-0.182704,Summit Avenue East,-0.008731,0.085018,0.20170533533102192
849,25,44.94149,-93.173372,2025-03-28T02:59:58Z,-0.176711,Summit Avenue East,-0.157699,-0.024055,0.23806384678694914
850,26,44.941489,-93.1732,2025-03-28T02:59:59Z,-0.222845,Summit Avenue East,-0.044435,-0.088468,0.24384616108112098
851,27,44.941489,-93.173029,2025-03-28T03:00:00Z,-0.180761,Summit Avenue East,-0.111129,-0.107308,0.23777973131871438
852,28,44.941488,-93.172856,2025-03-28T03:00:01Z,-0.189111,Summit Avenue East,-0.022385,-0.136226,0.23414008973689238
853,29,44.941487,-93.172684,2025-03-28T03:00:02Z,-0.259867,Summit Avenue East,-0.054686,-0.083596,0.2784056527820511
854,30,44.941488,-93.172513,2025-03-28T03:00:03Z,-0.192439,Summit Avenue East,0.016581,-0.024053,0.19464389302261706
855,31,44.941488,-93.172344,2025-03-28T03:00:04Z,-0.096847,Summit Avenue East,-0.08835,0.015753,0.13203492309991324
856,32,44.941487,-93.172173,2025-03-28T03:00:05Z,-0.034799,Summit Avenue East,-0.001876,-0.010298,0.03633921547034277
857,33,44.941485,-93.172003,2025-03-28T03:00:06Z,-0.11839,Summit Avenue East,-0.025886,-0.105633,0.1607625820425885
858,34,44.941484,-93.171831,2025-03-28T03:00:07Z,-0.082975,Summit Avenue East,-0.039906,-0.084829,0.12519304574136694
859,35,44.941485,-93.17166,2025-03-28T03:00:08Z,-0.184235,Summit Avenue East,-0.013316,-0.049769,0.19130291279016115
860,36,44.941483,-93.171491,2025-03-28T03:00:09Z,-0.136187,Summit Avenue East,-0.07031,-0.054013,0.16250476681623835
861,37,44.941484,-93.171321,2025-03-28T03:00:10Z,-0.169274,Summit Avenue East,-0.085942,-0.06637,0.20110865555713908
862,38,44.941483,-93.171154,2025-03-28T03:00:11Z,-0.096475,Summit Avenue East,0.050767,-0.023516,0.1115245092793508
863,39,44.941485,-93.170986,2025-03-28T03:00:12Z,-0.112858,Summit Avenue East,-0.05408,-0.005883,0.12528441344796246
864,40,44.941487,-93.170821,2025-03-28T03:00:13Z,-0.127555,Summit Avenue East,-0.183353,-0.053707,0.2297238396052965
865,41,44.941487,-93.170655,2025-03-28T03:00:14Z,-0.086178,Summit Avenue East,0.136425,-0.053734,0.17007578035981488
866,42,44.941487,-93.170492,2025-03-28T03:00:15Z,-0.029309,Summit Avenue East,-0.218551,0.098566,0.24153429039786461
867,43,44.941486,-93.17033,2025-03-28T03:00:16Z,-0.04603,Summit Avenue East,0.114665,0.011328,0.12407718045232977
868,44,44.941486,-93.170167,2025-03-28T03:00:17Z,-0.074801,Summit Avenue East,-0.052618,-0.070212,0.11529773835162596
869,45,44.941484,-93.170006,2025-03-28T03:00:18Z,-0.071355,Summit Avenue East,0.005325,-0.061697,0.09447968807632676
870,46,44.941484,-93.169846,2025-03-28T03:00:19Z,-0.045458,Summit Avenue East,0.019642,-0.032866,0.0594340969814466
871,47,44.941485,-93.169685,2025-03-28T03:00:20Z,-0.040406,Summit Avenue East,0.034887,4.69e-4,0.05338508748705016
872,48,44.941484,-93.169526,2025-03-28T03:00:21Z,0.099892,Summit Avenue East,-0.14374,0.077961,0.1916181535893716
873,49,44.941482,-93.169367,2025-03-28T03:00:22Z,0.020063,Summit Avenue East,0.11134,-0.032941,0.11783135851716214
874,50,44.941481,-93.169209,2025-03-28T03:00:23Z,0.02354,Summit Avenue East,0.021562,0.013294,0.03458007923646214
875,51,44.94148,-93.169049,2025-03-28T03:00:24Z,-0.08737,Summit Avenue East,0.042966,-0.100903,0.14021772165100957
876,52,44.941481,-93.16889,2025-03-28T03:00:25Z,-0.090924,Summit Avenue East,0.094164,-0.088937,0.158252401691096
877,53,44.941481,-93.168735,2025-03-28T03:00:26Z,0.011729,Summit Avenue East,0.007598,0.018154,0.022909970776934657
878,54,44.941481,-93.168579,2025-03-28T03:00:27Z,0.083934,Summit Avenue East,0.027579,0.012544,0.0892349120748152
879,55,44.94148,-93.168423,2025-03-28T03:00:28Z,0.023874,Summit Avenue East,0.002089,-0.02979,0.03823317796103275
880,56,44.941478,-93.168265,2025-03-28T03:00:29Z,0.06062,Summit Avenue East,3.1e-4,-0.025645,0.0658220823508342
881,57,44.941474,-93.168107,2025-03-28T03:00:30Z,-0.077645,Summit Avenue East,-0.062155,0.074665,0.12436580026277322
882,58,44.941475,-93.167951,2025-03-28T03:00:31Z,-0.403565,Summit Avenue East,-0.09836,0.08458,0.4239023180226784
883,59,44.941475,-93.167804,2025-03-28T03:00:32Z,-0.603321,Summit Avenue East,-0.151088,0.13087,0.6355712152741029
884,60,44.941466,-93.167662000000007,2025-03-28T03:00:33Z,-1.194773,Summit Avenue East,-0.289295,0.23451,1.2514667629042333
885,61,44.941464,-93.16754,2025-03-28T03:00:34Z,-1.268206,Summit Avenue East,-0.299021,0.227665,1.3227211985531946
886,62,44.941471,-93.167442,2025-03-28T03:00:35Z,-1.320166,Summit Avenue East,-0.315451,0.258831,1.381789089375799
887,63,44.941467,-93.167377,2025-03-28T03:00:36Z,-1.292748,Summit Avenue East,-0.28976,0.269257,1.3519088656980545
888,1,44.941696,-93.167191,2025-03-28T02:53:42Z,0.776724,Summit Avenue West S,0.253004,-0.843682,1.1743553607473336
889,2,44.94171,-93.167245,2025-03-28T02:53:43Z,0.237936,Summit Avenue West S,-0.027726,-1.094257,1.1201699215837748
890,3,44.941704,-93.167334,2025-03-28T02:53:44Z,0.149212,Summit Avenue West S,0.143168,-0.541618,0.5797511147828869
891,4,44.941702,-93.167423,2025-03-28T02:53:45Z,0.031139,Summit Avenue West S,0.103399,-0.490965,0.5027003299650797
892,5,44.941695,-93.167524,2025-03-28T02:53:46Z,0.070531,Summit Avenue West S,-0.018779,-0.388504,0.39530068405961555
893,6,44.941694,-93.167633,2025-03-28T02:53:47Z,-0.043655,Summit Avenue West S,-0.005069,-0.414484,0.4168074376039852
894,7,44.941693,-93.167744,2025-03-28T02:53:48Z,-0.060144,Summit Avenue West S,-0.014235,-0.541029,0.5445478076367584
895,8,44.941692,-93.167863,2025-03-28T02:53:49Z,-0.498833,Summit Avenue West S,-0.121005,-0.28753,0.5883451986835619
896,9,44.941691,-93.167987,2025-03-28T02:53:50Z,-0.517709,Summit Avenue West S,-0.007917,-0.19531,0.553381679919023
897,10,44.941697,-93.168106,2025-03-28T02:53:51Z,-0.405541,Summit Avenue West S,-0.284639,-0.333452,0.5972211477384236
898,11,44.941699,-93.168228,2025-03-28T02:53:52Z,-0.415206,Summit Avenue West S,-0.018718,-0.214692,0.46780235230704004
899,12,44.9417,-93.168357,2025-03-28T02:53:53Z,-0.857385,Summit Avenue West S,-0.177016,-0.182023,0.894190178323381
900,13,44.941699,-93.168485,2025-03-28T02:53:54Z,-1.926301,Summit Avenue West S,-0.459951,0.240342,1.9949823913924654
901,14,44.941693,-93.168594,2025-03-28T02:53:55Z,-1.019676,Summit Avenue West S,-0.312778,0.173291,1.080554946747735
902,15,44.941693,-93.168685,2025-03-28T02:53:56Z,-0.958884,Summit Avenue West S,-0.193665,0.302101,1.0238308805081042
903,16,44.941698,-93.168766,2025-03-28T02:53:57Z,-1.360514,Summit Avenue West S,-0.32216,-0.121331,1.403391114891711
904,17,44.941695,-93.16884,2025-03-28T02:53:58Z,-1.481744,Summit Avenue West S,-0.376867,0.108949,1.5327961057577097
905,18,44.941699,-93.168886,2025-03-28T02:53:59Z,-1.61605,Summit Avenue West S,-0.39412,0.117716,1.6675746560667082
906,19,44.941696,-93.168921,2025-03-28T02:54:00Z,-0.632786,Summit Avenue West S,-0.121014,-0.018343,0.6445145270984975
907,20,44.941696,-93.168931,2025-03-28T02:54:01Z,0.706791,Summit Avenue West S,0.197061,-0.319489,0.8002873087354316
908,21,44.941694,-93.168959,2025-03-28T02:54:02Z,1.178695,Summit Avenue West S,0.331518,-0.443854,1.3023948942870591
909,22,44.941693,-93.168994,2025-03-28T02:54:03Z,1.350039,Summit Avenue West S,0.205701,-0.369635,1.4147608406183003
910,23,44.941694,-93.169045,2025-03-28T02:54:04Z,1.080396,Summit Avenue West S,0.231088,-0.420877,1.1822836502671428
911,24,44.941692,-93.169104,2025-03-28T02:54:05Z,0.71402,Summit Avenue West S,0.186165,-0.080768,0.7422974049860339
912,25,44.941691,-93.169175,2025-03-28T02:54:06Z,0.380964,Summit Avenue West S,0.021583,-0.245313,0.45362744973601415
913,26,44.941688,-93.169259,2025-03-28T02:54:07Z,0.186869,Summit Avenue West S,0.146935,-0.05547,0.2441041545857014
914,27,44.941687,-93.169346,2025-03-28T02:54:08Z,0.052373,Summit Avenue West S,-0.013431,0.174442,0.1826289523980248
915,28,44.941685,-93.169431,2025-03-28T02:54:09Z,0.08669,Summit Avenue West S,0.056056,0.213613,0.23725080612086444
916,29,44.941686,-93.169517,2025-03-28T02:54:10Z,0.538521,Summit Avenue West S,0.037226,-0.26729,0.6023575239149919
917,30,44.941692,-93.169609,2025-03-28T02:54:11Z,0.318564,Summit Avenue West S,0.017733,-0.270185,0.4180878084924266
918,31,44.941694,-93.16971,2025-03-28T02:54:12Z,0.176296,Summit Avenue West S,0.098726,-0.147243,0.25001520701949315
919,32,44.941694,-93.169812,2025-03-28T02:54:13Z,3.77e-4,Summit Avenue West S,-0.119226,-0.071795,0.13917436268939765
920,33,44.941688,-93.169909,2025-03-28T02:54:14Z,0.014769,Summit Avenue West S,0.098023,-0.153499,0.18272540844392715
921,34,44.941687,-93.17002,2025-03-28T02:54:15Z,-0.279767,Summit Avenue West S,-0.014347,0.059844,0.28645543289314657
922,35,44.941687,-93.170142,2025-03-28T02:54:16Z,-0.43399,Summit Avenue West S,-0.196811,0.065867,0.48106169200010096
923,36,44.941688,-93.170259,2025-03-28T02:54:17Z,-1.071269,Summit Avenue West S,-0.2534,0.124262,1.1078221314836603
924,37,44.941691,-93.170377,2025-03-28T02:54:18Z,-1.3775,Summit Avenue West S,-0.306566,0.174291,1.4219234561104195
925,38,44.941697,-93.170454,2025-03-28T02:54:19Z,-1.475904,Summit Avenue West S,-0.355767,0.320601,1.5516596845655302
926,39,44.941701,-93.170535,2025-03-28T02:54:20Z,-1.592901,Summit Avenue West S,-0.398804,0.259074,1.6623770822809725
927,40,44.9417,-93.170584,2025-03-28T02:54:21Z,-1.630754,Summit Avenue West S,-0.350256,0.301569,1.6949872376549033
928,41,44.941699,-93.170617,2025-03-28T02:54:22Z,-0.937151,Summit Avenue West S,-0.25916,0.154781,0.9845674483558757
929,42,44.941698,-93.170633,2025-03-28T02:54:23Z,0.700478,Summit Avenue West S,0.162521,-0.128374,0.730453549379425
930,43,44.941698,-93.170649,2025-03-28T02:54:24Z,1.658141,Summit Avenue West S,0.401846,-0.330259,1.737809768265215
931,44,44.941698,-93.170679,2025-03-28T02:54:25Z,1.284525,Summit Avenue West S,0.35992,-0.261663,1.359416936629083
932,45,44.9417,-93.170725,2025-03-28T02:54:26Z,1.219764,Summit Avenue West S,0.095867,-0.202969,1.2402463917891478
933,46,44.941703,-93.170786,2025-03-28T02:54:27Z,0.998172,Summit Avenue West S,0.272224,-0.314751,1.08144414546522
934,47,44.941697,-93.170856,2025-03-28T02:54:28Z,0.686466,Summit Avenue West S,0.17358,-0.171512,0.7285478376194662
935,48,44.941694,-93.170938,2025-03-28T02:54:29Z,0.188689,Summit Avenue West S,-0.049633,0.085345,0.2129571375535462
936,49,44.941693,-93.171026,2025-03-28T02:54:30Z,0.661291,Summit Avenue West S,0.054947,-0.075063,0.6678019268158786
937,50,44.941691,-93.171119,2025-03-28T02:54:31Z,0.622728,Summit Avenue West S,0.244591,-0.097896,0.6761645850538166
938,51,44.941689,-93.171226,2025-03-28T02:54:32Z,0.38471,Summit Avenue West S,0.129913,-0.153971,0.4342651730337122
939,52,44.941681,-93.171345,2025-03-28T02:54:33Z,-0.021329999999999998,Summit Avenue West S,-0.093013,0.091057,0.13190058497974905
940,53,44.941676,-93.171466,2025-03-28T02:54:34Z,-0.001941,Summit Avenue West S,0.034298,0.111679,0.11684313983285455
941,54,44.941684,-93.171587,2025-03-28T02:54:35Z,0.075485,Summit Avenue West S,-0.045654,-0.072812,0.1143847030201154
942,55,44.941687,-93.171706,2025-03-28T02:54:36Z,-0.071025,Summit Avenue West S,-0.001479,-0.015098,0.07262704503144818
943,56,44.94169,-93.171833,2025-03-28T02:54:37Z,-0.10153,Summit Avenue West S,-0.004585,-0.021333,0.10384825474701055
944,57,44.941689,-93.171967,2025-03-28T02:54:38Z,-0.317679,Summit Avenue West S,-0.168352,0.003053,0.35954368824108146
945,58,44.941688,-93.172104,2025-03-28T02:54:39Z,-0.352387,Summit Avenue West S,0.004779,0.040788,0.3547718951016272
946,59,44.941688,-93.172236,2025-03-28T02:54:40Z,-0.342664,Summit Avenue West S,-0.100776,-0.01606,0.3575364913851452
947,60,44.941689,-93.172369,2025-03-28T02:54:41Z,-0.344273,Summit Avenue West S,-0.113959,0.008955,0.36275438554895517
948,61,44.941688,-93.1725,2025-03-28T02:54:42Z,-0.317503,Summit Avenue West S,-0.084573,0.132957,0.3544549494463295
949,62,44.941685,-93.172635,2025-03-28T02:54:43Z,-0.296928,Summit Avenue West S,-0.087702,0.016947,0.31007269921262015
950,63,44.941683,-93.172764,2025-03-28T02:54:44Z,-0.218823,Summit Avenue West S,-0.066858,0.241277,0.33251780136106995
951,64,44.941697,-93.172877,2025-03-28T02:54:45Z,-0.166337,Summit Avenue West S,-0.080148,0.038934,0.18869964448562165
952,65,44.9417,-93.172997,2025-03-28T02:54:46Z,-0.225841,Summit Avenue West S,-0.054819,-0.08605,0.24781824497401317
953,66,44.941705,-93.173118,2025-03-28T02:54:47Z,-0.274154,Summit Avenue West S,-0.032467,-0.112784,0.2982193026297929
954,67,44.941706,-93.173245,2025-03-28T02:54:48Z,-0.258708,Summit Avenue West S,-0.009936,0.242193,0.35452221737008244
955,68,44.941706,-93.173364,2025-03-28T02:54:49Z,-0.070801,Summit Avenue West S,-0.288085,0.659462,0.7231153976164524
956,69,44.941709,-93.173479,2025-03-28T02:54:50Z,-0.068808,Summit Avenue West S,0.103224,-0.070122,0.1425020348065248
957,70,44.941714,-93.173595,2025-03-28T02:54:51Z,-0.202337,Summit Avenue West S,-0.090303,-0.236965,0.3244184097781752
958,71,44.941718,-93.173706,2025-03-28T02:54:52Z,-1.070359,Summit Avenue West S,-0.203193,-0.288887,1.127125318187379
959,72,44.941722,-93.173812,2025-03-28T02:54:53Z,-1.07218,Summit Avenue West S,-0.31002,-0.075038,1.1186210503311655
960,73,44.941719,-93.173908,2025-03-28T02:54:54Z,-1.369345,Summit Avenue West S,-0.336442,0.160124,1.4191330606271562
961,74,44.941715,-93.173984,2025-03-28T02:54:55Z,-1.382616,Summit Avenue West S,-0.319846,0.217775,1.4357417657075384
962,75,44.94171,-93.174045,2025-03-28T02:54:56Z,-1.461657,Summit Avenue West S,-0.320485,0.339003,1.5342994671455112
963,1,44.941285,-93.174003,2025-03-28T02:44:41Z,0.337829,Summit Avenue East S,0.082659,-0.129796,0.37122492526499345
964,2,44.941285,-93.174003,2025-03-28T02:44:42Z,0.941215,Summit Avenue East S,0.239005,-0.273736,1.0089303563408132
965,3,44.941285,-93.174003,2025-03-28T02:44:43Z,1.084996,Summit Avenue East S,0.259604,-0.03991,1.1163347907021441
966,4,44.941285,-93.174003,2025-03-28T02:44:44Z,0.935108,Summit Avenue East S,0.211532,-0.1464,0.9698482967392376
967,5,44.941287,-93.173921000000007,2025-03-28T02:44:45Z,0.816354,Summit Avenue East S,0.217344,-0.112941,0.8523074193816454
968,6,44.941286,-93.173867,2025-03-28T02:44:46Z,0.647144,Summit Avenue East S,0.136898,-0.119097,0.6721015656498652
969,7,44.941289,-93.173798,2025-03-28T02:44:47Z,0.5395,Summit Avenue East S,0.110094,0.062639,0.5541701752683916
970,8,44.941292,-93.17372,2025-03-28T02:44:48Z,0.449876,Summit Avenue East S,0.114905,-0.111212,0.47745123661479816
971,9,44.941294,-93.173633,2025-03-28T02:44:49Z,0.275977,Summit Avenue East S,0.156935,0.158726,0.3549448433630217
972,10,44.941298,-93.173538,2025-03-28T02:44:50Z,0.267675,Summit Avenue East S,-0.025915,-0.114619,0.2923337271185109
973,11,44.941301,-93.173442,2025-03-28T02:44:51Z,0.241748,Summit Avenue East S,0.088858,0.043038,0.261132359373556
974,12,44.941295,-93.173328,2025-03-28T02:44:52Z,0.090223,Summit Avenue East S,-0.003621,-0.016457,0.09178308242263386
975,13,44.941295,-93.173207,2025-03-28T02:44:53Z,-0.073487,Summit Avenue East S,0.001728,-0.097875,0.12240441486319029
976,14,44.941298,-93.173082,2025-03-28T02:44:54Z,-0.465823,Summit Avenue East S,-0.084916,0.073112,0.47911080026336283
977,15,44.9413,-93.172952,2025-03-28T02:44:55Z,-0.573211,Summit Avenue East S,-0.207414,0.10784,0.6190483692870857
978,16,44.941297,-93.172827,2025-03-28T02:44:56Z,-0.527286,Summit Avenue East S,-0.173095,0.067083,0.5590103162822668
979,17,44.941299,-93.172707,2025-03-28T02:44:57Z,-0.508037,Summit Avenue East S,-0.076258,0.143561,0.5334103829641864
980,18,44.9413,-93.172589,2025-03-28T02:44:58Z,-0.540168,Summit Avenue East S,-0.111402,0.237649,0.6005571754870638
981,19,44.9413,-93.172472,2025-03-28T02:44:59Z,-0.353701,Summit Avenue East S,-0.109131,0.099977,0.3834180135191877
982,20,44.941299,-93.172357,2025-03-28T02:45:00Z,-0.233492,Summit Avenue East S,0.005171,-0.015179,0.23404199483426047
983,21,44.941298,-93.172243,2025-03-28T02:45:01Z,-0.240634,Summit Avenue East S,-0.187578,-0.098156,0.32050714247267564
984,22,44.941297,-93.172124,2025-03-28T02:45:02Z,-0.353861,Summit Avenue East S,-0.004631,0.161651,0.38906310449977133
985,23,44.941298,-93.172008,2025-03-28T02:45:03Z,-0.236288,Summit Avenue East S,-0.065415,-0.01339,0.24554110301332444
986,24,44.941295,-93.171898,2025-03-28T02:45:04Z,0.048119,Summit Avenue East S,0.023135,0.016847,0.05598649654157688
987,25,44.941295,-93.171786,2025-03-28T02:45:05Z,0.025979,Summit Avenue East S,-0.053987,-0.015667,0.06192704981669965
988,26,44.941298,-93.171668,2025-03-28T02:45:06Z,-0.094741,Summit Avenue East S,0.04532,-0.029702,0.10914196390481527
989,27,44.941297,-93.171547,2025-03-28T02:45:07Z,-0.025674,Summit Avenue East S,-0.066387,0.063614,0.09546271021189373
990,28,44.941294,-93.171433,2025-03-28T02:45:08Z,-0.08478,Summit Avenue East S,0.06446,0.082436,0.13467900391672044
991,29,44.941295,-93.171315,2025-03-28T02:45:09Z,-0.140246,Summit Avenue East S,-0.152007,-0.056769,0.21447094890917046
992,30,44.941295,-93.171199,2025-03-28T02:45:10Z,-0.493138,Summit Avenue East S,-0.087308,0.089698,0.5087764785364984
993,31,44.941294,-93.171083,2025-03-28T02:45:11Z,-1.094223,Summit Avenue East S,-0.304892,0.116124,1.1418265580940916
994,32,44.941293,-93.170976,2025-03-28T02:45:12Z,-1.117494,Summit Avenue East S,-0.246642,0.219674,1.1652818467975892
995,33,44.941295,-93.170885,2025-03-28T02:45:13Z,-1.154358,Summit Avenue East S,-0.228511,0.125356,1.1834161550447924
996,34,44.941295,-93.170809,2025-03-28T02:45:14Z,-1.30315,Summit Avenue East S,-0.298031,0.168886,1.3474215674602363
997,35,44.941294,-93.170753,2025-03-28T02:45:15Z,-1.41088,Summit Avenue East S,-0.339459,0.296662,1.481156011136234
998,36,44.941294,-93.170716,2025-03-28T02:45:16Z,-0.999915,Summit Avenue East S,-0.231308,0.216014,1.0488066772694575
999,37,44.941293,-93.170699,2025-03-28T02:45:17Z,0.605651,Summit Avenue East S,0.127184,-0.130609,0.6324931735109874
1000,38,44.941293,-93.170695,2025-03-28T02:45:18Z,1.254131,Summit Avenue East S,0.269855,-0.247903,1.3065688591096147
1001,39,44.941295,-93.170678,2025-03-28T02:45:19Z,1.255701,Summit Avenue East S,0.28782,-0.170888,1.2995491765781702
1002,40,44.941296,-93.170644,2025-03-28T02:45:20Z,1.105313,Summit Avenue East S,0.243235,-0.099173,1.1360965527291242
1003,41,44.941295,-93.170599,2025-03-28T02:45:21Z,0.94228,Summit Avenue East S,0.243821,-0.200984,0.9938485028901538
1004,42,44.941294,-93.170543,2025-03-28T02:45:22Z,0.914545,Summit Avenue East S,0.184664,-0.220935,0.9588042679014316
1005,43,44.941292,-93.170475,2025-03-28T02:45:23Z,0.840599,Summit Avenue East S,-0.04126,-0.271785,0.8844072323460499
1006,44,44.941294,-93.170399,2025-03-28T02:45:24Z,0.456311,Summit Avenue East S,0.408913,-0.173576,0.6368345138778205
1007,45,44.941298,-93.170316,2025-03-28T02:45:25Z,0.226293,Summit Avenue East S,-0.028046,0.03456,0.2306284751824891
1008,46,44.941299,-93.170226,2025-03-28T02:45:26Z,-0.25024,Summit Avenue East S,-0.125116,0.016601,0.2802671301758378
1009,47,44.94131,-93.170129,2025-03-28T02:45:27Z,-0.335932,Summit Avenue East S,-0.041038,0.065762,0.34475943310082174
1010,48,44.941296,-93.170045,2025-03-28T02:45:28Z,-0.691383,Summit Avenue East S,-0.162276,0.106492,0.7181117593585277
1011,49,44.941305,-93.169953,2025-03-28T02:45:29Z,-1.247013,Summit Avenue East S,-0.285961,0.252075,1.3039773469332203
1012,50,44.941301,-93.169889,2025-03-28T02:45:30Z,-1.117775,Summit Avenue East S,-0.271982,0.211761,1.1697170085409547
1013,51,44.941301,-93.169842,2025-03-28T02:45:31Z,-1.124676,Summit Avenue East S,-0.267433,0.2227,1.1772900256372683
1014,52,44.941298,-93.169802,2025-03-28T02:45:32Z,-0.904157,Summit Avenue East S,-0.202769,0.140922,0.9372695226529028
1015,53,44.9413,-93.169796,2025-03-28T02:45:33Z,-0.012134,Summit Avenue East S,0.005221,-0.02012,0.024068801320381535
1016,54,44.941297,-93.1698,2025-03-28T02:45:34Z,0.740596,Summit Avenue East S,0.180037,-0.148912,0.776576165182141
1017,55,44.941298,-93.169789,2025-03-28T02:45:35Z,1.648581,Summit Avenue East S,0.386688,-0.331762,1.7255181678408953
1018,56,44.941303,-93.169753,2025-03-28T02:45:36Z,1.314692,Summit Avenue East S,0.302016,-0.295001,1.3808165370971626
1019,57,44.941298,-93.169697,2025-03-28T02:45:36Z,0.967152,Summit Avenue East S,0.217428,-0.21649,1.0146555309010048
1020,58,44.941288,-93.169621,2025-03-28T02:45:37Z,0.47432,Summit Avenue East S,0.067247,-0.164614,0.5065564039719566
1021,59,44.941293,-93.169556,2025-03-28T02:45:38Z,-0.048795,Summit Avenue East S,-0.203351,0.065259,0.21906920894320134
1022,60,44.941295,-93.169482,2025-03-28T02:45:39Z,-0.334386,Summit Avenue East S,-0.157421,-0.14306,0.39630989369053105
1023,61,44.941276,-93.169411,2025-03-28T02:45:40Z,-0.622319,Summit Avenue East S,0.141509,0.519835,0.8231246333739503
1024,62,44.941282,-93.169351,2025-03-28T02:45:41Z,0.460143,Summit Avenue East S,0.023877,-0.074676,0.4667742458126841
1025,63,44.941281,-93.169293,2025-03-28T02:45:42Z,0.459263,Summit Avenue East S,0.050782,-0.142292,0.48347526095654575
1026,64,44.941297,-93.169221,2025-03-28T02:45:43Z,0.063139,Summit Avenue East S,0.019839,0.011805,0.06722705755125685
1027,65,44.941281,-93.169146,2025-03-28T02:45:44Z,-0.055731,Summit Avenue East S,-0.026573,0.01741,0.06414964372465369
1028,66,44.941281,-93.169074,2025-03-28T02:45:45Z,-0.077003,Summit Avenue East S,-0.005739,-0.044902,0.08932294069274702
1029,67,44.941289,-93.169004,2025-03-28T02:45:46Z,-0.025226,Summit Avenue East S,-0.090981,-0.047877,0.10585887098396621
1030,68,44.941289,-93.168929,2025-03-28T02:45:47Z,0.040515,Summit Avenue East S,0.060707,0.039346,0.08291509386113001
1031,69,44.941291,-93.168854,2025-03-28T02:45:48Z,0.082784,Summit Avenue East S,0.003392,-0.099265,0.12929901989187698
1032,70,44.941291,-93.168779,2025-03-28T02:45:49Z,-0.029534,Summit Avenue East S,-0.06681,0.052029,0.08968193852164437
1033,71,44.941291,-93.168698,2025-03-28T02:45:50Z,-0.246007,Summit Avenue East S,0.030816,-0.063068,0.25582541415778065
1034,72,44.941289,-93.16862,2025-03-28T02:45:51Z,-0.077349,Summit Avenue East S,0.013958,0.10643,0.13230660779038966
1035,73,44.941287,-93.168544,2025-03-28T02:45:52Z,-0.022985,Summit Avenue East S,0.001218,0.041077,0.04708623660901347
1036,74,44.941285,-93.16847,2025-03-28T02:45:53Z,0.093309,Summit Avenue East S,0.011741,-0.045342,0.10440458575177625
1037,75,44.941285,-93.16839,2025-03-28T02:45:54Z,0.181543,Summit Avenue East S,0.041219,-0.122909,0.22307731639725273
1038,76,44.941285,-93.168309,2025-03-28T02:45:55Z,0.111424,Summit Avenue East S,0.024918,4.14e-4,0.1141769937246554
1039,77,44.941286,-93.168228,2025-03-28T02:45:56Z,0.188658,Summit Avenue East S,0.097049,-0.053402,0.21877413688322483
1040,78,44.941287,-93.168139,2025-03-28T02:45:57Z,0.192196,Summit Avenue East S,-0.036293,-0.080974,0.2116914569391028
1041,79,44.941287,-93.168045,2025-03-28T02:45:58Z,-0.009494,Summit Avenue East S,0.063709,-0.009729,0.06514312057308891
1042,80,44.941287,-93.167952,2025-03-28T02:45:59Z,0.008557,Summit Avenue East S,-0.030145,-0.112122,0.1164185816697661
1043,81,44.941287,-93.167854,2025-03-28T02:46:00Z,-0.087898,Summit Avenue East S,-0.010304,0.044507,0.09906111178964226
1044,82,44.941287,-93.167755,2025-03-28T02:46:01Z,-0.313718,Summit Avenue East S,-0.044264,0.154897,0.3526632470629737
1045,83,44.941289,-93.167663,2025-03-28T02:46:02Z,-0.527884,Summit Avenue East S,-0.218372,0.083089,0.5772795074840263
1046,84,44.941291,-93.167588,2025-03-28T02:46:03Z,-0.738621,Summit Avenue East S,-0.087682,0.175731,0.7642843051679133
1047,85,44.941294,-93.167506,2025-03-28T02:46:04Z,-0.929666,Summit Avenue East S,-0.248048,0.155141,0.9746155199569726
1048,86,44.941295,-93.167429,2025-03-28T02:46:05Z,-1.138049,Summit Avenue East S,-0.228051,0.303254,1.1996356836631694
1049,87,44.941292,-93.167371,2025-03-28T02:46:06Z,-0.623596,Summit Avenue East S,-0.198041,0.222017,0.6909296325864162
1050,88,44.941293,-93.167327,2025-03-28T02:46:07Z,-0.841953,Summit Avenue East S,-0.182807,0.121755,0.8701307565435208
1051,89,44.941291,-93.167286,2025-03-28T02:46:08Z,-0.735531,Summit Avenue East S,-0.172059,0.102306,0.762283850726224
1052,90,44.941287,-93.167272,2025-03-28T02:46:09Z,-0.45547,Summit Avenue East S,-0.2001,0.12722,0.5134957247144323
1053,1,44.934375,-93.171068,2025-03-28T02:36:15Z,-0.077488,Vernon and Cambridge,-0.029451,1.67606,1.678108719703524
1054,2,44.934419,-93.171087,2025-03-28T02:36:16Z,0.316967,Vernon and Cambridge,-0.10843,0.603238,0.6900153828959178
1055,3,44.934466,-93.171044,2025-03-28T02:36:17Z,0.478528,Vernon and Cambridge,0.159661,0.239184,0.5582917405452099
1056,4,44.934518,-93.171044,2025-03-28T02:36:18Z,0.474254,Vernon and Cambridge,0.1697,0.117814,0.5172959357195841
1057,5,44.934578,-93.171044,2025-03-28T02:36:19Z,0.231564,Vernon and Cambridge,-0.019972,-0.007969,0.2325602542159773
1058,6,44.934648,-93.17105,2025-03-28T02:36:20Z,0.094515,Vernon and Cambridge,0.076274,-0.036957,0.12695128258509245
1059,7,44.934725,-93.171049,2025-03-28T02:36:21Z,-0.137307,Vernon and Cambridge,0.044324,-0.078153,0.16409058667089957
1060,8,44.934808,-93.171047,2025-03-28T02:36:22Z,-0.30187,Vernon and Cambridge,-0.112321,-0.014366,0.32240950032063265
1061,9,44.934888,-93.171048,2025-03-28T02:36:23Z,-0.410712,Vernon and Cambridge,-0.043229,0.104685,0.426042301432616
1062,10,44.934969,-93.171047,2025-03-28T02:36:24Z,-0.540901,Vernon and Cambridge,-0.260635,-0.008804,0.6004848086687955
1063,11,44.93505,-93.171047,2025-03-28T02:36:25Z,-0.395645,Vernon and Cambridge,-0.03599,0.05933,0.4016843226029615
1064,12,44.93513,-93.171045,2025-03-28T02:36:26Z,-0.564309,Vernon and Cambridge,-0.22347,-0.053725,0.609319180730428
1065,13,44.935214,-93.171044,2025-03-28T02:36:27Z,-0.340703,Vernon and Cambridge,-0.157271,-0.258083,0.455433350270926
1066,14,44.935295000000004,-93.171043,2025-03-28T02:36:28Z,-0.358362,Vernon and Cambridge,-0.064959,-0.068014,0.37049817667702495
1067,15,44.935377,-93.171043,2025-03-28T02:36:29Z,-0.189769,Vernon and Cambridge,-0.089614,0.029477,0.21192412766365232
1068,16,44.93546,-93.171043,2025-03-28T02:36:30Z,-0.421674,Vernon and Cambridge,-0.056243,0.007653,0.425477150660291
1069,17,44.935539,-93.171046,2025-03-28T02:36:31Z,-0.534749,Vernon and Cambridge,-0.101228,0.018631,0.5445647024422351
1070,18,44.935617,-93.171046,2025-03-28T02:36:32Z,-0.58822,Vernon and Cambridge,-0.212665,0.053884,0.6277998535210086
1071,19,44.935692,-93.171047,2025-03-28T02:36:33Z,-0.282919,Vernon and Cambridge,-0.251944,-0.04283,0.38125234241509914
1072,20,44.935768,-93.171047,2025-03-28T02:36:34Z,-0.079717,Vernon and Cambridge,0.197127,0.001164,0.21263868207360578
1073,21,44.935845,-93.171047,2025-03-28T02:36:35Z,-0.248197,Vernon and Cambridge,-0.217117,-0.154916,0.3643357099626662
1074,22,44.935921,-93.171043,2025-03-28T02:36:36Z,-0.346764,Vernon and Cambridge,-0.084685,0.163649,0.39268029759844075
1075,23,44.935986,-93.171057,2025-03-28T02:36:37Z,-0.348092,Vernon and Cambridge,-0.097814,-0.040279,0.36381041340373976
1076,24,44.936053,-93.171062,2025-03-28T02:36:38Z,-0.422584,Vernon and Cambridge,-0.056411,0.168119,0.45828313970513906
1077,25,44.936125,-93.171062,2025-03-28T02:36:39Z,-0.285253,Vernon and Cambridge,-0.074532,-0.023428,0.29575862492410937
1078,26,44.93621,-93.171049,2025-03-28T02:36:40Z,-0.476884,Vernon and Cambridge,-0.201149,0.035918,0.5188153548045779
1079,27,44.936277,-93.171048,2025-03-28T02:36:41Z,-1.222087,Vernon and Cambridge,-0.266978,0.12597,1.2572359877735761
1080,28,44.936334,-93.171047,2025-03-28T02:36:42Z,-0.831287,Vernon and Cambridge,-0.3237,-0.361003,0.9623632019035224
1081,29,44.936385,-93.171048,2025-03-28T02:36:43Z,-0.779703,Vernon and Cambridge,0.02577,-2.056112,2.1991356069267307
1082,30,44.936434,-93.171066,2025-03-28T02:36:44Z,-0.583971,Vernon and Cambridge,-0.003885,-2.06644,2.147373161717823
1083,31,44.936495,-93.171093,2025-03-28T02:36:45Z,-0.308265,Vernon and Cambridge,0.048939,-1.891862,1.9174368732737983
1084,32,44.936522,-93.171184,2025-03-28T02:36:46Z,0.044086,Vernon and Cambridge,-0.039907,-0.917238,0.9191635832043173
1085,33,44.936514,-93.17128,2025-03-28T02:36:47Z,0.220521,Vernon and Cambridge,0.1107,0.101116,0.2666616712184186
1086,34,44.936516,-93.171369,2025-03-28T02:36:48Z,0.196423,Vernon and Cambridge,-0.066181,0.326654,0.3868652936178173
1087,35,44.936522,-93.17146,2025-03-28T02:36:49Z,-0.014779,Vernon and Cambridge,-0.063349,0.267432,0.27522970273209973
1088,36,44.936524,-93.171553,2025-03-28T02:36:50Z,-0.279339,Vernon and Cambridge,-0.012592,0.462467,0.5404299783265174
1089,37,44.936525,-93.17165,2025-03-28T02:36:51Z,-0.300947,Vernon and Cambridge,-0.149625,0.527419,0.6254019019758414
1090,38,44.936525,-93.171745,2025-03-28T02:36:52Z,-0.235607,Vernon and Cambridge,-0.081913,0.639979,0.6868722723032281
1091,39,44.936529,-93.171834,2025-03-28T02:36:53Z,-0.376221,Vernon and Cambridge,-0.208752,0.696495,0.8186726594738583
1092,40,44.936534,-93.171928,2025-03-28T02:36:54Z,-0.538538,Vernon and Cambridge,-0.021418,0.30101,0.6173240059061368
1093,41,44.936539,-93.172017,2025-03-28T02:36:55Z,-0.617907,Vernon and Cambridge,-0.246864,0.295545,0.7280781154313045
1094,42,44.93654,-93.1721,2025-03-28T02:36:56Z,-0.955583,Vernon and Cambridge,-0.195525,0.401891,1.0549337758338198
1095,43,44.93654,-93.172176,2025-03-28T02:36:57Z,-1.307004,Vernon and Cambridge,-0.328123,0.546863,1.4542982156057265
1096,44,44.93654,-93.172236,2025-03-28T02:36:58Z,-1.239473,Vernon and Cambridge,-0.312159,0.495818,1.370974853209934
1097,45,44.93654,-93.17227,2025-03-28T02:36:59Z,-1.093946,Vernon and Cambridge,-0.296833,0.44527,1.217823079804698
1098,46,44.936542,-93.172299,2025-03-28T02:37:00Z,-0.814038,Vernon and Cambridge,-0.195675,0.36676,0.9140347196190088
1099,47,44.936542,-93.172317,2025-03-28T02:37:01Z,-0.409017,Vernon and Cambridge,-0.103408,0.29823,0.5166519656916057
1100,48,44.936543,-93.172326,2025-03-28T02:37:02Z,0.600226,Vernon and Cambridge,0.147816,0.070055,0.6221161659666143
1101,49,44.936543,-93.172342,2025-03-28T02:37:03Z,1.415257,Vernon and Cambridge,0.342277,-0.06887,1.4576861794220317
1102,50,44.936543,-93.172372,2025-03-28T02:37:04Z,1.143739,Vernon and Cambridge,0.263062,0.128949,1.1806643725318386
1103,51,44.936544,-93.172418,2025-03-28T02:37:05Z,0.467979,Vernon and Cambridge,0.053529,1.464902,1.5387681982306496
1104,52,44.936531,-93.172462,2025-03-28T02:37:06Z,-0.118992,Vernon and Cambridge,-0.127671,2.006413,2.0139891029680372
1105,53,44.93653,-93.17249,2025-03-28T02:37:07Z,-0.355901,Vernon and Cambridge,-0.214785,2.083863,2.1249195563114855
1106,54,44.936537,-93.172494,2025-03-28T02:37:08Z,-0.02781,Vernon and Cambridge,-0.075166,2.044579,2.0461492152081675
1107,55,44.936594,-93.172593,2025-03-28T02:37:09Z,0.631678,Vernon and Cambridge,0.118252,1.196298,1.357987310688874
1108,56,44.936641,-93.17244,2025-03-28T02:37:10Z,0.622548,Vernon and Cambridge,0.181532,-0.01813,0.6487284302603055
1109,57,44.936667,-93.172388,2025-03-28T02:37:11Z,0.340691,Vernon and Cambridge,0.074352,-0.230867,0.4182082604086151
1110,58,44.9367,-93.172321,2025-03-28T02:37:12Z,0.071671,Vernon and Cambridge,0.021562,-0.353052,0.36089800053339166
1111,59,44.93674,-93.172255,2025-03-28T02:37:12Z,0.002698,Vernon and Cambridge,-0.041253,-0.322171,0.32481262668498584
1112,60,44.936786,-93.172188,2025-03-28T02:37:13Z,-0.31579,Vernon and Cambridge,-0.015318,-0.352098,0.4732134474293815
1113,61,44.936832,-93.172116,2025-03-28T02:37:14Z,-0.241739,Vernon and Cambridge,-0.089998,-0.28825,0.38681448605888585
1114,62,44.936882,-93.172048,2025-03-28T02:37:15Z,-0.374518,Vernon and Cambridge,-0.181859,-0.463124,0.6227521718797936
1115,63,44.936936,-93.17198,2025-03-28T02:37:16Z,-0.523622,Vernon and Cambridge,0.038303,-0.303662,0.6065127607371505
1116,64,44.93699,-93.171917,2025-03-28T02:37:17Z,-0.448504,Vernon and Cambridge,-0.204332,-0.2299,0.5438395114737435
1117,65,44.937047,-93.171856,2025-03-28T02:37:18Z,-0.531288,Vernon and Cambridge,0.028786,-0.275682,0.5992463081771968
1118,66,44.937105,-93.171798,2025-03-28T02:37:19Z,-0.433622,Vernon and Cambridge,-0.111332,-0.421613,0.6149637183419847
1119,67,44.937165,-93.171745,2025-03-28T02:37:20Z,-0.537866,Vernon and Cambridge,-0.213363,-0.520396,0.7782259315526565
1120,68,44.937218,-93.171688,2025-03-28T02:37:21Z,-0.239904,Vernon and Cambridge,-0.157646,-0.385468,0.48061603131397934
1121,69,44.937282,-93.171641,2025-03-28T02:37:22Z,-0.414907,Vernon and Cambridge,-0.15895,-0.442779,0.6272688131813984
1122,70,44.937344,-93.171604,2025-03-28T02:37:23Z,-0.436519,Vernon and Cambridge,-0.024158,-0.069754,0.442716689137647
1123,71,44.937405,-93.171569,2025-03-28T02:37:24Z,-0.460067,Vernon and Cambridge,-0.112076,-0.305399,0.5634635955108369
1124,72,44.937468,-93.171537,2025-03-28T02:37:25Z,-0.315521,Vernon and Cambridge,0.004163,-0.332167,0.4581547204809746
1125,73,44.937531,-93.171509,2025-03-28T02:37:26Z,-0.322378,Vernon and Cambridge,-0.219718,-0.256951,0.4671481465327675
1126,74,44.937589,-93.171486,2025-03-28T02:37:27Z,-0.314176,Vernon and Cambridge,-0.029718,-0.15445,0.35134672476059886
1127,75,44.937652,-93.171469,2025-03-28T02:37:28Z,-0.250312,Vernon and Cambridge,-0.092103,-0.075206,0.2771191122766526
1128,76,44.937709,-93.171462,2025-03-28T02:37:29Z,-0.191098,Vernon and Cambridge,0.056919,0.335791,0.3905301702122385
1129,77,44.937767,-93.171427,2025-03-28T02:37:30Z,-0.002105,Vernon and Cambridge,-0.183483,-0.024699,0.18514989310015817
1130,78,44.937824,-93.171412,2025-03-28T02:37:32Z,-0.017919,Vernon and Cambridge,0.031251,-0.231744,0.2345271777385299
1131,79,44.937886,-93.171398,2025-03-28T02:37:33Z,-0.031847,Vernon and Cambridge,-0.047877,-0.410256,0.41426612711396044
1132,80,44.93795,-93.171389,2025-03-28T02:37:34Z,-0.03744,Vernon and Cambridge,0.051052,-0.124715,0.13986383209750833
1133,81,44.938018,-93.171386,2025-03-28T02:37:35Z,0.388329,Vernon and Cambridge,0.011403,-0.047018,0.3913312317896439
1134,82,44.938087,-93.171387,2025-03-28T02:37:36Z,0.477763,Vernon and Cambridge,-0.085527,-0.119111,0.4997597244866777
1135,83,44.93816,-93.171391,2025-03-28T02:37:37Z,0.430055,Vernon and Cambridge,0.186513,-0.017299,0.46907745372699383
1136,84,44.938238,-93.171402,2025-03-28T02:37:38Z,0.465053,Vernon and Cambridge,0.122509,-0.165378,0.508559367993551
1137,85,44.938323,-93.171414,2025-03-28T02:37:39Z,0.266733,Vernon and Cambridge,-0.200751,-0.056333,0.3385570323874546
1138,86,44.938414,-93.171426,2025-03-28T02:37:40Z,-0.084418000000000007,Vernon and Cambridge,0.054729,0.197028,0.22122769932583033
1139,87,44.9385,-93.171438,2025-03-28T02:37:41Z,-0.070502,Vernon and Cambridge,-0.03294,0.294424,0.30453418097152907
1140,88,44.938587,-93.17145,2025-03-28T02:37:42Z,0.037702,Vernon and Cambridge,-0.017054,0.198313,0.202584120031655
1141,89,44.938674,-93.171461,2025-03-28T02:37:43Z,-0.122627,Vernon and Cambridge,-0.08025,0.430263,0.45453678926793156
1142,90,44.938763,-93.171454,2025-03-28T02:37:44Z,-0.121719,Vernon and Cambridge,-0.096011,0.455056,0.48073858823481186
1143,91,44.938853,-93.171457,2025-03-28T02:37:45Z,-0.169613,Vernon and Cambridge,-0.084495,0.275455,0.33434029344217553
1144,92,44.938939,-93.171458,2025-03-28T02:37:46Z,-0.330265,Vernon and Cambridge,0.068492,0.281221,0.4391484659315116
1145,93,44.939024,-93.171453,2025-03-28T02:37:47Z,-0.144997,Vernon and Cambridge,-0.245511,0.215312,0.3572940504318537
1146,94,44.939113,-93.171455,2025-03-28T02:37:48Z,-0.261727,Vernon and Cambridge,-0.037468,0.172486,0.31568385094743123
1147,95,44.939198,-93.171454,2025-03-28T02:37:49Z,-0.229091,Vernon and Cambridge,-0.035293,-0.036325,0.23462264970586277
1148,96,44.939278,-93.171455,2025-03-28T02:37:50Z,-0.279933,Vernon and Cambridge,-0.010098,0.02068,0.28087740473914946
1149,97,44.939361,-93.171453,2025-03-28T02:37:51Z,-0.029916,Vernon and Cambridge,-0.009625,0.111147,0.11550438645350226
1150,98,44.939438,-93.171455,2025-03-28T02:37:52Z,0.102139,Vernon and Cambridge,-0.039125,-0.163172,0.19643890279168227
1151,99,44.939525,-93.171454,2025-03-28T02:37:53Z,-0.171511,Vernon and Cambridge,-0.108353,-0.017456,0.20362000801984073
1152,100,44.939606,-93.171456,2025-03-28T02:37:54Z,-0.518734,Vernon and Cambridge,-0.084462,0.079201,0.5314993796807292
1153,101,44.939687,-93.171458,2025-03-28T02:37:55Z,-0.97635,Vernon and Cambridge,-0.292843,0.332255,1.072105279426419
1154,102,44.939758,-93.171457,2025-03-28T02:37:56Z,-1.280101,Vernon and Cambridge,-0.258372,0.265489,1.332628631579706
1155,103,44.939816,-93.171457,2025-03-28T02:37:57Z,-0.814364,Vernon and Cambridge,-0.267246,0.133417,0.8674152666981368
1156,104,44.939864,-93.171456,2025-03-28T02:37:58Z,-0.836093,Vernon and Cambridge,-0.211573,0.103739,0.8686635822336516
1157,105,44.939901,-93.171457,2025-03-28T02:37:59Z,-0.852879,Vernon and Cambridge,-0.233229,0.126702,0.8932254765097108
1158,106,44.939932,-93.171458,2025-03-28T02:38:00Z,-0.802373,Vernon and Cambridge,-0.139403,0.220363,0.8436797255517049
1159,107,44.939948,-93.171458,2025-03-28T02:38:01Z,-0.203006,Vernon and Cambridge,-0.049064,-0.011302,0.20915651396980206
1160,108,44.939966,-93.17146,2025-03-28T02:38:02Z,0.030532,Vernon and Cambridge,-0.042665,-0.029936,0.06040421628495812
1161,109,44.93998,-93.171459,2025-03-28T02:38:03Z,0.25269200000000003,Vernon and Cambridge,0.106056,-0.015763,0.2744988054054152
1162,110,44.939992,-93.17146,2025-03-28T02:38:04Z,1.107078,Vernon and Cambridge,0.284662,-0.206007,1.1615046432868876
1163,111,44.940009,-93.171462,2025-03-28T02:38:05Z,1.32684,Vernon and Cambridge,0.32160300000000003,-0.223827,1.3834852370509778
1164,112,44.940037,-93.171464,2025-03-28T02:38:06Z,1.115544,Vernon and Cambridge,0.202663,-0.060659,1.13542512821674
1165,113,44.940074,-93.171465,2025-03-28T02:38:07Z,1.068029,Vernon and Cambridge,0.112059,-0.093075,1.0779174921797121
1166,114,44.940115,-93.171467,2025-03-28T02:38:08Z,0.979298,Vernon and Cambridge,0.17434,-0.11977,1.0018801631452736
1167,115,44.940164,-93.171465,2025-03-28T02:38:09Z,0.892958,Vernon and Cambridge,0.431179,-0.149816,1.0028629785075327
1168,116,44.940222,-93.171462,2025-03-28T02:38:10Z,0.357612,Vernon and Cambridge,0.094858,0.045696,0.37279016500438955
1169,117,44.940283,-93.171459,2025-03-28T02:38:11Z,0.303749,Vernon and Cambridge,-0.050027,0.59326,0.6683738350130113
1170,118,44.940344,-93.171448,2025-03-28T02:38:12Z,0.51488,Vernon and Cambridge,-0.039723,0.699945,0.8698289108520135
1171,119,44.940408,-93.171426,2025-03-28T02:38:13Z,0.586077,Vernon and Cambridge,0.119317,0.811663,1.0082259776394376
1172,120,44.940476,-93.171391,2025-03-28T02:38:14Z,0.099253,Vernon and Cambridge,0.045822,0.839509,0.8465968194920176
1173,121,44.940542,-93.171341,2025-03-28T02:38:15Z,-0.219927,Vernon and Cambridge,-0.161813,0.937421,0.9763756774618056
1174,122,44.940603,-93.171283,2025-03-28T02:38:16Z,-0.380114,Vernon and Cambridge,-0.085799,1.061027,1.1303213773639778
1175,123,44.940657,-93.171217,2025-03-28T02:38:17Z,-0.109271,Vernon and Cambridge,-0.15576,0.492005,0.5275132690899823
1176,124,44.9407,-93.171144,2025-03-28T02:38:18Z,-0.2572,Vernon and Cambridge,0.018882,0.21091,0.3331537153087145
1177,125,44.940745,-93.171066,2025-03-28T02:38:19Z,-0.203812,Vernon and Cambridge,-0.119545,-0.017491,0.2369309465857088
1178,126,44.940791,-93.170985,2025-03-28T02:38:20Z,-0.296767,Vernon and Cambridge,-0.040967,-0.339339,0.45265870620037785
1179,127,44.940837,-93.170904,2025-03-28T02:38:21Z,-0.516925,Vernon and Cambridge,-0.088265,-0.45507,0.6943276393389507
1180,128,44.940885,-93.170827,2025-03-28T02:38:22Z,-0.602701,Vernon and Cambridge,-0.174301,-0.541131,0.8285240450119719
1181,129,44.940935,-93.17076,2025-03-28T02:38:23Z,-0.837368,Vernon and Cambridge,-0.083181,-0.504962,0.9813719313435656
1182,130,44.940986,-93.170692,2025-03-28T02:38:24Z,-0.969935,Vernon and Cambridge,-0.251612,-0.388786,1.0748195460471492
1183,131,44.941031,-93.170638,2025-03-28T02:38:25Z,-0.880259,Vernon and Cambridge,-0.228042,-0.13365,0.9190872555666301
1184,132,44.94107,-93.170591,2025-03-28T02:38:26Z,-0.873762,Vernon and Cambridge,-0.240424,-0.211359,0.9305570156100056
1185,133,44.941105,-93.170553,2025-03-28T02:38:27Z,-0.647067,Vernon and Cambridge,-0.120209,-0.234925,0.6988101757952584
1186,134,44.941139,-93.170524,2025-03-28T02:38:28Z,-0.119341,Vernon and Cambridge,-0.027284,-0.542424,0.5560669804196253
1187,135,44.941174,-93.1705,2025-03-28T02:38:29Z,0.032119,Vernon and Cambridge,-0.010313,-0.390936,0.3923887666919123
1188,136,44.941211,-93.170481,2025-03-28T02:38:30Z,0.273085,Vernon and Cambridge,0.068822,-0.222807,0.35910283228902556
1189,137,44.941248,-93.170465,2025-03-28T02:38:31Z,0.234667,Vernon and Cambridge,0.060523,-0.189998,0.3079462200157683
1190,138,44.941287,-93.170452,2025-03-28T02:38:32Z,-0.174734,Vernon and Cambridge,-0.010598,0.030577,0.1777054903175476
1191,139,44.941321,-93.170449,2025-03-28T02:38:33Z,-0.80211,Vernon and Cambridge,-0.213057,0.164918,0.8461511000246942
1192,140,44.941349,-93.170439,2025-03-28T02:38:34Z,-0.722058,Vernon and Cambridge,-0.192323,0.329213,0.8165397057473689
1193,141,44.941369,-93.170435,2025-03-28T02:38:35Z,-0.502728,Vernon and Cambridge,-0.125324,0.302845,0.6001305199579504
1194,1,44.939004,-93.177036,2025-03-28T02:56:25Z,0.410563,Lincoln Avenue,-0.058234,0.13931,0.43744765609727526
1195,2,44.939006,-93.176978,2025-03-28T02:56:26Z,0.858499,Lincoln Avenue,0.235043,0.383959,0.9693762213562905
1196,3,44.939006,-93.176919,2025-03-28T02:56:27Z,0.743675,Lincoln Avenue,0.181522,0.415114,0.8708170732737157
1197,4,44.939006,-93.176832,2025-03-28T02:56:28Z,0.661516,Lincoln Avenue,0.155789,0.542091,0.8693309398945834
1198,5,44.939005,-93.176713,2025-03-28T02:56:29Z,0.599471,Lincoln Avenue,0.1319,0.475962,0.7767257658176404
1199,6,44.939005,-93.176609,2025-03-28T02:56:30Z,0.366369,Lincoln Avenue,0.101054,0.385633,0.5414341749151045
1200,7,44.939005,-93.176503,2025-03-28T02:56:31Z,0.08211,Lincoln Avenue,0.084496,0.438719,0.45426422605901956
1201,8,44.939005,-93.176376,2025-03-28T02:56:32Z,-0.092385,Lincoln Avenue,-0.027003,0.461683,0.4716093115312716
1202,9,44.939013,-93.17625,2025-03-28T02:56:33Z,-0.375226,Lincoln Avenue,-0.188764,0.500169,0.6531427312104147
1203,10,44.939014,-93.176125,2025-03-28T02:56:34Z,-0.177686,Lincoln Avenue,0.060624,0.327951,0.37788813473434174
1204,11,44.939015,-93.175999,2025-03-28T02:56:35Z,-0.090807,Lincoln Avenue,0.051381,0.27874,0.2976271257966921
1205,12,44.939017,-93.175868,2025-03-28T02:56:36Z,-0.223246,Lincoln Avenue,-0.11408,0.348768,0.4295254832253844
1206,13,44.939004,-93.175724,2025-03-28T02:56:37Z,-0.560394,Lincoln Avenue,-0.236571,0.573336,0.8358955928661186
1207,14,44.939015,-93.175594,2025-03-28T02:56:38Z,-0.549214,Lincoln Avenue,-0.002239,0.387364,0.6720802775063407
1208,15,44.939019,-93.175467,2025-03-28T02:56:39Z,-0.184858,Lincoln Avenue,-0.039529,0.303955,0.35794366041319964
1209,16,44.939012,-93.175345,2025-03-28T02:56:40Z,-0.251188,Lincoln Avenue,0.057759,0.230286,0.34563442424185703
1210,17,44.939012,-93.175222,2025-03-28T02:56:41Z,-0.026664,Lincoln Avenue,-0.198553,0.111344,0.22919805636392296
1211,18,44.939011,-93.175096,2025-03-28T02:56:42Z,-0.502177,Lincoln Avenue,-0.043713,0.153905,0.5270477347669753
1212,19,44.939013,-93.174961,2025-03-28T02:56:43Z,-0.36205,Lincoln Avenue,-0.089287,0.2602,0.45470475131562016
1213,20,44.939003,-93.174852,2025-03-28T02:56:44Z,-0.898702,Lincoln Avenue,-0.347615,0.400758,1.043603587380285
1214,21,44.939003,-93.174738,2025-03-28T02:56:45Z,-1.350789,Lincoln Avenue,-0.297754,0.466479,1.4597571799713815
1215,22,44.939003,-93.17463,2025-03-28T02:56:46Z,-1.318424,Lincoln Avenue,-0.329073,0.403034,1.4173804317334848
1216,23,44.939011,-93.174552,2025-03-28T02:56:47Z,-1.152403,Lincoln Avenue,-0.267216,0.337609,1.2302101047975504
1217,24,44.939011,-93.174491,2025-03-28T02:56:48Z,-1.18383,Lincoln Avenue,-0.236001,0.315182,1.2475935371846874
1218,25,44.939005,-93.174422,2025-03-28T02:56:49Z,-1.121826,Lincoln Avenue,-0.309602,0.2775,1.1963917513423434
1219,26,44.939008,-93.174416,2025-03-28T02:56:50Z,-0.095316,Lincoln Avenue,0.003008,0.046705000000000003,0.10618636892275769
1220,27,44.939008,-93.17441,2025-03-28T02:56:51Z,1.072084,Lincoln Avenue,0.214549,-0.184964,1.1088764844440522
1221,28,44.939009,-93.174395,2025-03-28T02:56:52Z,1.951727,Lincoln Avenue,0.433158,-0.362129,2.031748396857741
1222,29,44.939007,-93.17436,2025-03-28T02:56:53Z,1.81644,Lincoln Avenue,0.394425,-0.355291,1.8924209491828188
1223,30,44.939008,-93.174285,2025-03-28T02:56:54Z,1.276438,Lincoln Avenue,0.28632,-0.188211,1.3216264565924065
1224,31,44.939009,-93.174202,2025-03-28T02:56:55Z,1.161378,Lincoln Avenue,0.167193,-0.177656,1.1867240675359205
1225,32,44.939011,-93.174114,2025-03-28T02:56:56Z,1.045505,Lincoln Avenue,0.172056,-0.114622,1.0657495836475845
1226,33,44.939013,-93.174011,2025-03-28T02:56:57Z,0.898175,Lincoln Avenue,0.230599,-0.139323,0.9377127106715574
1227,34,44.939014,-93.1739,2025-03-28T02:56:58Z,0.53093,Lincoln Avenue,0.133571,-0.047179,0.549503171039076
1228,35,44.939013,-93.173777,2025-03-28T02:56:59Z,0.148386,Lincoln Avenue,0.035756,0.018578,0.15375967812141125
1229,36,44.939016,-93.173656,2025-03-28T02:57:00Z,-0.086496,Lincoln Avenue,-0.024357,-0.059861,0.10797296321765
1230,37,44.939018,-93.173532,2025-03-28T02:57:01Z,0.081929,Lincoln Avenue,0.098145,-0.054836,0.13911070757493832
1231,38,44.939006,-93.173395,2025-03-28T02:57:02Z,-0.086411,Lincoln Avenue,-0.096467,0.037241,0.134757690285193
1232,39,44.939007,-93.173246,2025-03-28T02:57:03Z,-0.315946,Lincoln Avenue,0.177609,0.066497,0.3684951598135313
1233,40,44.939011,-93.17312,2025-03-28T02:57:04Z,-0.255012,Lincoln Avenue,-0.390796,0.152839,0.49103196808456373
1234,41,44.939021,-93.172979,2025-03-28T02:57:05Z,-0.52277,Lincoln Avenue,0.053933,0.193797,0.5601379460436509
1235,42,44.939019,-93.172867,2025-03-28T02:57:06Z,-0.580346,Lincoln Avenue,-0.070755,0.137318,0.6005530641542012
1236,43,44.939007,-93.172756,2025-03-28T02:57:07Z,-0.606424,Lincoln Avenue,-0.085624,0.085725,0.6184095024957168
1237,44,44.939014,-93.172634,2025-03-28T02:57:08Z,-0.363503,Lincoln Avenue,-0.095232,0.005502,0.3758109056919451
1238,45,44.93902,-93.172536,2025-03-28T02:57:09Z,0.163516,Lincoln Avenue,-0.111455,-0.160834,0.2550044604256953
1239,46,44.939016,-93.172417,2025-03-28T02:57:10Z,-0.045438,Lincoln Avenue,-0.013887,0.176431,0.18271660672746745
1240,47,44.939014,-93.172296,2025-03-28T02:57:11Z,-0.119174,Lincoln Avenue,0.002253,0.141545,0.18504730560048693
1241,48,44.939014,-93.172188,2025-03-28T02:57:12Z,-0.317779,Lincoln Avenue,-0.119357,0.27924,0.43955041109069615
1242,49,44.939016,-93.172074,2025-03-28T02:57:13Z,-0.890106,Lincoln Avenue,-0.185732,0.208378,0.932848571818599
1243,50,44.939011,-93.171984,2025-03-28T02:57:14Z,-0.559789,Lincoln Avenue,-0.243797,0.155991,0.6301856026687693
1244,51,44.939009,-93.171892,2025-03-28T02:57:15Z,-0.486557,Lincoln Avenue,-0.061763,-0.092084,0.49903090633146163
1245,52,44.93901,-93.171813,2025-03-28T02:57:16Z,-1.039318,Lincoln Avenue,-0.207421,0.101029,1.0646183519017507
1246,53,44.939007,-93.171765,2025-03-28T02:57:17Z,-1.515801,Lincoln Avenue,-0.379734,0.275151,1.5866816489636477
1247,54,44.939008,-93.171714,2025-03-28T02:57:18Z,-1.332867,Lincoln Avenue,-0.346914,0.221995,1.395050372965077
1248,55,44.939008,-93.171695,2025-03-28T02:57:19Z,0.0262,Lincoln Avenue,0.006495,-0.005615,0.02757087684496088
1249,56,44.93901,-93.17168,2025-03-28T02:57:20Z,1.121711,Lincoln Avenue,0.228934,-0.28092,1.1787970097845515
1250,57,44.939013,-93.171659,2025-03-28T02:57:21Z,1.870226,Lincoln Avenue,0.443337,-0.324908,1.949322496435364
1251,58,44.939016,-93.171615,2025-03-28T02:57:22Z,1.455512,Lincoln Avenue,0.349422,-0.26682,1.5204617156074662
1252,59,44.93902,-93.171549,2025-03-28T02:57:23Z,1.219221,Lincoln Avenue,0.191736,-0.234442,1.2562744890751385
1253,60,44.939025,-93.171471,2025-03-28T02:57:24Z,1.274728,Lincoln Avenue,0.21593300000000001,-0.309511,1.329419269302954
1254,61,44.939032,-93.171385,2025-03-28T02:57:25Z,1.050344,Lincoln Avenue,0.305144,-0.068033,1.095884970314403
1255,62,44.939038,-93.171281,2025-03-28T02:57:26Z,0.284557,Lincoln Avenue,0.167354,0.117102,0.350275500098137
1256,63,44.939023,-93.171173,2025-03-28T02:57:27Z,-0.119915,Lincoln Avenue,0.072367,0.180453,0.22842914683332335
1257,64,44.939022,-93.171068,2025-03-28T02:57:28Z,0.059533,Lincoln Avenue,-0.136969,0.208719,0.2566482145096669
1258,65,44.939021,-93.170958,2025-03-28T02:57:29Z,0.169007,Lincoln Avenue,0.112369,0.071818,0.2152858177725602
1259,66,44.939021,-93.170849,2025-03-28T02:57:30Z,-0.036879,Lincoln Avenue,-0.026035,0.004983,0.0454170910010758
1260,67,44.939021,-93.170748,2025-03-28T02:57:31Z,-0.182168,Lincoln Avenue,-0.071881,-0.022701,0.19714815187061735
1261,68,44.939029,-93.17063,2025-03-28T02:57:32Z,-0.292068,Lincoln Avenue,-0.061536,0.041487,0.301349576221703
1262,69,44.93903,-93.17051,2025-03-28T02:57:33Z,-0.408227,Lincoln Avenue,-0.171792,0.097874,0.4535869207428715
1263,70,44.939022,-93.170401,2025-03-28T02:57:34Z,-0.724042,Lincoln Avenue,-0.079464,0.178727,0.749996457050965
1264,71,44.93903,-93.170302,2025-03-28T02:57:35Z,-0.715909,Lincoln Avenue,-0.249852,0.098496,0.7646261702302636
1265,72,44.939021,-93.170205,2025-03-28T02:57:36Z,-0.337129,Lincoln Avenue,-0.2278,0.062684,0.41167716295296247
1266,73,44.939027,-93.170127,2025-03-28T02:57:37Z,-0.347095,Lincoln Avenue,-0.004407,0.546402,0.6473403326519984
1267,74,44.939027,-93.170045,2025-03-28T02:57:38Z,-0.338303,Lincoln Avenue,-0.060494,0.389378,0.5193492762380632
1268,75,44.939015,-93.169968,2025-03-28T02:57:39Z,-0.415195,Lincoln Avenue,-0.156488,-0.282699,0.5261122568140757
1269,76,44.93901,-93.169892,2025-03-28T02:57:40Z,-0.840923,Lincoln Avenue,-0.19884,-0.191915,0.885166766634401
1270,77,44.939013,-93.16984,2025-03-28T02:57:41Z,-0.552331,Lincoln Avenue,-0.150824,0.034733,0.5736059569303653
1271,78,44.939012,-93.169787,2025-03-28T02:57:42Z,-1.035724,Lincoln Avenue,-0.262316,0.053979,1.069788586811899
1272,79,44.939011,-93.169759,2025-03-28T02:57:43Z,-0.795364,Lincoln Avenue,-0.190046,0.186032,0.8386472915570644
1273,1,44.941354,-93.169613,2025-03-28T02:33:23Z,-0.398932,Macalester Street,0.057811,-0.376772,0.5517662479066656
1274,2,44.941305,-93.169612,2025-03-28T02:33:24Z,-0.043011,Macalester Street,-0.202166,-0.077536,0.22075522411259038
1275,3,44.941253,-93.16961,2025-03-28T02:33:25Z,0.470629,Macalester Street,0.233479,0.019883,0.525737037663317
1276,4,44.941194,-93.169608,2025-03-28T02:33:26Z,0.30985,Macalester Street,0.1114,-0.004365,0.3292962734757258
1277,5,44.94113,-93.169606,2025-03-28T02:33:27Z,-0.131288,Macalester Street,-0.061949,0.151557,0.20986600914392972
1278,6,44.941065,-93.169604,2025-03-28T02:33:28Z,-0.026553,Macalester Street,-0.026119,0.225605,0.22865887254816944
1279,7,44.940997,-93.169601,2025-03-28T02:33:29Z,-0.016546,Macalester Street,0.021862,0.27408,0.27544793257528727
1280,8,44.940926,-93.169601,2025-03-28T02:33:30Z,-0.114541,Macalester Street,-0.075025,0.37252,0.39688731613141787
1281,9,44.940856,-93.169603,2025-03-28T02:33:31Z,-0.159945,Macalester Street,-0.106162,0.281083,0.34038276419055064
1282,10,44.940783,-93.169599,2025-03-28T02:33:32Z,-0.385281,Macalester Street,-0.020028,0.262309,0.4665282212535486
1283,11,44.940708,-93.169604,2025-03-28T02:33:33Z,-0.480418,Macalester Street,-0.126464,0.250892,0.5565441525018477
1284,12,44.940636,-93.169601,2025-03-28T02:33:34Z,-0.530519,Macalester Street,-0.173669,0.343963,0.6556842809546375
1285,13,44.940566,-93.169601,2025-03-28T02:33:35Z,-0.670045,Macalester Street,-0.139357,0.31694,0.7542092806867335
1286,14,44.9405,-93.1696,2025-03-28T02:33:36Z,-0.618295,Macalester Street,-0.130641,0.371075,0.7328386135644055
1287,15,44.940438,-93.1696,2025-03-28T02:33:37Z,-0.527457,Macalester Street,-0.163466,0.310177,0.6333575540987886
1288,16,44.940381,-93.1696,2025-03-28T02:33:38Z,-0.990205,Macalester Street,-0.266261,0.446716,1.1184614641560076
1289,17,44.940333,-93.169602,2025-03-28T02:33:39Z,-0.718745,Macalester Street,-0.252179,0.886721,1.1689579782468658
1290,18,44.940293,-93.16961,2025-03-28T02:33:40Z,-1.170819,Macalester Street,-0.299884,0.129702,1.215553434868661
1291,19,44.940263,-93.169615,2025-03-28T02:33:41Z,-1.360659,Macalester Street,-0.300084,0.289363,1.4230861769780494
1292,20,44.940245,-93.169614,2025-03-28T02:33:43Z,-0.899715,Macalester Street,-0.250442,0.29577,0.9796367538475678
1293,21,44.940236,-93.169614,2025-03-28T02:33:44Z,0.004739,Macalester Street,0.011929,0.057098,0.058522993481195065
1294,22,44.940229,-93.169615,2025-03-28T02:33:45Z,0.989924,Macalester Street,0.210512,-0.122123,1.019401223782373
1295,23,44.940216,-93.169615,2025-03-28T02:33:46Z,1.744837,Macalester Street,0.316573,-0.26365,1.7928150890144805
1296,24,44.940185,-93.169616,2025-03-28T02:33:47Z,1.152553,Macalester Street,0.527483,-0.301931,1.3029885117908753
1297,25,44.940148,-93.169617,2025-03-28T02:33:48Z,0.939815,Macalester Street,-0.081564,-0.13848,0.9534577236149487
1298,26,44.940102,-93.169616,2025-03-28T02:33:49Z,0.83635,Macalester Street,0.14467,-0.137414,0.859821690117201
1299,27,44.94005,-93.169613,2025-03-28T02:33:50Z,0.925808,Macalester Street,0.178524,-0.199953,0.9638321812686065
1300,28,44.93999,-93.16961,2025-03-28T02:33:51Z,0.498338,Macalester Street,0.374404,-0.004516,0.6233293765867288
1301,29,44.939925,-93.169605,2025-03-28T02:33:52Z,0.712361,Macalester Street,0.11074,-0.018033,0.7211426564903785
1302,30,44.939856,-93.169603,2025-03-28T02:33:53Z,0.462991,Macalester Street,0.049771,0.106054,0.47758273569927123
1303,31,44.939778,-93.169606,2025-03-28T02:33:54Z,0.290839,Macalester Street,0.082196,0.007655,0.30232781109583684
1304,32,44.939699,-93.169604,2025-03-28T02:33:55Z,-0.082743,Macalester Street,-0.082028,0.088019,0.1460217148029703
1305,33,44.939617,-93.169603,2025-03-28T02:33:56Z,-0.182158,Macalester Street,-0.00941,0.094181,0.20528065136539292
1306,34,44.939536,-93.169605,2025-03-28T02:33:57Z,-0.217484,Macalester Street,-0.071073,0.099659,0.2495647768936955
1307,35,44.939454,-93.169609,2025-03-28T02:33:58Z,-0.311397,Macalester Street,0.051355,0.087372,0.32747411198139004
1308,36,44.939372,-93.169608,2025-03-28T02:33:59Z,-0.242617,Macalester Street,-0.176849,-0.020634,0.30093909590812556
1309,37,44.939278,-93.169615,2025-03-28T02:34:00Z,-0.245374,Macalester Street,-0.067734,-0.081668,0.26733117449336136
1310,38,44.939209,-93.169611,2025-03-28T02:34:01Z,-0.36535,Macalester Street,-0.123026,0.154451,0.4152964369904948
1311,39,44.939128,-93.169607,2025-03-28T02:34:02Z,-0.341488,Macalester Street,-0.12193,0.129643,0.3850821814794863
1312,40,44.939047,-93.169606,2025-03-28T02:34:03Z,-0.272397,Macalester Street,-0.123916,0.112012,0.3195340182343658
1313,41,44.938968,-93.169609,2025-03-28T02:34:04Z,-0.269524,Macalester Street,-0.086187,0.130429,0.311581625879961
1314,42,44.938892,-93.169611,2025-03-28T02:34:05Z,-0.375157,Macalester Street,-0.086063,0.178509,0.42428183757851334
1315,43,44.938815,-93.169615,2025-03-28T02:34:06Z,-0.401277,Macalester Street,-0.146613,0.224957,0.48282942572610466
1316,44,44.938746,-93.169616,2025-03-28T02:34:07Z,-0.341438,Macalester Street,-0.109685,0.125384,0.37991032432009536
1317,45,44.938678,-93.169618,2025-03-28T02:34:08Z,-0.385281,Macalester Street,-0.067385,0.008279,0.39121698458400295
1318,46,44.938615,-93.169621,2025-03-28T02:34:09Z,-0.474726,Macalester Street,-0.100267,-0.003709,0.4852133582724202
1319,47,44.938551,-93.169619,2025-03-28T02:34:10Z,-0.625954,Macalester Street,-0.303457,0.084116,0.7006996948914707
1320,48,44.938495,-93.169618,2025-03-28T02:34:11Z,-0.657397,Macalester Street,-0.033537,0.187749,0.6845036398581091
1321,49,44.938445,-93.169619,2025-03-28T02:34:12Z,-0.445751,Macalester Street,-0.075177,0.917744,1.0230344983752993
1322,50,44.938401,-93.169627,2025-03-28T02:34:13Z,-0.279147,Macalester Street,0.01704,1.673496,1.696703353926372
1323,51,44.938365,-93.169624,2025-03-28T02:34:14Z,-0.18348,Macalester Street,-0.119087,1.501353,1.5172038276309483
1324,52,44.93834,-93.169699,2025-03-28T02:34:15Z,0.193367,Macalester Street,-0.094144,1.64993,1.663887885142806
1325,53,44.938329,-93.169754,2025-03-28T02:34:16Z,0.375838,Macalester Street,0.010468,0.86072,0.9392564610733322
1326,54,44.938329,-93.169819,2025-03-28T02:34:17Z,0.077139,Macalester Street,0.001509,0.215665,0.22905041939931042
1327,55,44.938335,-93.169887,2025-03-28T02:34:18Z,-0.399258,Macalester Street,-0.02945,-0.546368,0.677342043939397
1328,56,44.938341,-93.169957,2025-03-28T02:34:19Z,-0.463627,Macalester Street,-0.122371,-0.703817,0.8516355008212141
1329,57,44.938343,-93.17003,2025-03-28T02:34:20Z,-0.431282,Macalester Street,-0.100856,-0.416876,0.6082447662216256
1330,58,44.938345,-93.170103,2025-03-28T02:34:21Z,-0.555653,Macalester Street,-0.074188,-0.547535,0.7836125904922661
1331,59,44.938343,-93.170175,2025-03-28T02:34:22Z,-0.611715,Macalester Street,-0.114091,-0.788904,1.0047793383235943
1332,60,44.938338,-93.170243,2025-03-28T02:34:23Z,-0.226419,Macalester Street,-0.051098,-0.581476,0.626091772618839
1333,61,44.938329,-93.170313,2025-03-28T02:34:24Z,-0.230804,Macalester Street,-0.115511,1.54e-4,0.2580955273789145
1334,62,44.938323,-93.170385,2025-03-28T02:34:25Z,-0.568169,Macalester Street,-0.104388,-0.279537,0.64175836689053
1335,63,44.938319,-93.17045,2025-03-28T02:34:26Z,-0.700414,Macalester Street,-0.119515,-1.381536,1.5535460488562933
1336,64,44.938305,-93.170514,2025-03-28T02:34:27Z,-0.826537,Macalester Street,-0.203155,-2.419674,2.565006361136362
1337,65,44.938316,-93.170563,2025-03-28T02:34:28Z,-0.303425,Macalester Street,-0.103274,-1.569172,1.6015720449873618
1338,66,44.938227,-93.170597,2025-03-28T02:34:29Z,0.113644,Macalester Street,0.029153,-1.229348,1.2349337477164515
1339,67,44.938178,-93.17062,2025-03-28T02:34:30Z,0.077055,Macalester Street,0.186501,-0.798945,0.8240347134987701
1340,68,44.938122,-93.170633,2025-03-28T02:34:31Z,-0.280162,Macalester Street,-0.082684,-0.265821,0.39495340755714464
1341,69,44.938068,-93.170638,2025-03-28T02:34:32Z,-0.749699,Macalester Street,-0.129895,0.175943,0.780946375159652
1342,70,44.938022,-93.170637,2025-03-28T02:34:33Z,-1.128474,Macalester Street,-0.31788,0.354016,1.224674892096674
1343,71,44.937985,-93.170639,2025-03-28T02:34:34Z,-0.950152,Macalester Street,-0.260565,0.412084,1.0679401506568615
1344,72,44.937957,-93.170638,2025-03-28T02:34:35Z,-1.394225,Macalester Street,-0.372344,0.404713,1.4987648305621533
1345,73,44.937944,-93.170637,2025-03-28T02:34:36Z,-0.402783,Macalester Street,-0.104182,0.285591,0.5046288274504341
1346,74,44.937935,-93.170636,2025-03-28T02:34:37Z,0.218359,Macalester Street,-0.041571,0.153353,0.27004803930226934
1347,75,44.937923,-93.170634,2025-03-28T02:34:38Z,0.784521,Macalester Street,0.251278,0.013025,0.823883173362583
1348,76,44.9379,-93.170632,2025-03-28T02:34:39Z,0.826925,Macalester Street,0.156207,0.119897,0.8500475710705843
1349,77,44.937873,-93.170632,2025-03-28T02:34:40Z,0.850038,Macalester Street,0.153037,0.098058,0.869252722847044
1350,78,44.937838,-93.170632,2025-03-28T02:34:41Z,0.613042,Macalester Street,0.149244,0.136805,0.6456081422387732
1351,79,44.9378,-93.170631,2025-03-28T02:34:42Z,0.566329,Macalester Street,0.141838,0.031853,0.5846889498647977
1352,80,44.937757,-93.170632,2025-03-28T02:34:43Z,0.591596,Macalester Street,0.176194,0.052848,0.6195345542873295
1353,81,44.937707,-93.170631,2025-03-28T02:34:44Z,0.215741,Macalester Street,0.230747,0.071445,0.3238714947552501
1354,82,44.937653,-93.17063,2025-03-28T02:34:45Z,0.019382,Macalester Street,0.058758,0.085056,0.10517931176804685
1355,83,44.9376,-93.170626,2025-03-28T02:34:46Z,-0.022811,Macalester Street,-0.046559,-0.012749,0.05339119031263491
1356,84,44.937548,-93.170622,2025-03-28T02:34:47Z,-0.040697,Macalester Street,-0.02891,-0.144772,0.1531370820311005
1357,85,44.937493,-93.170616,2025-03-28T02:34:48Z,-0.470878,Macalester Street,-0.104076,-0.041618,0.48403508404246903
1358,86,44.937441,-93.170607,2025-03-28T02:34:49Z,-0.742391,Macalester Street,-0.204396,0.325597,0.8360236408774575
1359,87,44.937397,-93.170599,2025-03-28T02:34:50Z,-1.075005,Macalester Street,-0.37202,0.501859,1.243341098132769
1360,88,44.937363,-93.170595,2025-03-28T02:34:51Z,-1.319105,Macalester Street,-0.356785,0.366678,1.4148449713427969
1361,89,44.937339,-93.170597,2025-03-28T02:34:52Z,-0.74533,Macalester Street,-0.264205,0.232582,0.824266630192561
1362,90,44.937327,-93.170601,2025-03-28T02:34:53Z,-0.028814,Macalester Street,0.131438,-0.088152,0.16086320133579338
1363,91,44.937306,-93.170597,2025-03-28T02:34:54Z,0.437352,Macalester Street,-0.050655,0.164034,0.4698402431518612
1364,92,44.937283,-93.170595,2025-03-28T02:34:55Z,0.763399,Macalester Street,0.20535,-0.115111,0.7988724541639923
1365,93,44.937254,-93.170593,2025-03-28T02:34:56Z,0.626872,Macalester Street,0.127239,0.012084,0.6397689352891401
1366,94,44.937222,-93.170592,2025-03-28T02:34:57Z,0.660675,Macalester Street,0.108797,-0.106166,0.6779376537632351
1367,95,44.937184,-93.170593,2025-03-28T02:34:58Z,0.687391,Macalester Street,0.174104,-0.070001,0.7125438440531221
1368,96,44.937141,-93.170592,2025-03-28T02:34:59Z,0.739006,Macalester Street,0.131387,-0.131208,0.7619763454786508
1369,97,44.937089,-93.170587,2025-03-28T02:35:00Z,0.497478,Macalester Street,0.140652,-0.131193,0.5333656802204281
1370,98,44.937031,-93.170587,2025-03-28T02:35:01Z,0.121172,Macalester Street,-8.58e-4,-0.008046,0.12144187030839075
1371,99,44.936972,-93.170589,2025-03-28T02:35:02Z,-0.556565,Macalester Street,-0.151548,0.060833,0.5800276281505907
1372,100,44.936918,-93.170591,2025-03-28T02:35:03Z,-1.298805,Macalester Street,-0.336651,0.222241,1.360007127153016
1373,101,44.93688,-93.17059,2025-03-28T02:35:04Z,-1.139784,Macalester Street,-0.264034,0.124498,1.176571830283217
1374,102,44.93685,-93.17059,2025-03-28T02:35:05Z,-1.210296,Macalester Street,-0.208355,0.155231,1.2378711067805082
1375,103,44.936834,-93.170587,2025-03-28T02:35:06Z,0.09248,Macalester Street,0.079975,-0.044634,0.1301566171233718
1376,104,44.936813,-93.170585,2025-03-28T02:35:06Z,0.442681,Macalester Street,-0.0055,-0.320549,0.5465787950167844
1377,105,44.936787,-93.170581,2025-03-28T02:35:07Z,0.90264,Macalester Street,0.202313,-0.317283,0.9779355917738142
1378,106,44.936755,-93.170575,2025-03-28T02:35:08Z,0.749131,Macalester Street,0.204874,-0.547204,0.9500541188021869
1379,107,44.936719,-93.170559,2025-03-28T02:35:09Z,0.623296,Macalester Street,0.187237,-0.569581,0.8648572791773218
1380,108,44.936676,-93.170532,2025-03-28T02:35:10Z,0.535828,Macalester Street,0.192586,-0.631576,0.850346550975542
1381,109,44.936628,-93.170497,2025-03-28T02:35:11Z,-0.079801,Macalester Street,-0.02935,-0.418049,0.42660823773340334
1382,110,44.936585,-93.170455,2025-03-28T02:35:12Z,-0.467322,Macalester Street,-0.105784,-0.288492,0.5592921780286222
1383,111,44.936545,-93.170411,2025-03-28T02:35:13Z,-0.573135,Macalester Street,-0.179718,0.531893,0.8023044629054483
1384,112,44.936508,-93.170371,2025-03-28T02:35:14Z,-0.447147,Macalester Street,-0.11601,1.095804,1.1891951757911736
1385,113,44.936474,-93.170341,2025-03-28T02:35:15Z,-0.524786,Macalester Street,-0.306417,1.293688,1.4293076523369628
1386,114,44.93644,-93.170324,2025-03-28T02:35:16Z,-1.2639,Macalester Street,-0.272392,0.927198,1.591017518089603
1387,115,44.936419,-93.170322,2025-03-28T02:35:17Z,-0.707701,Macalester Street,-0.233037,0.142866,0.7586551540232228
1388,116,44.936404,-93.170321,2025-03-28T02:35:18Z,0.019565,Macalester Street,-0.101373,-0.033593,0.10857146956268024
1389,117,44.936386,-93.170321,2025-03-28T02:35:19Z,0.41646,Macalester Street,0.249574,-0.110143,0.4978529838466372
1390,118,44.936367,-93.17032,2025-03-28T02:35:20Z,1.001674,Macalester Street,0.173127,-0.264994,1.0504977774564779
1391,119,44.936335,-93.170322,2025-03-28T02:35:21Z,0.927269,Macalester Street,0.246886,-0.203304,0.9808735962258338
1392,120,44.936296,-93.170325,2025-03-28T02:35:22Z,0.807919,Macalester Street,0.211301,-0.286968,0.8830242670425316
1393,121,44.936252,-93.170325,2025-03-28T02:35:23Z,0.724004,Macalester Street,0.094861,-0.248649,0.7713667911817309
1394,122,44.936199,-93.170326,2025-03-28T02:35:24Z,0.567232,Macalester Street,0.18623,-0.234376,0.6413780976148157
1395,123,44.936139,-93.170329,2025-03-28T02:35:25Z,0.515254,Macalester Street,0.072827,-0.212307,0.5620184326994979
1396,124,44.936073,-93.17033,2025-03-28T02:35:26Z,0.375004,Macalester Street,0.180766,-0.175157,0.4516462348132662
1397,125,44.936001,-93.17033,2025-03-28T02:35:27Z,0.208894,Macalester Street,0.070804,-0.155275,0.2697410522649454
1398,126,44.935924,-93.17033,2025-03-28T02:35:28Z,0.118731,Macalester Street,-0.0916,-0.159713,0.21907955799206824
1399,127,44.935845,-93.170329,2025-03-28T02:35:29Z,0.053599,Macalester Street,0.02729,-0.109716,0.12512073192321085
1400,128,44.935762,-93.170328,2025-03-28T02:35:30Z,-0.449204,Macalester Street,-0.049417,0.088863,0.4605680256748182
1401,129,44.935681,-93.17033,2025-03-28T02:35:31Z,-0.587871,Macalester Street,-0.074077,0.088144,0.5990401316322639
1402,130,44.935604,-93.170329,2025-03-28T02:35:33Z,-0.516736,Macalester Street,-0.16795,0.022166,0.5437964947956174
1403,131,44.935529,-93.170329,2025-03-28T02:35:34Z,-0.332111,Macalester Street,-0.141308,0.079251,0.36952183722481136
1404,132,44.935452,-93.17033,2025-03-28T02:35:35Z,-0.080585,Macalester Street,-0.067686,-0.04186,0.11325897942768158
1405,133,44.935376,-93.170331,2025-03-28T02:35:36Z,-0.120866,Macalester Street,0.008059,-0.066214,0.13805010406732768
1406,134,44.935299,-93.17033,2025-03-28T02:35:37Z,-0.333979,Macalester Street,-0.078001,-0.038622,0.34513444818794897
1407,135,44.935221,-93.17033,2025-03-28T02:35:38Z,-0.438341,Macalester Street,-0.094799,0.046799,0.45091000109001794
1408,136,44.935148,-93.170329,2025-03-28T02:35:39Z,-0.5887,Macalester Street,-0.169174,0.116999,0.6235994694329045
1409,137,44.935078,-93.170328,2025-03-28T02:35:40Z,-1.177726,Macalester Street,-0.239421,0.25094,1.2277344297188215
1410,138,44.935021,-93.170325,2025-03-28T02:35:41Z,-1.908948,Macalester Street,-0.506698,0.355561,2.00680067635752
1411,139,44.93498,-93.170326,2025-03-28T02:35:42Z,-1.807871,Macalester Street,-0.453872,0.329364,1.8928491724173375
1412,140,44.934958,-93.170326,2025-03-28T02:35:43Z,-0.7883,Macalester Street,-0.202431,0.10431699999999999,0.8205347258038505
1413,141,44.934946,-93.170331,2025-03-28T02:35:44Z,-0.060386,Macalester Street,0.108097,0.058807,0.13707550347892217
1414,142,44.934932,-93.170328,2025-03-28T02:35:45Z,0.672455,Macalester Street,0.040673,-0.224035,0.7099589433051745
1415,143,44.934911,-93.170331,2025-03-28T02:35:46Z,1.175929,Macalester Street,0.304206,-0.275653,1.2455259450874558
1416,144,44.934882,-93.17033,2025-03-28T02:35:47Z,1.186431,Macalester Street,0.272925,-0.340716,1.2641969648919429
1417,145,44.934844,-93.170336,2025-03-28T02:35:48Z,1.175184,Macalester Street,0.233961,-0.286432,1.2320058741747135
1418,146,44.934798,-93.170338,2025-03-28T02:35:49Z,1.002788,Macalester Street,0.281346,-0.269648,1.0758482181813567
1419,147,44.934743,-93.170336,2025-03-28T02:35:50Z,0.327292,Macalester Street,0.072019,-0.059457,0.34035558534274124
1420,148,44.934686,-93.170336,2025-03-28T02:35:51Z,-0.032815,Macalester Street,-0.004885,-0.040125,0.052064412749977314
1421,149,44.93463,-93.170332,2025-03-28T02:35:52Z,-0.09119,Macalester Street,-0.016057,-0.047602,0.10411240921715335
1422,150,44.934579,-93.170332,2025-03-28T02:35:53Z,-0.252434,Macalester Street,-0.067954,-0.022846,0.26241686338343423
1423,151,44.93453,-93.170329,2025-03-28T02:35:54Z,-0.790113,Macalester Street,-0.202979,0.110301,0.8231921633561631
1424,152,44.934488,-93.170327,2025-03-28T02:35:55Z,-1.224776,Macalester Street,-0.291172,0.209775,1.2762691465302294
1425,153,44.934458,-93.170325,2025-03-28T02:35:56Z,-1.207827,Macalester Street,-0.301407,0.207676,1.2620703477041206
1426,154,44.934443,-93.170324,2025-03-28T02:35:57Z,-0.381052,Macalester Street,-0.078088,0.067706,0.39481953457750796
